2026-03-15 13:38:03,577 [INFO] __main__: Configuration loaded from config/prompt_diff_qwen2.5.yaml
2026-03-15 13:38:06,284 [INFO] src.scheduler: Detected 8 usable GPUs (min_free=20.0 GB).
2026-03-15 13:38:06,343 [INFO] src.model: Loading tokenizer from /root/share/models/Qwen2.5-32B-Instruct
2026-03-15 13:38:06,731 [INFO] src.model: Loading model from /root/share/models/Qwen2.5-32B-Instruct (dtype=bfloat16)
2026-03-15 13:41:00,768 [INFO] src.model: Model loaded. Parameters: 32,763,876,352
2026-03-15 13:41:01,225 [INFO] src.prompts: Loaded 1085 prompts from prompt/extracted_prompts.json.
2026-03-15 13:41:25,769 [INFO] src.sweep: jsonfile mode: 1085 prompts, token counts: [270, 7379, 10159, 11230, 14837, 289, 2233, 3422, 4218, 5443, 6044, 7772, 7913, 9497, 12339, 12555, 15469, 15685, 18592, 18808, 275, 1781, 2577, 4417, 6001, 7594, 8276, 11204, 12662, 14046, 18100, 19510, 24727, 25812, 27338, 267, 1536, 3001, 4318, 4452, 6077, 7015, 8549, 10449, 10669, 11475, 11590, 11690, 13087, 14340, 282, 596, 1853, 2434, 3267, 3793, 4031, 4406, 4449, 6259, 7161, 7366, 7883, 8508, 9053, 297, 899, 965, 1018, 1151, 1269, 3216, 3357, 3995, 6458, 7279, 9910, 10631, 11156, 13832, 276, 2614, 4293, 5632, 6933, 8703, 8837, 10617, 13307, 13852, 15832, 17246, 19224, 21218, 23199, 258, 1223, 1824, 2529, 2985, 276, 385, 650, 720, 2116, 2393, 3516, 4729, 5558, 5837, 6064, 6788, 6857, 7599, 8190, 271, 1438, 2900, 5199, 7536, 9976, 12424, 14236, 15820, 16823, 18322, 21179, 23798, 25390, 27352, 304, 906, 2180, 3058, 4102, 5011, 6548, 6852, 8185, 9529, 10380, 10544, 12089, 14889, 17687, 273, 2045, 4234, 7069, 10389, 14289, 17317, 20791, 24336, 28652, 32344, 39791, 44744, 48975, 54071, 279, 386, 648, 717, 804, 885, 2244, 2302, 2367, 3579, 3726, 6223, 276, 1166, 1224, 2075, 3306, 3371, 4318, 4459, 5537, 8967, 9649, 13216, 17898, 18364, 18430, 273, 392, 459, 536, 803, 894, 1296, 1351, 1434, 1548, 2420, 3145, 4315, 288, 613, 691, 721, 765, 1190, 1279, 1340, 1589, 1641, 1676, 1763, 5001, 173419, 173615, 282, 390, 477, 564, 668, 3267, 3481, 4021, 4512, 5066, 5262, 5846, 6147, 6685, 6936, 343, 2675, 3633, 4246, 6188, 7245, 8456, 10864, 13199, 312, 9428, 10302, 15731, 16714, 22668, 24221, 35224, 275, 1515, 2534, 251, 718, 881, 1032, 284, 641, 719, 778, 845, 937, 1699, 3913, 4293, 4458, 4489, 4517, 5698, 7857, 8620, 286, 2526, 4382, 6732, 9282, 12371, 13761, 16435, 18701, 19479, 22127, 24709, 25009, 279, 402, 472, 557, 836, 1465, 2274, 2392, 3933, 5504, 6107, 7070, 8209, 8785, 9945, 281, 587, 3396, 5024, 7415, 9076, 12005, 13465, 14155, 15533, 19642, 21140, 24360, 25786, 31330, 268, 2898, 41146, 42062, 42733, 44654, 47902, 48605, 49722, 50647, 334, 501, 564, 826, 899, 985, 1065, 1387, 1678, 1970, 2148, 2372, 2727, 2909, 3151, 269, 383, 451, 725, 795, 873, 1274, 1336, 1403, 1462, 3622, 6604, 7978, 8400, 8479, 304, 1256, 1520, 2352, 2791, 3223, 3700, 4608, 7327, 8104, 8554, 8925, 9402, 10000, 11876, 274, 1736, 2134, 169348, 169748, 253485, 295, 3240, 4017, 4717, 7803, 9658, 12897, 15825, 18491, 22104, 22234, 25924, 26783, 27493, 27910, 293, 413, 475, 737, 805, 892, 1789, 1975, 3165, 3214, 3325, 3480, 3678, 3756, 3835, 373, 1779, 2025, 3904, 6234, 9715, 11244, 13795, 15919, 19088, 23838, 25601, 27659, 29717, 31775, 337, 513, 774, 852, 2272, 2357, 2430, 3098, 3693, 3757, 5059, 6600, 7344, 299, 1233, 1310, 1391, 1483, 1619, 1823, 2100, 3200, 6259, 7601, 8927, 10278, 11963, 14126, 265, 1039, 1149, 15309, 16400, 17006, 18206, 31733, 33509, 34591, 34711, 36242, 40063, 41495, 55919, 297, 425, 488, 558, 825, 892, 974, 1122, 1910, 2107, 2569, 2900, 2932, 2960, 3103, 281, 965, 1584, 2103, 3551, 5620, 8622, 9610, 14966, 24153, 26728, 28329, 29244, 30095, 30695, 309, 842, 1350, 1757, 245, 576, 686, 743, 819, 900, 1151, 1186, 1257, 1436, 251, 803, 2001, 3575, 5978, 6966, 8383, 10109, 11139, 12867, 14316, 14440, 15848, 17597, 18790, 264, 1272, 2572, 3364, 4688, 5440, 6320, 6634, 7476, 8449, 9433, 10284, 11201, 11935, 13231, 307, 1037, 2930, 4157, 5506, 8024, 9946, 11039, 12715, 14583, 14697, 17116, 18993, 20661, 22309, 302, 3618, 3814, 3906, 4193, 4320, 4392, 4426, 28824, 28957, 29023, 29125, 29155, 29253, 29302, 288, 7838, 10510, 15496, 21688, 26246, 31741, 34975, 38334, 56837, 273, 2596, 8607, 12833, 22351, 24824, 28636, 30513, 38748, 41211, 41642, 44078, 53199, 55776, 271, 1221, 2327, 122598, 123671, 125161, 127677, 128900, 130673, 132203, 134717, 136383, 138824, 141338, 144307, 334, 2008, 3013, 5586, 7328, 9335, 304, 1885, 3565, 5497, 7769, 9454, 10906, 14739, 16502, 20778, 22875, 25555, 27799, 30692, 34424, 267, 938, 1419, 3153, 3374, 4278, 4661, 5581, 8091, 9356, 11468, 12393, 13795, 15460, 15685, 290, 743, 1173, 1847, 1966, 2093, 2930, 3739, 4913, 5106, 6127, 6245, 7575, 9479, 9858, 292, 1106, 3367, 3852, 4555, 4691, 5274, 5422, 6167, 6310, 7410, 7480, 8687, 11709, 12506, 293, 1498, 3114, 4866, 5229, 261, 608, 1356, 1915, 3818, 6265, 8850, 12386, 15020, 17672, 20021, 22529, 25122, 27471, 30077, 300, 1243, 1630, 1742, 4194, 7896, 12836, 18946, 25706, 26739, 292, 1181, 2177, 2879, 4226, 4643, 4793, 6015, 8645, 12451, 17377, 23521, 25419, 26158, 33496, 295, 1772, 2539, 3498, 3922, 4087, 5685, 5796, 5902, 7476, 8829, 10170, 11067, 12768, 14165, 306, 1324, 4067, 6019, 8043, 11279, 14751, 15949, 16072, 18751, 21386, 23641, 26174, 28508, 31253, 287, 1642, 3164, 4925, 6653, 7228, 8798, 9513, 10302, 10951, 11811, 12522, 13978, 14638, 15229, 300, 1035, 1207, 2294, 4887, 8674, 8744, 9971, 15786, 17093, 18036, 19173, 20475, 22124, 27153, 310, 1892, 2093, 4115, 4188, 4278, 5668, 5996, 6267, 6950, 7038, 7650, 7738, 8539, 9251, 254, 1655, 3299, 262, 589, 654, 696, 819, 892, 3492, 42031, 45435, 46140, 46191, 46229, 46267, 46303, 47443, 312, 4856, 8147, 14589, 18488, 23673, 25636, 29231, 271, 1887, 4025, 8938, 12711, 18792, 22828, 28279, 29873, 34523, 38005, 41209, 45875, 296, 502, 884, 11499, 11956, 12013, 14982, 15498, 26278, 27894, 29524, 30126, 41028, 41101, 41926, 282, 656, 1797, 2317, 2501, 3364, 3666, 3811, 4048, 4108, 331, 2030, 2300, 2701, 4629, 5708, 6121, 7241, 8426, 8866, 10124, 11239, 13128, 14470, 15823, 268, 1643, 4158, 5239, 7189, 9647, 10690, 11685, 12521, 13406, 14033, 15008, 15616, 16758, 17718, 262, 398, 461, 570, 645, 905, 1161, 1211, 4148, 323, 717, 783, 853, 911, 994, 1160, 1492, 1539, 1568, 3382, 4304, 7155, 7698, 8889, 283, 605, 894, 946, 1360, 1434, 14293, 14383, 27238, 27434, 28035, 28892, 29097, 29125, 29832, 332, 1049, 2200, 3168, 4635, 5940, 7260, 8829, 11231, 14288, 16464, 19537, 22232, 24933, 27634, 256, 350, 621, 703, 772, 1472, 1658, 2664, 2817, 3274, 3669, 4679, 4770, 6211, 6442, 268, 1150, 1620, 2642, 3509, 4069, 5483, 5851, 8589, 9333, 10225, 11144, 15110, 15620, 16332, 266, 1122, 1973, 2485, 5907, 9653, 12864, 16282, 18700, 20994, 24265, 27364, 30463, 33562, 36661, 337, 1861, 2480, 3773, 7321, 9169, 9434, 10447, 11548, 12085, 12429, 13498, 13763, 14474, 15016, 268, 408, 467, 552, 821, 1043, 1159, 1216, 18313, 267, 568, 1667, 2438, 3751, 3818, 4038, 4117, 4620, 5585, 6859, 6943, 7468, 7543, 8520, 266, 822, 1123, 1390, 293, 5613, 6790, 10239, 14280, 15194, 19616, 20785, 285, 1649, 3170, 4519, 6949, 7745, 8157, 11917, 12111, 12835, 13649, 15161, 15597, 16545, 17502, 285, 3926, 5472, 12047, 14073, 17024, 263, 1212, 2699, 3758, 9504, 10934, 11114, 12589, 14234, 15888, 17136, 19241, 20288, 21091, 21604, 268, 1221, 2526, 3923, 5443, 6802, 7629, 8591, 9836, 11081, 12326, 13571, 14816, 16061, 17306]
2026-03-15 13:41:25,770 [INFO] src.sweep: Triplet mode: 85 chains, 1085 total prompts.
2026-03-15 13:41:25,775 [INFO] src.sweep: Built 915 triplet jobs from 85 chains.
2026-03-15 13:41:25,775 [INFO] src.sweep: Starting sweep: 915 experiments.
2026-03-15 13:41:25,776 [INFO] src.sweep: [1/915] Running triplet d880639366c33e4c — chain=subagent-034ad88e triplet=0 (prompts 0→1→2)
2026-03-15 13:41:41,803 [INFO] src.sweep: [2/915] Running triplet bc4ae55a72593f6d — chain=subagent-034ad88e triplet=1 (prompts 1→2→3)
2026-03-15 13:42:04,742 [INFO] src.sweep: [3/915] Running triplet 2b267d068337a51a — chain=subagent-034ad88e triplet=2 (prompts 2→3→4)
2026-03-15 13:42:06,765 [ERROR] src.sweep: Triplet experiment 2b267d068337a51a failed.
Traceback (most recent call last):
  File "/root/context/ActivationPerturbationAnalysis/src/sweep.py", line 283, in run_sweep
    records = run_triplet_experiment(
  File "/root/context/ActivationPerturbationAnalysis/src/experiment.py", line 299, in run_triplet_experiment
    full_hidden = extract_hidden_states(model, triplet.seq_full_ids)
  File "/usr/local/lib/python3.10/dist-packages/torch/utils/_contextlib.py", line 116, in decorate_context
    return func(*args, **kwargs)
  File "/root/context/ActivationPerturbationAnalysis/src/model.py", line 95, in extract_hidden_states
    outputs = model(input_ids=input_ids, output_hidden_states=True)
  File "/usr/local/lib/python3.10/dist-packages/torch/nn/modules/module.py", line 1751, in _wrapped_call_impl
    return self._call_impl(*args, **kwargs)
  File "/usr/local/lib/python3.10/dist-packages/torch/nn/modules/module.py", line 1762, in _call_impl
    return forward_call(*args, **kwargs)
  File "/usr/local/lib/python3.10/dist-packages/accelerate/hooks.py", line 175, in new_forward
    output = module._old_forward(*args, **kwargs)
  File "/usr/local/lib/python3.10/dist-packages/transformers/utils/generic.py", line 965, in wrapper
    output = func(self, *args, **kwargs)
  File "/usr/local/lib/python3.10/dist-packages/transformers/utils/deprecation.py", line 172, in wrapped_func
    return func(*args, **kwargs)
  File "/usr/local/lib/python3.10/dist-packages/transformers/models/qwen2/modeling_qwen2.py", line 823, in forward
    outputs: BaseModelOutputWithPast = self.model(
  File "/usr/local/lib/python3.10/dist-packages/torch/nn/modules/module.py", line 1751, in _wrapped_call_impl
    return self._call_impl(*args, **kwargs)
  File "/usr/local/lib/python3.10/dist-packages/torch/nn/modules/module.py", line 1762, in _call_impl
    return forward_call(*args, **kwargs)
  File "/usr/local/lib/python3.10/dist-packages/transformers/utils/generic.py", line 965, in wrapper
    output = func(self, *args, **kwargs)
  File "/usr/local/lib/python3.10/dist-packages/transformers/models/qwen2/modeling_qwen2.py", line 549, in forward
    layer_outputs = decoder_layer(
  File "/usr/local/lib/python3.10/dist-packages/torch/nn/modules/module.py", line 1751, in _wrapped_call_impl
    return self._call_impl(*args, **kwargs)
  File "/usr/local/lib/python3.10/dist-packages/torch/nn/modules/module.py", line 1762, in _call_impl
    return forward_call(*args, **kwargs)
  File "/usr/local/lib/python3.10/dist-packages/accelerate/hooks.py", line 175, in new_forward
    output = module._old_forward(*args, **kwargs)
  File "/usr/local/lib/python3.10/dist-packages/transformers/models/qwen2/modeling_qwen2.py", line 262, in forward
    hidden_states, self_attn_weights = self.self_attn(
  File "/usr/local/lib/python3.10/dist-packages/torch/nn/modules/module.py", line 1751, in _wrapped_call_impl
    return self._call_impl(*args, **kwargs)
  File "/usr/local/lib/python3.10/dist-packages/torch/nn/modules/module.py", line 1762, in _call_impl
    return forward_call(*args, **kwargs)
  File "/usr/local/lib/python3.10/dist-packages/accelerate/hooks.py", line 175, in new_forward
    output = module._old_forward(*args, **kwargs)
  File "/usr/local/lib/python3.10/dist-packages/transformers/models/qwen2/modeling_qwen2.py", line 194, in forward
    attn_output, attn_weights = attention_interface(
  File "/usr/local/lib/python3.10/dist-packages/transformers/models/qwen2/modeling_qwen2.py", line 127, in eager_attention_forward
    attn_weights = nn.functional.softmax(attn_weights, dim=-1, dtype=torch.float32).to(query.dtype)
  File "/usr/local/lib/python3.10/dist-packages/torch/nn/functional.py", line 2142, in softmax
    ret = input.softmax(dim, dtype=dtype)
torch.OutOfMemoryError: CUDA out of memory. Tried to allocate 32.80 GiB. GPU 0 has a total capacity of 79.32 GiB of which 14.09 GiB is free. Process 3393538 has 65.21 GiB memory in use. Of the allocated memory 64.56 GiB is allocated by PyTorch, and 161.13 MiB is reserved by PyTorch but unallocated. If reserved but unallocated memory is large try setting PYTORCH_CUDA_ALLOC_CONF=expandable_segments:True to avoid fragmentation.  See documentation for Memory Management  (https://pytorch.org/docs/stable/notes/cuda.html#environment-variables)
2026-03-15 13:42:06,767 [INFO] src.sweep: [4/915] Running triplet d7fc1be12e6c57ea — chain=subagent-0c71c49d triplet=0 (prompts 5→6→7)
2026-03-15 13:42:09,537 [INFO] src.sweep: [5/915] Running triplet 33ffd0da585d6522 — chain=subagent-0c71c49d triplet=1 (prompts 6→7→8)
2026-03-15 13:42:14,180 [INFO] src.sweep: [6/915] Running triplet 66a9b08549d44abd — chain=subagent-0c71c49d triplet=2 (prompts 7→8→9)
2026-03-15 13:42:22,616 [INFO] src.sweep: [7/915] Running triplet d8293601f5aad280 — chain=subagent-0c71c49d triplet=3 (prompts 8→9→10)
2026-03-15 13:42:31,246 [INFO] src.sweep: [8/915] Running triplet c682f3a86ff3ca79 — chain=subagent-0c71c49d triplet=4 (prompts 9→10→11)
2026-03-15 13:42:46,522 [INFO] src.sweep: [9/915] Running triplet 73b017d0ae9524b4 — chain=subagent-0c71c49d triplet=5 (prompts 10→11→12)
2026-03-15 13:43:01,807 [INFO] src.sweep: [10/915] Running triplet ff5cbd8c7995162d — chain=subagent-0c71c49d triplet=6 (prompts 11→12→13)
2026-03-15 13:43:23,956 [INFO] src.sweep: [11/915] Running triplet 344ff3a90ecc6dfe — chain=subagent-0c71c49d triplet=7 (prompts 12→13→14)
2026-03-15 13:43:25,764 [ERROR] src.sweep: Triplet experiment 344ff3a90ecc6dfe failed.
Traceback (most recent call last):
  File "/root/context/ActivationPerturbationAnalysis/src/sweep.py", line 283, in run_sweep
    records = run_triplet_experiment(
  File "/root/context/ActivationPerturbationAnalysis/src/experiment.py", line 299, in run_triplet_experiment
    full_hidden = extract_hidden_states(model, triplet.seq_full_ids)
  File "/usr/local/lib/python3.10/dist-packages/torch/utils/_contextlib.py", line 116, in decorate_context
    return func(*args, **kwargs)
  File "/root/context/ActivationPerturbationAnalysis/src/model.py", line 95, in extract_hidden_states
    outputs = model(input_ids=input_ids, output_hidden_states=True)
  File "/usr/local/lib/python3.10/dist-packages/torch/nn/modules/module.py", line 1751, in _wrapped_call_impl
    return self._call_impl(*args, **kwargs)
  File "/usr/local/lib/python3.10/dist-packages/torch/nn/modules/module.py", line 1762, in _call_impl
    return forward_call(*args, **kwargs)
  File "/usr/local/lib/python3.10/dist-packages/accelerate/hooks.py", line 175, in new_forward
    output = module._old_forward(*args, **kwargs)
  File "/usr/local/lib/python3.10/dist-packages/transformers/utils/generic.py", line 965, in wrapper
    output = func(self, *args, **kwargs)
  File "/usr/local/lib/python3.10/dist-packages/transformers/utils/deprecation.py", line 172, in wrapped_func
    return func(*args, **kwargs)
  File "/usr/local/lib/python3.10/dist-packages/transformers/models/qwen2/modeling_qwen2.py", line 823, in forward
    outputs: BaseModelOutputWithPast = self.model(
  File "/usr/local/lib/python3.10/dist-packages/torch/nn/modules/module.py", line 1751, in _wrapped_call_impl
    return self._call_impl(*args, **kwargs)
  File "/usr/local/lib/python3.10/dist-packages/torch/nn/modules/module.py", line 1762, in _call_impl
    return forward_call(*args, **kwargs)
  File "/usr/local/lib/python3.10/dist-packages/transformers/utils/generic.py", line 965, in wrapper
    output = func(self, *args, **kwargs)
  File "/usr/local/lib/python3.10/dist-packages/transformers/models/qwen2/modeling_qwen2.py", line 549, in forward
    layer_outputs = decoder_layer(
  File "/usr/local/lib/python3.10/dist-packages/torch/nn/modules/module.py", line 1751, in _wrapped_call_impl
    return self._call_impl(*args, **kwargs)
  File "/usr/local/lib/python3.10/dist-packages/torch/nn/modules/module.py", line 1762, in _call_impl
    return forward_call(*args, **kwargs)
  File "/usr/local/lib/python3.10/dist-packages/accelerate/hooks.py", line 175, in new_forward
    output = module._old_forward(*args, **kwargs)
  File "/usr/local/lib/python3.10/dist-packages/transformers/models/qwen2/modeling_qwen2.py", line 262, in forward
    hidden_states, self_attn_weights = self.self_attn(
  File "/usr/local/lib/python3.10/dist-packages/torch/nn/modules/module.py", line 1751, in _wrapped_call_impl
    return self._call_impl(*args, **kwargs)
  File "/usr/local/lib/python3.10/dist-packages/torch/nn/modules/module.py", line 1762, in _call_impl
    return forward_call(*args, **kwargs)
  File "/usr/local/lib/python3.10/dist-packages/accelerate/hooks.py", line 175, in new_forward
    output = module._old_forward(*args, **kwargs)
  File "/usr/local/lib/python3.10/dist-packages/transformers/models/qwen2/modeling_qwen2.py", line 194, in forward
    attn_output, attn_weights = attention_interface(
  File "/usr/local/lib/python3.10/dist-packages/transformers/models/qwen2/modeling_qwen2.py", line 127, in eager_attention_forward
    attn_weights = nn.functional.softmax(attn_weights, dim=-1, dtype=torch.float32).to(query.dtype)
  File "/usr/local/lib/python3.10/dist-packages/torch/nn/functional.py", line 2142, in softmax
    ret = input.softmax(dim, dtype=dtype)
torch.OutOfMemoryError: CUDA out of memory. Tried to allocate 22.69 GiB. GPU 0 has a total capacity of 79.32 GiB of which 6.90 GiB is free. Process 3393538 has 72.41 GiB memory in use. Of the allocated memory 49.30 GiB is allocated by PyTorch, and 22.61 GiB is reserved by PyTorch but unallocated. If reserved but unallocated memory is large try setting PYTORCH_CUDA_ALLOC_CONF=expandable_segments:True to avoid fragmentation.  See documentation for Memory Management  (https://pytorch.org/docs/stable/notes/cuda.html#environment-variables)
2026-03-15 13:43:25,765 [INFO] src.sweep: [12/915] Running triplet fc44103a0411b753 — chain=subagent-0c71c49d triplet=8 (prompts 13→14→15)
2026-03-15 13:43:26,907 [ERROR] src.sweep: Triplet experiment fc44103a0411b753 failed.
Traceback (most recent call last):
  File "/root/context/ActivationPerturbationAnalysis/src/sweep.py", line 283, in run_sweep
    records = run_triplet_experiment(
  File "/root/context/ActivationPerturbationAnalysis/src/experiment.py", line 299, in run_triplet_experiment
    full_hidden = extract_hidden_states(model, triplet.seq_full_ids)
  File "/usr/local/lib/python3.10/dist-packages/torch/utils/_contextlib.py", line 116, in decorate_context
    return func(*args, **kwargs)
  File "/root/context/ActivationPerturbationAnalysis/src/model.py", line 95, in extract_hidden_states
    outputs = model(input_ids=input_ids, output_hidden_states=True)
  File "/usr/local/lib/python3.10/dist-packages/torch/nn/modules/module.py", line 1751, in _wrapped_call_impl
    return self._call_impl(*args, **kwargs)
  File "/usr/local/lib/python3.10/dist-packages/torch/nn/modules/module.py", line 1762, in _call_impl
    return forward_call(*args, **kwargs)
  File "/usr/local/lib/python3.10/dist-packages/accelerate/hooks.py", line 175, in new_forward
    output = module._old_forward(*args, **kwargs)
  File "/usr/local/lib/python3.10/dist-packages/transformers/utils/generic.py", line 965, in wrapper
    output = func(self, *args, **kwargs)
  File "/usr/local/lib/python3.10/dist-packages/transformers/utils/deprecation.py", line 172, in wrapped_func
    return func(*args, **kwargs)
  File "/usr/local/lib/python3.10/dist-packages/transformers/models/qwen2/modeling_qwen2.py", line 823, in forward
    outputs: BaseModelOutputWithPast = self.model(
  File "/usr/local/lib/python3.10/dist-packages/torch/nn/modules/module.py", line 1751, in _wrapped_call_impl
    return self._call_impl(*args, **kwargs)
  File "/usr/local/lib/python3.10/dist-packages/torch/nn/modules/module.py", line 1762, in _call_impl
    return forward_call(*args, **kwargs)
  File "/usr/local/lib/python3.10/dist-packages/transformers/utils/generic.py", line 965, in wrapper
    output = func(self, *args, **kwargs)
  File "/usr/local/lib/python3.10/dist-packages/transformers/models/qwen2/modeling_qwen2.py", line 549, in forward
    layer_outputs = decoder_layer(
  File "/usr/local/lib/python3.10/dist-packages/torch/nn/modules/module.py", line 1751, in _wrapped_call_impl
    return self._call_impl(*args, **kwargs)
  File "/usr/local/lib/python3.10/dist-packages/torch/nn/modules/module.py", line 1762, in _call_impl
    return forward_call(*args, **kwargs)
  File "/usr/local/lib/python3.10/dist-packages/accelerate/hooks.py", line 175, in new_forward
    output = module._old_forward(*args, **kwargs)
  File "/usr/local/lib/python3.10/dist-packages/transformers/models/qwen2/modeling_qwen2.py", line 262, in forward
    hidden_states, self_attn_weights = self.self_attn(
  File "/usr/local/lib/python3.10/dist-packages/torch/nn/modules/module.py", line 1751, in _wrapped_call_impl
    return self._call_impl(*args, **kwargs)
  File "/usr/local/lib/python3.10/dist-packages/torch/nn/modules/module.py", line 1762, in _call_impl
    return forward_call(*args, **kwargs)
  File "/usr/local/lib/python3.10/dist-packages/accelerate/hooks.py", line 175, in new_forward
    output = module._old_forward(*args, **kwargs)
  File "/usr/local/lib/python3.10/dist-packages/transformers/models/qwen2/modeling_qwen2.py", line 194, in forward
    attn_output, attn_weights = attention_interface(
  File "/usr/local/lib/python3.10/dist-packages/transformers/models/qwen2/modeling_qwen2.py", line 127, in eager_attention_forward
    attn_weights = nn.functional.softmax(attn_weights, dim=-1, dtype=torch.float32).to(query.dtype)
  File "/usr/local/lib/python3.10/dist-packages/torch/nn/functional.py", line 2142, in softmax
    ret = input.softmax(dim, dtype=dtype)
torch.OutOfMemoryError: CUDA out of memory. Tried to allocate 23.49 GiB. GPU 0 has a total capacity of 79.32 GiB of which 6.22 GiB is free. Process 3393538 has 73.09 GiB memory in use. Of the allocated memory 50.35 GiB is allocated by PyTorch, and 22.24 GiB is reserved by PyTorch but unallocated. If reserved but unallocated memory is large try setting PYTORCH_CUDA_ALLOC_CONF=expandable_segments:True to avoid fragmentation.  See documentation for Memory Management  (https://pytorch.org/docs/stable/notes/cuda.html#environment-variables)
2026-03-15 13:43:26,908 [INFO] src.sweep: [13/915] Running triplet 2caec8241a66e2f2 — chain=subagent-0c71c49d triplet=9 (prompts 14→15→16)
2026-03-15 13:43:27,838 [ERROR] src.sweep: Triplet experiment 2caec8241a66e2f2 failed.
Traceback (most recent call last):
  File "/root/context/ActivationPerturbationAnalysis/src/sweep.py", line 283, in run_sweep
    records = run_triplet_experiment(
  File "/root/context/ActivationPerturbationAnalysis/src/experiment.py", line 299, in run_triplet_experiment
    full_hidden = extract_hidden_states(model, triplet.seq_full_ids)
  File "/usr/local/lib/python3.10/dist-packages/torch/utils/_contextlib.py", line 116, in decorate_context
    return func(*args, **kwargs)
  File "/root/context/ActivationPerturbationAnalysis/src/model.py", line 95, in extract_hidden_states
    outputs = model(input_ids=input_ids, output_hidden_states=True)
  File "/usr/local/lib/python3.10/dist-packages/torch/nn/modules/module.py", line 1751, in _wrapped_call_impl
    return self._call_impl(*args, **kwargs)
  File "/usr/local/lib/python3.10/dist-packages/torch/nn/modules/module.py", line 1762, in _call_impl
    return forward_call(*args, **kwargs)
  File "/usr/local/lib/python3.10/dist-packages/accelerate/hooks.py", line 175, in new_forward
    output = module._old_forward(*args, **kwargs)
  File "/usr/local/lib/python3.10/dist-packages/transformers/utils/generic.py", line 965, in wrapper
    output = func(self, *args, **kwargs)
  File "/usr/local/lib/python3.10/dist-packages/transformers/utils/deprecation.py", line 172, in wrapped_func
    return func(*args, **kwargs)
  File "/usr/local/lib/python3.10/dist-packages/transformers/models/qwen2/modeling_qwen2.py", line 823, in forward
    outputs: BaseModelOutputWithPast = self.model(
  File "/usr/local/lib/python3.10/dist-packages/torch/nn/modules/module.py", line 1751, in _wrapped_call_impl
    return self._call_impl(*args, **kwargs)
  File "/usr/local/lib/python3.10/dist-packages/torch/nn/modules/module.py", line 1762, in _call_impl
    return forward_call(*args, **kwargs)
  File "/usr/local/lib/python3.10/dist-packages/transformers/utils/generic.py", line 965, in wrapper
    output = func(self, *args, **kwargs)
  File "/usr/local/lib/python3.10/dist-packages/transformers/models/qwen2/modeling_qwen2.py", line 549, in forward
    layer_outputs = decoder_layer(
  File "/usr/local/lib/python3.10/dist-packages/torch/nn/modules/module.py", line 1751, in _wrapped_call_impl
    return self._call_impl(*args, **kwargs)
  File "/usr/local/lib/python3.10/dist-packages/torch/nn/modules/module.py", line 1762, in _call_impl
    return forward_call(*args, **kwargs)
  File "/usr/local/lib/python3.10/dist-packages/accelerate/hooks.py", line 175, in new_forward
    output = module._old_forward(*args, **kwargs)
  File "/usr/local/lib/python3.10/dist-packages/transformers/models/qwen2/modeling_qwen2.py", line 262, in forward
    hidden_states, self_attn_weights = self.self_attn(
  File "/usr/local/lib/python3.10/dist-packages/torch/nn/modules/module.py", line 1751, in _wrapped_call_impl
    return self._call_impl(*args, **kwargs)
  File "/usr/local/lib/python3.10/dist-packages/torch/nn/modules/module.py", line 1762, in _call_impl
    return forward_call(*args, **kwargs)
  File "/usr/local/lib/python3.10/dist-packages/accelerate/hooks.py", line 175, in new_forward
    output = module._old_forward(*args, **kwargs)
  File "/usr/local/lib/python3.10/dist-packages/transformers/models/qwen2/modeling_qwen2.py", line 194, in forward
    attn_output, attn_weights = attention_interface(
  File "/usr/local/lib/python3.10/dist-packages/transformers/models/qwen2/modeling_qwen2.py", line 127, in eager_attention_forward
    attn_weights = nn.functional.softmax(attn_weights, dim=-1, dtype=torch.float32).to(query.dtype)
  File "/usr/local/lib/python3.10/dist-packages/torch/nn/functional.py", line 2142, in softmax
    ret = input.softmax(dim, dtype=dtype)
torch.OutOfMemoryError: CUDA out of memory. Tried to allocate 35.66 GiB. GPU 0 has a total capacity of 79.32 GiB of which 30.00 GiB is free. Process 3393538 has 49.31 GiB memory in use. Of the allocated memory 33.25 GiB is allocated by PyTorch, and 15.57 GiB is reserved by PyTorch but unallocated. If reserved but unallocated memory is large try setting PYTORCH_CUDA_ALLOC_CONF=expandable_segments:True to avoid fragmentation.  See documentation for Memory Management  (https://pytorch.org/docs/stable/notes/cuda.html#environment-variables)
2026-03-15 13:43:27,839 [INFO] src.sweep: [14/915] Running triplet 6097790d100fa444 — chain=subagent-0c71c49d triplet=10 (prompts 15→16→17)
2026-03-15 13:43:28,637 [ERROR] src.sweep: Triplet experiment 6097790d100fa444 failed.
Traceback (most recent call last):
  File "/root/context/ActivationPerturbationAnalysis/src/sweep.py", line 283, in run_sweep
    records = run_triplet_experiment(
  File "/root/context/ActivationPerturbationAnalysis/src/experiment.py", line 299, in run_triplet_experiment
    full_hidden = extract_hidden_states(model, triplet.seq_full_ids)
  File "/usr/local/lib/python3.10/dist-packages/torch/utils/_contextlib.py", line 116, in decorate_context
    return func(*args, **kwargs)
  File "/root/context/ActivationPerturbationAnalysis/src/model.py", line 95, in extract_hidden_states
    outputs = model(input_ids=input_ids, output_hidden_states=True)
  File "/usr/local/lib/python3.10/dist-packages/torch/nn/modules/module.py", line 1751, in _wrapped_call_impl
    return self._call_impl(*args, **kwargs)
  File "/usr/local/lib/python3.10/dist-packages/torch/nn/modules/module.py", line 1762, in _call_impl
    return forward_call(*args, **kwargs)
  File "/usr/local/lib/python3.10/dist-packages/accelerate/hooks.py", line 175, in new_forward
    output = module._old_forward(*args, **kwargs)
  File "/usr/local/lib/python3.10/dist-packages/transformers/utils/generic.py", line 965, in wrapper
    output = func(self, *args, **kwargs)
  File "/usr/local/lib/python3.10/dist-packages/transformers/utils/deprecation.py", line 172, in wrapped_func
    return func(*args, **kwargs)
  File "/usr/local/lib/python3.10/dist-packages/transformers/models/qwen2/modeling_qwen2.py", line 823, in forward
    outputs: BaseModelOutputWithPast = self.model(
  File "/usr/local/lib/python3.10/dist-packages/torch/nn/modules/module.py", line 1751, in _wrapped_call_impl
    return self._call_impl(*args, **kwargs)
  File "/usr/local/lib/python3.10/dist-packages/torch/nn/modules/module.py", line 1762, in _call_impl
    return forward_call(*args, **kwargs)
  File "/usr/local/lib/python3.10/dist-packages/transformers/utils/generic.py", line 965, in wrapper
    output = func(self, *args, **kwargs)
  File "/usr/local/lib/python3.10/dist-packages/transformers/models/qwen2/modeling_qwen2.py", line 549, in forward
    layer_outputs = decoder_layer(
  File "/usr/local/lib/python3.10/dist-packages/torch/nn/modules/module.py", line 1751, in _wrapped_call_impl
    return self._call_impl(*args, **kwargs)
  File "/usr/local/lib/python3.10/dist-packages/torch/nn/modules/module.py", line 1762, in _call_impl
    return forward_call(*args, **kwargs)
  File "/usr/local/lib/python3.10/dist-packages/accelerate/hooks.py", line 175, in new_forward
    output = module._old_forward(*args, **kwargs)
  File "/usr/local/lib/python3.10/dist-packages/transformers/models/qwen2/modeling_qwen2.py", line 262, in forward
    hidden_states, self_attn_weights = self.self_attn(
  File "/usr/local/lib/python3.10/dist-packages/torch/nn/modules/module.py", line 1751, in _wrapped_call_impl
    return self._call_impl(*args, **kwargs)
  File "/usr/local/lib/python3.10/dist-packages/torch/nn/modules/module.py", line 1762, in _call_impl
    return forward_call(*args, **kwargs)
  File "/usr/local/lib/python3.10/dist-packages/accelerate/hooks.py", line 175, in new_forward
    output = module._old_forward(*args, **kwargs)
  File "/usr/local/lib/python3.10/dist-packages/transformers/models/qwen2/modeling_qwen2.py", line 194, in forward
    attn_output, attn_weights = attention_interface(
  File "/usr/local/lib/python3.10/dist-packages/transformers/models/qwen2/modeling_qwen2.py", line 127, in eager_attention_forward
    attn_weights = nn.functional.softmax(attn_weights, dim=-1, dtype=torch.float32).to(query.dtype)
  File "/usr/local/lib/python3.10/dist-packages/torch/nn/functional.py", line 2142, in softmax
    ret = input.softmax(dim, dtype=dtype)
torch.OutOfMemoryError: CUDA out of memory. Tried to allocate 36.66 GiB. GPU 0 has a total capacity of 79.32 GiB of which 30.00 GiB is free. Process 3393538 has 49.31 GiB memory in use. Of the allocated memory 33.78 GiB is allocated by PyTorch, and 15.04 GiB is reserved by PyTorch but unallocated. If reserved but unallocated memory is large try setting PYTORCH_CUDA_ALLOC_CONF=expandable_segments:True to avoid fragmentation.  See documentation for Memory Management  (https://pytorch.org/docs/stable/notes/cuda.html#environment-variables)
2026-03-15 13:43:28,638 [INFO] src.sweep: [15/915] Running triplet 541b222c2f9b085c — chain=subagent-0c71c49d triplet=11 (prompts 16→17→18)
2026-03-15 13:43:30,348 [ERROR] src.sweep: Triplet experiment 541b222c2f9b085c failed.
Traceback (most recent call last):
  File "/root/context/ActivationPerturbationAnalysis/src/sweep.py", line 283, in run_sweep
    records = run_triplet_experiment(
  File "/root/context/ActivationPerturbationAnalysis/src/experiment.py", line 299, in run_triplet_experiment
    full_hidden = extract_hidden_states(model, triplet.seq_full_ids)
  File "/usr/local/lib/python3.10/dist-packages/torch/utils/_contextlib.py", line 116, in decorate_context
    return func(*args, **kwargs)
  File "/root/context/ActivationPerturbationAnalysis/src/model.py", line 95, in extract_hidden_states
    outputs = model(input_ids=input_ids, output_hidden_states=True)
  File "/usr/local/lib/python3.10/dist-packages/torch/nn/modules/module.py", line 1751, in _wrapped_call_impl
    return self._call_impl(*args, **kwargs)
  File "/usr/local/lib/python3.10/dist-packages/torch/nn/modules/module.py", line 1762, in _call_impl
    return forward_call(*args, **kwargs)
  File "/usr/local/lib/python3.10/dist-packages/accelerate/hooks.py", line 175, in new_forward
    output = module._old_forward(*args, **kwargs)
  File "/usr/local/lib/python3.10/dist-packages/transformers/utils/generic.py", line 965, in wrapper
    output = func(self, *args, **kwargs)
  File "/usr/local/lib/python3.10/dist-packages/transformers/utils/deprecation.py", line 172, in wrapped_func
    return func(*args, **kwargs)
  File "/usr/local/lib/python3.10/dist-packages/transformers/models/qwen2/modeling_qwen2.py", line 823, in forward
    outputs: BaseModelOutputWithPast = self.model(
  File "/usr/local/lib/python3.10/dist-packages/torch/nn/modules/module.py", line 1751, in _wrapped_call_impl
    return self._call_impl(*args, **kwargs)
  File "/usr/local/lib/python3.10/dist-packages/torch/nn/modules/module.py", line 1762, in _call_impl
    return forward_call(*args, **kwargs)
  File "/usr/local/lib/python3.10/dist-packages/transformers/utils/generic.py", line 965, in wrapper
    output = func(self, *args, **kwargs)
  File "/usr/local/lib/python3.10/dist-packages/transformers/models/qwen2/modeling_qwen2.py", line 549, in forward
    layer_outputs = decoder_layer(
  File "/usr/local/lib/python3.10/dist-packages/torch/nn/modules/module.py", line 1751, in _wrapped_call_impl
    return self._call_impl(*args, **kwargs)
  File "/usr/local/lib/python3.10/dist-packages/torch/nn/modules/module.py", line 1762, in _call_impl
    return forward_call(*args, **kwargs)
  File "/usr/local/lib/python3.10/dist-packages/accelerate/hooks.py", line 175, in new_forward
    output = module._old_forward(*args, **kwargs)
  File "/usr/local/lib/python3.10/dist-packages/transformers/models/qwen2/modeling_qwen2.py", line 262, in forward
    hidden_states, self_attn_weights = self.self_attn(
  File "/usr/local/lib/python3.10/dist-packages/torch/nn/modules/module.py", line 1751, in _wrapped_call_impl
    return self._call_impl(*args, **kwargs)
  File "/usr/local/lib/python3.10/dist-packages/torch/nn/modules/module.py", line 1762, in _call_impl
    return forward_call(*args, **kwargs)
  File "/usr/local/lib/python3.10/dist-packages/accelerate/hooks.py", line 175, in new_forward
    output = module._old_forward(*args, **kwargs)
  File "/usr/local/lib/python3.10/dist-packages/transformers/models/qwen2/modeling_qwen2.py", line 194, in forward
    attn_output, attn_weights = attention_interface(
  File "/usr/local/lib/python3.10/dist-packages/transformers/models/qwen2/modeling_qwen2.py", line 127, in eager_attention_forward
    attn_weights = nn.functional.softmax(attn_weights, dim=-1, dtype=torch.float32).to(query.dtype)
  File "/usr/local/lib/python3.10/dist-packages/torch/nn/functional.py", line 2142, in softmax
    ret = input.softmax(dim, dtype=dtype)
torch.OutOfMemoryError: CUDA out of memory. Tried to allocate 51.51 GiB. GPU 0 has a total capacity of 79.32 GiB of which 26.93 GiB is free. Process 3393538 has 52.38 GiB memory in use. Of the allocated memory 41.54 GiB is allocated by PyTorch, and 10.35 GiB is reserved by PyTorch but unallocated. If reserved but unallocated memory is large try setting PYTORCH_CUDA_ALLOC_CONF=expandable_segments:True to avoid fragmentation.  See documentation for Memory Management  (https://pytorch.org/docs/stable/notes/cuda.html#environment-variables)
2026-03-15 13:43:30,349 [INFO] src.sweep: [16/915] Running triplet 5303c6c7a535b5b7 — chain=subagent-0c71c49d triplet=12 (prompts 17→18→19)
2026-03-15 13:43:31,271 [ERROR] src.sweep: Triplet experiment 5303c6c7a535b5b7 failed.
Traceback (most recent call last):
  File "/root/context/ActivationPerturbationAnalysis/src/sweep.py", line 283, in run_sweep
    records = run_triplet_experiment(
  File "/root/context/ActivationPerturbationAnalysis/src/experiment.py", line 299, in run_triplet_experiment
    full_hidden = extract_hidden_states(model, triplet.seq_full_ids)
  File "/usr/local/lib/python3.10/dist-packages/torch/utils/_contextlib.py", line 116, in decorate_context
    return func(*args, **kwargs)
  File "/root/context/ActivationPerturbationAnalysis/src/model.py", line 95, in extract_hidden_states
    outputs = model(input_ids=input_ids, output_hidden_states=True)
  File "/usr/local/lib/python3.10/dist-packages/torch/nn/modules/module.py", line 1751, in _wrapped_call_impl
    return self._call_impl(*args, **kwargs)
  File "/usr/local/lib/python3.10/dist-packages/torch/nn/modules/module.py", line 1762, in _call_impl
    return forward_call(*args, **kwargs)
  File "/usr/local/lib/python3.10/dist-packages/accelerate/hooks.py", line 175, in new_forward
    output = module._old_forward(*args, **kwargs)
  File "/usr/local/lib/python3.10/dist-packages/transformers/utils/generic.py", line 965, in wrapper
    output = func(self, *args, **kwargs)
  File "/usr/local/lib/python3.10/dist-packages/transformers/utils/deprecation.py", line 172, in wrapped_func
    return func(*args, **kwargs)
  File "/usr/local/lib/python3.10/dist-packages/transformers/models/qwen2/modeling_qwen2.py", line 823, in forward
    outputs: BaseModelOutputWithPast = self.model(
  File "/usr/local/lib/python3.10/dist-packages/torch/nn/modules/module.py", line 1751, in _wrapped_call_impl
    return self._call_impl(*args, **kwargs)
  File "/usr/local/lib/python3.10/dist-packages/torch/nn/modules/module.py", line 1762, in _call_impl
    return forward_call(*args, **kwargs)
  File "/usr/local/lib/python3.10/dist-packages/transformers/utils/generic.py", line 965, in wrapper
    output = func(self, *args, **kwargs)
  File "/usr/local/lib/python3.10/dist-packages/transformers/models/qwen2/modeling_qwen2.py", line 549, in forward
    layer_outputs = decoder_layer(
  File "/usr/local/lib/python3.10/dist-packages/torch/nn/modules/module.py", line 1751, in _wrapped_call_impl
    return self._call_impl(*args, **kwargs)
  File "/usr/local/lib/python3.10/dist-packages/torch/nn/modules/module.py", line 1762, in _call_impl
    return forward_call(*args, **kwargs)
  File "/usr/local/lib/python3.10/dist-packages/accelerate/hooks.py", line 175, in new_forward
    output = module._old_forward(*args, **kwargs)
  File "/usr/local/lib/python3.10/dist-packages/transformers/models/qwen2/modeling_qwen2.py", line 262, in forward
    hidden_states, self_attn_weights = self.self_attn(
  File "/usr/local/lib/python3.10/dist-packages/torch/nn/modules/module.py", line 1751, in _wrapped_call_impl
    return self._call_impl(*args, **kwargs)
  File "/usr/local/lib/python3.10/dist-packages/torch/nn/modules/module.py", line 1762, in _call_impl
    return forward_call(*args, **kwargs)
  File "/usr/local/lib/python3.10/dist-packages/accelerate/hooks.py", line 175, in new_forward
    output = module._old_forward(*args, **kwargs)
  File "/usr/local/lib/python3.10/dist-packages/transformers/models/qwen2/modeling_qwen2.py", line 194, in forward
    attn_output, attn_weights = attention_interface(
  File "/usr/local/lib/python3.10/dist-packages/transformers/models/qwen2/modeling_qwen2.py", line 122, in eager_attention_forward
    attn_weights = torch.matmul(query, key_states.transpose(2, 3)) * scaling
torch.OutOfMemoryError: CUDA out of memory. Tried to allocate 26.36 GiB. GPU 0 has a total capacity of 79.32 GiB of which 26.33 GiB is free. Process 3393538 has 52.98 GiB memory in use. Of the allocated memory 42.17 GiB is allocated by PyTorch, and 10.32 GiB is reserved by PyTorch but unallocated. If reserved but unallocated memory is large try setting PYTORCH_CUDA_ALLOC_CONF=expandable_segments:True to avoid fragmentation.  See documentation for Memory Management  (https://pytorch.org/docs/stable/notes/cuda.html#environment-variables)
2026-03-15 13:43:31,272 [INFO] src.sweep: [17/915] Running triplet 11ea151513bcfcad — chain=subagent-0d6ab694 triplet=0 (prompts 20→21→22)
2026-03-15 13:43:33,623 [INFO] src.storage: Flushed 16445 records to Qwen2.5-32B-prompt-diff-results/results_part_000000.parquet.
2026-03-15 13:43:33,626 [INFO] src.sweep: [18/915] Running triplet 64eb9f9e31577000 — chain=subagent-0d6ab694 triplet=1 (prompts 21→22→23)
2026-03-15 13:43:39,594 [INFO] src.sweep: [19/915] Running triplet 7aa69442a4a41c4c — chain=subagent-0d6ab694 triplet=2 (prompts 22→23→24)
2026-03-15 13:43:48,284 [INFO] src.sweep: [20/915] Running triplet e544aa08312526b2 — chain=subagent-0d6ab694 triplet=3 (prompts 23→24→25)
2026-03-15 13:44:00,294 [INFO] src.sweep: [21/915] Running triplet 38ab062380f560cb — chain=subagent-0d6ab694 triplet=4 (prompts 24→25→26)
2026-03-15 13:44:15,300 [INFO] src.sweep: [22/915] Running triplet 30993db1dc00d2a2 — chain=subagent-0d6ab694 triplet=5 (prompts 25→26→27)
2026-03-15 13:44:41,175 [INFO] src.sweep: [23/915] Running triplet df984dd30d389966 — chain=subagent-0d6ab694 triplet=6 (prompts 26→27→28)
2026-03-15 13:44:43,051 [ERROR] src.sweep: Triplet experiment df984dd30d389966 failed.
Traceback (most recent call last):
  File "/root/context/ActivationPerturbationAnalysis/src/sweep.py", line 283, in run_sweep
    records = run_triplet_experiment(
  File "/root/context/ActivationPerturbationAnalysis/src/experiment.py", line 299, in run_triplet_experiment
    full_hidden = extract_hidden_states(model, triplet.seq_full_ids)
  File "/usr/local/lib/python3.10/dist-packages/torch/utils/_contextlib.py", line 116, in decorate_context
    return func(*args, **kwargs)
  File "/root/context/ActivationPerturbationAnalysis/src/model.py", line 95, in extract_hidden_states
    outputs = model(input_ids=input_ids, output_hidden_states=True)
  File "/usr/local/lib/python3.10/dist-packages/torch/nn/modules/module.py", line 1751, in _wrapped_call_impl
    return self._call_impl(*args, **kwargs)
  File "/usr/local/lib/python3.10/dist-packages/torch/nn/modules/module.py", line 1762, in _call_impl
    return forward_call(*args, **kwargs)
  File "/usr/local/lib/python3.10/dist-packages/accelerate/hooks.py", line 175, in new_forward
    output = module._old_forward(*args, **kwargs)
  File "/usr/local/lib/python3.10/dist-packages/transformers/utils/generic.py", line 965, in wrapper
    output = func(self, *args, **kwargs)
  File "/usr/local/lib/python3.10/dist-packages/transformers/utils/deprecation.py", line 172, in wrapped_func
    return func(*args, **kwargs)
  File "/usr/local/lib/python3.10/dist-packages/transformers/models/qwen2/modeling_qwen2.py", line 823, in forward
    outputs: BaseModelOutputWithPast = self.model(
  File "/usr/local/lib/python3.10/dist-packages/torch/nn/modules/module.py", line 1751, in _wrapped_call_impl
    return self._call_impl(*args, **kwargs)
  File "/usr/local/lib/python3.10/dist-packages/torch/nn/modules/module.py", line 1762, in _call_impl
    return forward_call(*args, **kwargs)
  File "/usr/local/lib/python3.10/dist-packages/transformers/utils/generic.py", line 965, in wrapper
    output = func(self, *args, **kwargs)
  File "/usr/local/lib/python3.10/dist-packages/transformers/models/qwen2/modeling_qwen2.py", line 549, in forward
    layer_outputs = decoder_layer(
  File "/usr/local/lib/python3.10/dist-packages/torch/nn/modules/module.py", line 1751, in _wrapped_call_impl
    return self._call_impl(*args, **kwargs)
  File "/usr/local/lib/python3.10/dist-packages/torch/nn/modules/module.py", line 1762, in _call_impl
    return forward_call(*args, **kwargs)
  File "/usr/local/lib/python3.10/dist-packages/accelerate/hooks.py", line 175, in new_forward
    output = module._old_forward(*args, **kwargs)
  File "/usr/local/lib/python3.10/dist-packages/transformers/models/qwen2/modeling_qwen2.py", line 262, in forward
    hidden_states, self_attn_weights = self.self_attn(
  File "/usr/local/lib/python3.10/dist-packages/torch/nn/modules/module.py", line 1751, in _wrapped_call_impl
    return self._call_impl(*args, **kwargs)
  File "/usr/local/lib/python3.10/dist-packages/torch/nn/modules/module.py", line 1762, in _call_impl
    return forward_call(*args, **kwargs)
  File "/usr/local/lib/python3.10/dist-packages/accelerate/hooks.py", line 175, in new_forward
    output = module._old_forward(*args, **kwargs)
  File "/usr/local/lib/python3.10/dist-packages/transformers/models/qwen2/modeling_qwen2.py", line 194, in forward
    attn_output, attn_weights = attention_interface(
  File "/usr/local/lib/python3.10/dist-packages/transformers/models/qwen2/modeling_qwen2.py", line 127, in eager_attention_forward
    attn_weights = nn.functional.softmax(attn_weights, dim=-1, dtype=torch.float32).to(query.dtype)
  File "/usr/local/lib/python3.10/dist-packages/torch/nn/functional.py", line 2142, in softmax
    ret = input.softmax(dim, dtype=dtype)
torch.OutOfMemoryError: CUDA out of memory. Tried to allocate 23.89 GiB. GPU 0 has a total capacity of 79.32 GiB of which 3.86 GiB is free. Process 3393538 has 75.45 GiB memory in use. Of the allocated memory 51.14 GiB is allocated by PyTorch, and 23.82 GiB is reserved by PyTorch but unallocated. If reserved but unallocated memory is large try setting PYTORCH_CUDA_ALLOC_CONF=expandable_segments:True to avoid fragmentation.  See documentation for Memory Management  (https://pytorch.org/docs/stable/notes/cuda.html#environment-variables)
2026-03-15 13:44:43,052 [INFO] src.sweep: [24/915] Running triplet d5f0222a0a83e766 — chain=subagent-0d6ab694 triplet=7 (prompts 27→28→29)
2026-03-15 13:44:44,099 [ERROR] src.sweep: Triplet experiment d5f0222a0a83e766 failed.
Traceback (most recent call last):
  File "/root/context/ActivationPerturbationAnalysis/src/sweep.py", line 283, in run_sweep
    records = run_triplet_experiment(
  File "/root/context/ActivationPerturbationAnalysis/src/experiment.py", line 299, in run_triplet_experiment
    full_hidden = extract_hidden_states(model, triplet.seq_full_ids)
  File "/usr/local/lib/python3.10/dist-packages/torch/utils/_contextlib.py", line 116, in decorate_context
    return func(*args, **kwargs)
  File "/root/context/ActivationPerturbationAnalysis/src/model.py", line 95, in extract_hidden_states
    outputs = model(input_ids=input_ids, output_hidden_states=True)
  File "/usr/local/lib/python3.10/dist-packages/torch/nn/modules/module.py", line 1751, in _wrapped_call_impl
    return self._call_impl(*args, **kwargs)
  File "/usr/local/lib/python3.10/dist-packages/torch/nn/modules/module.py", line 1762, in _call_impl
    return forward_call(*args, **kwargs)
  File "/usr/local/lib/python3.10/dist-packages/accelerate/hooks.py", line 175, in new_forward
    output = module._old_forward(*args, **kwargs)
  File "/usr/local/lib/python3.10/dist-packages/transformers/utils/generic.py", line 965, in wrapper
    output = func(self, *args, **kwargs)
  File "/usr/local/lib/python3.10/dist-packages/transformers/utils/deprecation.py", line 172, in wrapped_func
    return func(*args, **kwargs)
  File "/usr/local/lib/python3.10/dist-packages/transformers/models/qwen2/modeling_qwen2.py", line 823, in forward
    outputs: BaseModelOutputWithPast = self.model(
  File "/usr/local/lib/python3.10/dist-packages/torch/nn/modules/module.py", line 1751, in _wrapped_call_impl
    return self._call_impl(*args, **kwargs)
  File "/usr/local/lib/python3.10/dist-packages/torch/nn/modules/module.py", line 1762, in _call_impl
    return forward_call(*args, **kwargs)
  File "/usr/local/lib/python3.10/dist-packages/transformers/utils/generic.py", line 965, in wrapper
    output = func(self, *args, **kwargs)
  File "/usr/local/lib/python3.10/dist-packages/transformers/models/qwen2/modeling_qwen2.py", line 549, in forward
    layer_outputs = decoder_layer(
  File "/usr/local/lib/python3.10/dist-packages/torch/nn/modules/module.py", line 1751, in _wrapped_call_impl
    return self._call_impl(*args, **kwargs)
  File "/usr/local/lib/python3.10/dist-packages/torch/nn/modules/module.py", line 1762, in _call_impl
    return forward_call(*args, **kwargs)
  File "/usr/local/lib/python3.10/dist-packages/accelerate/hooks.py", line 175, in new_forward
    output = module._old_forward(*args, **kwargs)
  File "/usr/local/lib/python3.10/dist-packages/transformers/models/qwen2/modeling_qwen2.py", line 262, in forward
    hidden_states, self_attn_weights = self.self_attn(
  File "/usr/local/lib/python3.10/dist-packages/torch/nn/modules/module.py", line 1751, in _wrapped_call_impl
    return self._call_impl(*args, **kwargs)
  File "/usr/local/lib/python3.10/dist-packages/torch/nn/modules/module.py", line 1762, in _call_impl
    return forward_call(*args, **kwargs)
  File "/usr/local/lib/python3.10/dist-packages/accelerate/hooks.py", line 175, in new_forward
    output = module._old_forward(*args, **kwargs)
  File "/usr/local/lib/python3.10/dist-packages/transformers/models/qwen2/modeling_qwen2.py", line 194, in forward
    attn_output, attn_weights = attention_interface(
  File "/usr/local/lib/python3.10/dist-packages/transformers/models/qwen2/modeling_qwen2.py", line 127, in eager_attention_forward
    attn_weights = nn.functional.softmax(attn_weights, dim=-1, dtype=torch.float32).to(query.dtype)
  File "/usr/local/lib/python3.10/dist-packages/torch/nn/functional.py", line 2142, in softmax
    ret = input.softmax(dim, dtype=dtype)
torch.OutOfMemoryError: CUDA out of memory. Tried to allocate 29.40 GiB. GPU 0 has a total capacity of 79.32 GiB of which 27.87 GiB is free. Process 3393538 has 51.44 GiB memory in use. Of the allocated memory 29.97 GiB is allocated by PyTorch, and 20.97 GiB is reserved by PyTorch but unallocated. If reserved but unallocated memory is large try setting PYTORCH_CUDA_ALLOC_CONF=expandable_segments:True to avoid fragmentation.  See documentation for Memory Management  (https://pytorch.org/docs/stable/notes/cuda.html#environment-variables)
2026-03-15 13:44:44,100 [INFO] src.sweep: [25/915] Running triplet 918da38646e3224e — chain=subagent-0d6ab694 triplet=8 (prompts 28→29→30)
2026-03-15 13:44:45,824 [ERROR] src.sweep: Triplet experiment 918da38646e3224e failed.
Traceback (most recent call last):
  File "/root/context/ActivationPerturbationAnalysis/src/sweep.py", line 283, in run_sweep
    records = run_triplet_experiment(
  File "/root/context/ActivationPerturbationAnalysis/src/experiment.py", line 299, in run_triplet_experiment
    full_hidden = extract_hidden_states(model, triplet.seq_full_ids)
  File "/usr/local/lib/python3.10/dist-packages/torch/utils/_contextlib.py", line 116, in decorate_context
    return func(*args, **kwargs)
  File "/root/context/ActivationPerturbationAnalysis/src/model.py", line 95, in extract_hidden_states
    outputs = model(input_ids=input_ids, output_hidden_states=True)
  File "/usr/local/lib/python3.10/dist-packages/torch/nn/modules/module.py", line 1751, in _wrapped_call_impl
    return self._call_impl(*args, **kwargs)
  File "/usr/local/lib/python3.10/dist-packages/torch/nn/modules/module.py", line 1762, in _call_impl
    return forward_call(*args, **kwargs)
  File "/usr/local/lib/python3.10/dist-packages/accelerate/hooks.py", line 175, in new_forward
    output = module._old_forward(*args, **kwargs)
  File "/usr/local/lib/python3.10/dist-packages/transformers/utils/generic.py", line 965, in wrapper
    output = func(self, *args, **kwargs)
  File "/usr/local/lib/python3.10/dist-packages/transformers/utils/deprecation.py", line 172, in wrapped_func
    return func(*args, **kwargs)
  File "/usr/local/lib/python3.10/dist-packages/transformers/models/qwen2/modeling_qwen2.py", line 823, in forward
    outputs: BaseModelOutputWithPast = self.model(
  File "/usr/local/lib/python3.10/dist-packages/torch/nn/modules/module.py", line 1751, in _wrapped_call_impl
    return self._call_impl(*args, **kwargs)
  File "/usr/local/lib/python3.10/dist-packages/torch/nn/modules/module.py", line 1762, in _call_impl
    return forward_call(*args, **kwargs)
  File "/usr/local/lib/python3.10/dist-packages/transformers/utils/generic.py", line 965, in wrapper
    output = func(self, *args, **kwargs)
  File "/usr/local/lib/python3.10/dist-packages/transformers/models/qwen2/modeling_qwen2.py", line 549, in forward
    layer_outputs = decoder_layer(
  File "/usr/local/lib/python3.10/dist-packages/torch/nn/modules/module.py", line 1751, in _wrapped_call_impl
    return self._call_impl(*args, **kwargs)
  File "/usr/local/lib/python3.10/dist-packages/torch/nn/modules/module.py", line 1762, in _call_impl
    return forward_call(*args, **kwargs)
  File "/usr/local/lib/python3.10/dist-packages/accelerate/hooks.py", line 175, in new_forward
    output = module._old_forward(*args, **kwargs)
  File "/usr/local/lib/python3.10/dist-packages/transformers/models/qwen2/modeling_qwen2.py", line 262, in forward
    hidden_states, self_attn_weights = self.self_attn(
  File "/usr/local/lib/python3.10/dist-packages/torch/nn/modules/module.py", line 1751, in _wrapped_call_impl
    return self._call_impl(*args, **kwargs)
  File "/usr/local/lib/python3.10/dist-packages/torch/nn/modules/module.py", line 1762, in _call_impl
    return forward_call(*args, **kwargs)
  File "/usr/local/lib/python3.10/dist-packages/accelerate/hooks.py", line 175, in new_forward
    output = module._old_forward(*args, **kwargs)
  File "/usr/local/lib/python3.10/dist-packages/transformers/models/qwen2/modeling_qwen2.py", line 194, in forward
    attn_output, attn_weights = attention_interface(
  File "/usr/local/lib/python3.10/dist-packages/transformers/models/qwen2/modeling_qwen2.py", line 127, in eager_attention_forward
    attn_weights = nn.functional.softmax(attn_weights, dim=-1, dtype=torch.float32).to(query.dtype)
  File "/usr/local/lib/python3.10/dist-packages/torch/nn/functional.py", line 2142, in softmax
    ret = input.softmax(dim, dtype=dtype)
torch.OutOfMemoryError: CUDA out of memory. Tried to allocate 48.82 GiB. GPU 0 has a total capacity of 79.32 GiB of which 27.65 GiB is free. Process 3393538 has 51.66 GiB memory in use. Of the allocated memory 40.14 GiB is allocated by PyTorch, and 11.03 GiB is reserved by PyTorch but unallocated. If reserved but unallocated memory is large try setting PYTORCH_CUDA_ALLOC_CONF=expandable_segments:True to avoid fragmentation.  See documentation for Memory Management  (https://pytorch.org/docs/stable/notes/cuda.html#environment-variables)
2026-03-15 13:44:45,825 [INFO] src.sweep: [26/915] Running triplet a452b53f42b6c16d — chain=subagent-0d6ab694 triplet=9 (prompts 29→30→31)
2026-03-15 13:44:46,646 [ERROR] src.sweep: Triplet experiment a452b53f42b6c16d failed.
Traceback (most recent call last):
  File "/root/context/ActivationPerturbationAnalysis/src/sweep.py", line 283, in run_sweep
    records = run_triplet_experiment(
  File "/root/context/ActivationPerturbationAnalysis/src/experiment.py", line 299, in run_triplet_experiment
    full_hidden = extract_hidden_states(model, triplet.seq_full_ids)
  File "/usr/local/lib/python3.10/dist-packages/torch/utils/_contextlib.py", line 116, in decorate_context
    return func(*args, **kwargs)
  File "/root/context/ActivationPerturbationAnalysis/src/model.py", line 95, in extract_hidden_states
    outputs = model(input_ids=input_ids, output_hidden_states=True)
  File "/usr/local/lib/python3.10/dist-packages/torch/nn/modules/module.py", line 1751, in _wrapped_call_impl
    return self._call_impl(*args, **kwargs)
  File "/usr/local/lib/python3.10/dist-packages/torch/nn/modules/module.py", line 1762, in _call_impl
    return forward_call(*args, **kwargs)
  File "/usr/local/lib/python3.10/dist-packages/accelerate/hooks.py", line 175, in new_forward
    output = module._old_forward(*args, **kwargs)
  File "/usr/local/lib/python3.10/dist-packages/transformers/utils/generic.py", line 965, in wrapper
    output = func(self, *args, **kwargs)
  File "/usr/local/lib/python3.10/dist-packages/transformers/utils/deprecation.py", line 172, in wrapped_func
    return func(*args, **kwargs)
  File "/usr/local/lib/python3.10/dist-packages/transformers/models/qwen2/modeling_qwen2.py", line 823, in forward
    outputs: BaseModelOutputWithPast = self.model(
  File "/usr/local/lib/python3.10/dist-packages/torch/nn/modules/module.py", line 1751, in _wrapped_call_impl
    return self._call_impl(*args, **kwargs)
  File "/usr/local/lib/python3.10/dist-packages/torch/nn/modules/module.py", line 1762, in _call_impl
    return forward_call(*args, **kwargs)
  File "/usr/local/lib/python3.10/dist-packages/transformers/utils/generic.py", line 965, in wrapper
    output = func(self, *args, **kwargs)
  File "/usr/local/lib/python3.10/dist-packages/transformers/models/qwen2/modeling_qwen2.py", line 549, in forward
    layer_outputs = decoder_layer(
  File "/usr/local/lib/python3.10/dist-packages/torch/nn/modules/module.py", line 1751, in _wrapped_call_impl
    return self._call_impl(*args, **kwargs)
  File "/usr/local/lib/python3.10/dist-packages/torch/nn/modules/module.py", line 1762, in _call_impl
    return forward_call(*args, **kwargs)
  File "/usr/local/lib/python3.10/dist-packages/accelerate/hooks.py", line 175, in new_forward
    output = module._old_forward(*args, **kwargs)
  File "/usr/local/lib/python3.10/dist-packages/transformers/models/qwen2/modeling_qwen2.py", line 262, in forward
    hidden_states, self_attn_weights = self.self_attn(
  File "/usr/local/lib/python3.10/dist-packages/torch/nn/modules/module.py", line 1751, in _wrapped_call_impl
    return self._call_impl(*args, **kwargs)
  File "/usr/local/lib/python3.10/dist-packages/torch/nn/modules/module.py", line 1762, in _call_impl
    return forward_call(*args, **kwargs)
  File "/usr/local/lib/python3.10/dist-packages/accelerate/hooks.py", line 175, in new_forward
    output = module._old_forward(*args, **kwargs)
  File "/usr/local/lib/python3.10/dist-packages/transformers/models/qwen2/modeling_qwen2.py", line 194, in forward
    attn_output, attn_weights = attention_interface(
  File "/usr/local/lib/python3.10/dist-packages/transformers/models/qwen2/modeling_qwen2.py", line 122, in eager_attention_forward
    attn_weights = torch.matmul(query, key_states.transpose(2, 3)) * scaling
torch.OutOfMemoryError: CUDA out of memory. Tried to allocate 28.36 GiB. GPU 0 has a total capacity of 79.32 GiB of which 23.70 GiB is free. Process 3393538 has 55.61 GiB memory in use. Of the allocated memory 44.26 GiB is allocated by PyTorch, and 10.86 GiB is reserved by PyTorch but unallocated. If reserved but unallocated memory is large try setting PYTORCH_CUDA_ALLOC_CONF=expandable_segments:True to avoid fragmentation.  See documentation for Memory Management  (https://pytorch.org/docs/stable/notes/cuda.html#environment-variables)
2026-03-15 13:44:46,647 [INFO] src.sweep: [27/915] Running triplet 2d481e65281736c6 — chain=subagent-0d6ab694 triplet=10 (prompts 30→31→32)
2026-03-15 13:44:47,722 [ERROR] src.sweep: Triplet experiment 2d481e65281736c6 failed.
Traceback (most recent call last):
  File "/root/context/ActivationPerturbationAnalysis/src/sweep.py", line 283, in run_sweep
    records = run_triplet_experiment(
  File "/root/context/ActivationPerturbationAnalysis/src/experiment.py", line 299, in run_triplet_experiment
    full_hidden = extract_hidden_states(model, triplet.seq_full_ids)
  File "/usr/local/lib/python3.10/dist-packages/torch/utils/_contextlib.py", line 116, in decorate_context
    return func(*args, **kwargs)
  File "/root/context/ActivationPerturbationAnalysis/src/model.py", line 95, in extract_hidden_states
    outputs = model(input_ids=input_ids, output_hidden_states=True)
  File "/usr/local/lib/python3.10/dist-packages/torch/nn/modules/module.py", line 1751, in _wrapped_call_impl
    return self._call_impl(*args, **kwargs)
  File "/usr/local/lib/python3.10/dist-packages/torch/nn/modules/module.py", line 1762, in _call_impl
    return forward_call(*args, **kwargs)
  File "/usr/local/lib/python3.10/dist-packages/accelerate/hooks.py", line 175, in new_forward
    output = module._old_forward(*args, **kwargs)
  File "/usr/local/lib/python3.10/dist-packages/transformers/utils/generic.py", line 965, in wrapper
    output = func(self, *args, **kwargs)
  File "/usr/local/lib/python3.10/dist-packages/transformers/utils/deprecation.py", line 172, in wrapped_func
    return func(*args, **kwargs)
  File "/usr/local/lib/python3.10/dist-packages/transformers/models/qwen2/modeling_qwen2.py", line 823, in forward
    outputs: BaseModelOutputWithPast = self.model(
  File "/usr/local/lib/python3.10/dist-packages/torch/nn/modules/module.py", line 1751, in _wrapped_call_impl
    return self._call_impl(*args, **kwargs)
  File "/usr/local/lib/python3.10/dist-packages/torch/nn/modules/module.py", line 1762, in _call_impl
    return forward_call(*args, **kwargs)
  File "/usr/local/lib/python3.10/dist-packages/transformers/utils/generic.py", line 965, in wrapper
    output = func(self, *args, **kwargs)
  File "/usr/local/lib/python3.10/dist-packages/transformers/models/qwen2/modeling_qwen2.py", line 549, in forward
    layer_outputs = decoder_layer(
  File "/usr/local/lib/python3.10/dist-packages/torch/nn/modules/module.py", line 1751, in _wrapped_call_impl
    return self._call_impl(*args, **kwargs)
  File "/usr/local/lib/python3.10/dist-packages/torch/nn/modules/module.py", line 1762, in _call_impl
    return forward_call(*args, **kwargs)
  File "/usr/local/lib/python3.10/dist-packages/accelerate/hooks.py", line 175, in new_forward
    output = module._old_forward(*args, **kwargs)
  File "/usr/local/lib/python3.10/dist-packages/transformers/models/qwen2/modeling_qwen2.py", line 262, in forward
    hidden_states, self_attn_weights = self.self_attn(
  File "/usr/local/lib/python3.10/dist-packages/torch/nn/modules/module.py", line 1751, in _wrapped_call_impl
    return self._call_impl(*args, **kwargs)
  File "/usr/local/lib/python3.10/dist-packages/torch/nn/modules/module.py", line 1762, in _call_impl
    return forward_call(*args, **kwargs)
  File "/usr/local/lib/python3.10/dist-packages/accelerate/hooks.py", line 175, in new_forward
    output = module._old_forward(*args, **kwargs)
  File "/usr/local/lib/python3.10/dist-packages/transformers/models/qwen2/modeling_qwen2.py", line 194, in forward
    attn_output, attn_weights = attention_interface(
  File "/usr/local/lib/python3.10/dist-packages/transformers/models/qwen2/modeling_qwen2.py", line 122, in eager_attention_forward
    attn_weights = torch.matmul(query, key_states.transpose(2, 3)) * scaling
torch.OutOfMemoryError: CUDA out of memory. Tried to allocate 45.55 GiB. GPU 0 has a total capacity of 79.32 GiB of which 6.51 GiB is free. Process 3393538 has 72.80 GiB memory in use. Of the allocated memory 62.15 GiB is allocated by PyTorch, and 10.15 GiB is reserved by PyTorch but unallocated. If reserved but unallocated memory is large try setting PYTORCH_CUDA_ALLOC_CONF=expandable_segments:True to avoid fragmentation.  See documentation for Memory Management  (https://pytorch.org/docs/stable/notes/cuda.html#environment-variables)
2026-03-15 13:44:47,723 [INFO] src.sweep: [28/915] Running triplet 662e446bca0661bb — chain=subagent-0d6ab694 triplet=11 (prompts 31→32→33)
2026-03-15 13:44:49,357 [ERROR] src.sweep: Triplet experiment 662e446bca0661bb failed.
Traceback (most recent call last):
  File "/root/context/ActivationPerturbationAnalysis/src/sweep.py", line 283, in run_sweep
    records = run_triplet_experiment(
  File "/root/context/ActivationPerturbationAnalysis/src/experiment.py", line 299, in run_triplet_experiment
    full_hidden = extract_hidden_states(model, triplet.seq_full_ids)
  File "/usr/local/lib/python3.10/dist-packages/torch/utils/_contextlib.py", line 116, in decorate_context
    return func(*args, **kwargs)
  File "/root/context/ActivationPerturbationAnalysis/src/model.py", line 95, in extract_hidden_states
    outputs = model(input_ids=input_ids, output_hidden_states=True)
  File "/usr/local/lib/python3.10/dist-packages/torch/nn/modules/module.py", line 1751, in _wrapped_call_impl
    return self._call_impl(*args, **kwargs)
  File "/usr/local/lib/python3.10/dist-packages/torch/nn/modules/module.py", line 1762, in _call_impl
    return forward_call(*args, **kwargs)
  File "/usr/local/lib/python3.10/dist-packages/accelerate/hooks.py", line 175, in new_forward
    output = module._old_forward(*args, **kwargs)
  File "/usr/local/lib/python3.10/dist-packages/transformers/utils/generic.py", line 965, in wrapper
    output = func(self, *args, **kwargs)
  File "/usr/local/lib/python3.10/dist-packages/transformers/utils/deprecation.py", line 172, in wrapped_func
    return func(*args, **kwargs)
  File "/usr/local/lib/python3.10/dist-packages/transformers/models/qwen2/modeling_qwen2.py", line 823, in forward
    outputs: BaseModelOutputWithPast = self.model(
  File "/usr/local/lib/python3.10/dist-packages/torch/nn/modules/module.py", line 1751, in _wrapped_call_impl
    return self._call_impl(*args, **kwargs)
  File "/usr/local/lib/python3.10/dist-packages/torch/nn/modules/module.py", line 1762, in _call_impl
    return forward_call(*args, **kwargs)
  File "/usr/local/lib/python3.10/dist-packages/transformers/utils/generic.py", line 965, in wrapper
    output = func(self, *args, **kwargs)
  File "/usr/local/lib/python3.10/dist-packages/transformers/models/qwen2/modeling_qwen2.py", line 549, in forward
    layer_outputs = decoder_layer(
  File "/usr/local/lib/python3.10/dist-packages/torch/nn/modules/module.py", line 1751, in _wrapped_call_impl
    return self._call_impl(*args, **kwargs)
  File "/usr/local/lib/python3.10/dist-packages/torch/nn/modules/module.py", line 1762, in _call_impl
    return forward_call(*args, **kwargs)
  File "/usr/local/lib/python3.10/dist-packages/accelerate/hooks.py", line 175, in new_forward
    output = module._old_forward(*args, **kwargs)
  File "/usr/local/lib/python3.10/dist-packages/transformers/models/qwen2/modeling_qwen2.py", line 262, in forward
    hidden_states, self_attn_weights = self.self_attn(
  File "/usr/local/lib/python3.10/dist-packages/torch/nn/modules/module.py", line 1751, in _wrapped_call_impl
    return self._call_impl(*args, **kwargs)
  File "/usr/local/lib/python3.10/dist-packages/torch/nn/modules/module.py", line 1762, in _call_impl
    return forward_call(*args, **kwargs)
  File "/usr/local/lib/python3.10/dist-packages/accelerate/hooks.py", line 175, in new_forward
    output = module._old_forward(*args, **kwargs)
  File "/usr/local/lib/python3.10/dist-packages/transformers/models/qwen2/modeling_qwen2.py", line 194, in forward
    attn_output, attn_weights = attention_interface(
  File "/usr/local/lib/python3.10/dist-packages/transformers/models/qwen2/modeling_qwen2.py", line 122, in eager_attention_forward
    attn_weights = torch.matmul(query, key_states.transpose(2, 3)) * scaling
torch.OutOfMemoryError: CUDA out of memory. Tried to allocate 49.64 GiB. GPU 0 has a total capacity of 79.32 GiB of which 2.42 GiB is free. Process 3393538 has 76.89 GiB memory in use. Of the allocated memory 66.40 GiB is allocated by PyTorch, and 9.99 GiB is reserved by PyTorch but unallocated. If reserved but unallocated memory is large try setting PYTORCH_CUDA_ALLOC_CONF=expandable_segments:True to avoid fragmentation.  See documentation for Memory Management  (https://pytorch.org/docs/stable/notes/cuda.html#environment-variables)
2026-03-15 13:44:49,358 [INFO] src.sweep: [29/915] Running triplet 64a615853f9559a8 — chain=subagent-0d6ab694 triplet=12 (prompts 32→33→34)
2026-03-15 13:44:50,960 [ERROR] src.sweep: Triplet experiment 64a615853f9559a8 failed.
Traceback (most recent call last):
  File "/root/context/ActivationPerturbationAnalysis/src/sweep.py", line 283, in run_sweep
    records = run_triplet_experiment(
  File "/root/context/ActivationPerturbationAnalysis/src/experiment.py", line 299, in run_triplet_experiment
    full_hidden = extract_hidden_states(model, triplet.seq_full_ids)
  File "/usr/local/lib/python3.10/dist-packages/torch/utils/_contextlib.py", line 116, in decorate_context
    return func(*args, **kwargs)
  File "/root/context/ActivationPerturbationAnalysis/src/model.py", line 95, in extract_hidden_states
    outputs = model(input_ids=input_ids, output_hidden_states=True)
  File "/usr/local/lib/python3.10/dist-packages/torch/nn/modules/module.py", line 1751, in _wrapped_call_impl
    return self._call_impl(*args, **kwargs)
  File "/usr/local/lib/python3.10/dist-packages/torch/nn/modules/module.py", line 1762, in _call_impl
    return forward_call(*args, **kwargs)
  File "/usr/local/lib/python3.10/dist-packages/accelerate/hooks.py", line 175, in new_forward
    output = module._old_forward(*args, **kwargs)
  File "/usr/local/lib/python3.10/dist-packages/transformers/utils/generic.py", line 965, in wrapper
    output = func(self, *args, **kwargs)
  File "/usr/local/lib/python3.10/dist-packages/transformers/utils/deprecation.py", line 172, in wrapped_func
    return func(*args, **kwargs)
  File "/usr/local/lib/python3.10/dist-packages/transformers/models/qwen2/modeling_qwen2.py", line 823, in forward
    outputs: BaseModelOutputWithPast = self.model(
  File "/usr/local/lib/python3.10/dist-packages/torch/nn/modules/module.py", line 1751, in _wrapped_call_impl
    return self._call_impl(*args, **kwargs)
  File "/usr/local/lib/python3.10/dist-packages/torch/nn/modules/module.py", line 1762, in _call_impl
    return forward_call(*args, **kwargs)
  File "/usr/local/lib/python3.10/dist-packages/transformers/utils/generic.py", line 965, in wrapper
    output = func(self, *args, **kwargs)
  File "/usr/local/lib/python3.10/dist-packages/transformers/models/qwen2/modeling_qwen2.py", line 549, in forward
    layer_outputs = decoder_layer(
  File "/usr/local/lib/python3.10/dist-packages/torch/nn/modules/module.py", line 1751, in _wrapped_call_impl
    return self._call_impl(*args, **kwargs)
  File "/usr/local/lib/python3.10/dist-packages/torch/nn/modules/module.py", line 1762, in _call_impl
    return forward_call(*args, **kwargs)
  File "/usr/local/lib/python3.10/dist-packages/accelerate/hooks.py", line 175, in new_forward
    output = module._old_forward(*args, **kwargs)
  File "/usr/local/lib/python3.10/dist-packages/transformers/models/qwen2/modeling_qwen2.py", line 262, in forward
    hidden_states, self_attn_weights = self.self_attn(
  File "/usr/local/lib/python3.10/dist-packages/torch/nn/modules/module.py", line 1751, in _wrapped_call_impl
    return self._call_impl(*args, **kwargs)
  File "/usr/local/lib/python3.10/dist-packages/torch/nn/modules/module.py", line 1762, in _call_impl
    return forward_call(*args, **kwargs)
  File "/usr/local/lib/python3.10/dist-packages/accelerate/hooks.py", line 175, in new_forward
    output = module._old_forward(*args, **kwargs)
  File "/usr/local/lib/python3.10/dist-packages/transformers/models/qwen2/modeling_qwen2.py", line 194, in forward
    attn_output, attn_weights = attention_interface(
  File "/usr/local/lib/python3.10/dist-packages/transformers/models/qwen2/modeling_qwen2.py", line 122, in eager_attention_forward
    attn_weights = torch.matmul(query, key_states.transpose(2, 3)) * scaling
torch.OutOfMemoryError: CUDA out of memory. Tried to allocate 55.68 GiB. GPU 0 has a total capacity of 79.32 GiB of which 52.06 GiB is free. Process 3393538 has 27.25 GiB memory in use. Of the allocated memory 16.99 GiB is allocated by PyTorch, and 9.76 GiB is reserved by PyTorch but unallocated. If reserved but unallocated memory is large try setting PYTORCH_CUDA_ALLOC_CONF=expandable_segments:True to avoid fragmentation.  See documentation for Memory Management  (https://pytorch.org/docs/stable/notes/cuda.html#environment-variables)
2026-03-15 13:44:50,961 [INFO] src.sweep: [30/915] Running triplet e2c30e5af5d7bbfe — chain=subagent-18170598 triplet=0 (prompts 35→36→37)
2026-03-15 13:44:53,817 [INFO] src.sweep: [31/915] Running triplet ff0f3a13c5dc95d0 — chain=subagent-18170598 triplet=1 (prompts 36→37→38)
2026-03-15 13:44:58,511 [INFO] src.sweep: [32/915] Running triplet d857509981d29a92 — chain=subagent-18170598 triplet=2 (prompts 37→38→39)
2026-03-15 13:45:03,459 [INFO] src.sweep: [33/915] Running triplet fa1f63bb75c05d55 — chain=subagent-18170598 triplet=3 (prompts 38→39→40)
2026-03-15 13:45:14,590 [INFO] src.sweep: [34/915] Running triplet 90e9cd2b638263e7 — chain=subagent-18170598 triplet=4 (prompts 39→40→41)
2026-03-15 13:45:25,942 [INFO] src.storage: Flushed 17940 records to Qwen2.5-32B-prompt-diff-results/results_part_000001.parquet.
2026-03-15 13:45:25,945 [INFO] src.sweep: [35/915] Running triplet 6f1d3baf7b7463ec — chain=subagent-18170598 triplet=5 (prompts 40→41→42)
2026-03-15 13:46:12,461 [INFO] __main__: Configuration loaded from config/prompt_diff_qwen2.5.yaml
2026-03-15 13:46:15,149 [INFO] src.scheduler: Detected 8 usable GPUs (min_free=20.0 GB).
2026-03-15 13:46:15,150 [INFO] src.storage: Loaded checkpoint with 20 completed experiments.
2026-03-15 13:46:15,204 [INFO] src.model: Loading tokenizer from /root/share/models/Qwen2.5-32B-Instruct
2026-03-15 13:46:15,573 [INFO] src.model: Loading model from /root/share/models/Qwen2.5-32B-Instruct (dtype=bfloat16)
2026-03-15 13:46:28,963 [INFO] src.model: Model loaded. Parameters: 32,763,876,352
2026-03-15 13:46:29,437 [INFO] src.prompts: Loaded 1085 prompts from prompt/extracted_prompts.json.
2026-03-15 13:46:54,414 [INFO] src.sweep: jsonfile mode: 1085 prompts, token counts: [270, 7379, 10159, 11230, 14837, 289, 2233, 3422, 4218, 5443, 6044, 7772, 7913, 9497, 12339, 12555, 15469, 15685, 18592, 18808, 275, 1781, 2577, 4417, 6001, 7594, 8276, 11204, 12662, 14046, 18100, 19510, 24727, 25812, 27338, 267, 1536, 3001, 4318, 4452, 6077, 7015, 8549, 10449, 10669, 11475, 11590, 11690, 13087, 14340, 282, 596, 1853, 2434, 3267, 3793, 4031, 4406, 4449, 6259, 7161, 7366, 7883, 8508, 9053, 297, 899, 965, 1018, 1151, 1269, 3216, 3357, 3995, 6458, 7279, 9910, 10631, 11156, 13832, 276, 2614, 4293, 5632, 6933, 8703, 8837, 10617, 13307, 13852, 15832, 17246, 19224, 21218, 23199, 258, 1223, 1824, 2529, 2985, 276, 385, 650, 720, 2116, 2393, 3516, 4729, 5558, 5837, 6064, 6788, 6857, 7599, 8190, 271, 1438, 2900, 5199, 7536, 9976, 12424, 14236, 15820, 16823, 18322, 21179, 23798, 25390, 27352, 304, 906, 2180, 3058, 4102, 5011, 6548, 6852, 8185, 9529, 10380, 10544, 12089, 14889, 17687, 273, 2045, 4234, 7069, 10389, 14289, 17317, 20791, 24336, 28652, 32344, 39791, 44744, 48975, 54071, 279, 386, 648, 717, 804, 885, 2244, 2302, 2367, 3579, 3726, 6223, 276, 1166, 1224, 2075, 3306, 3371, 4318, 4459, 5537, 8967, 9649, 13216, 17898, 18364, 18430, 273, 392, 459, 536, 803, 894, 1296, 1351, 1434, 1548, 2420, 3145, 4315, 288, 613, 691, 721, 765, 1190, 1279, 1340, 1589, 1641, 1676, 1763, 5001, 173419, 173615, 282, 390, 477, 564, 668, 3267, 3481, 4021, 4512, 5066, 5262, 5846, 6147, 6685, 6936, 343, 2675, 3633, 4246, 6188, 7245, 8456, 10864, 13199, 312, 9428, 10302, 15731, 16714, 22668, 24221, 35224, 275, 1515, 2534, 251, 718, 881, 1032, 284, 641, 719, 778, 845, 937, 1699, 3913, 4293, 4458, 4489, 4517, 5698, 7857, 8620, 286, 2526, 4382, 6732, 9282, 12371, 13761, 16435, 18701, 19479, 22127, 24709, 25009, 279, 402, 472, 557, 836, 1465, 2274, 2392, 3933, 5504, 6107, 7070, 8209, 8785, 9945, 281, 587, 3396, 5024, 7415, 9076, 12005, 13465, 14155, 15533, 19642, 21140, 24360, 25786, 31330, 268, 2898, 41146, 42062, 42733, 44654, 47902, 48605, 49722, 50647, 334, 501, 564, 826, 899, 985, 1065, 1387, 1678, 1970, 2148, 2372, 2727, 2909, 3151, 269, 383, 451, 725, 795, 873, 1274, 1336, 1403, 1462, 3622, 6604, 7978, 8400, 8479, 304, 1256, 1520, 2352, 2791, 3223, 3700, 4608, 7327, 8104, 8554, 8925, 9402, 10000, 11876, 274, 1736, 2134, 169348, 169748, 253485, 295, 3240, 4017, 4717, 7803, 9658, 12897, 15825, 18491, 22104, 22234, 25924, 26783, 27493, 27910, 293, 413, 475, 737, 805, 892, 1789, 1975, 3165, 3214, 3325, 3480, 3678, 3756, 3835, 373, 1779, 2025, 3904, 6234, 9715, 11244, 13795, 15919, 19088, 23838, 25601, 27659, 29717, 31775, 337, 513, 774, 852, 2272, 2357, 2430, 3098, 3693, 3757, 5059, 6600, 7344, 299, 1233, 1310, 1391, 1483, 1619, 1823, 2100, 3200, 6259, 7601, 8927, 10278, 11963, 14126, 265, 1039, 1149, 15309, 16400, 17006, 18206, 31733, 33509, 34591, 34711, 36242, 40063, 41495, 55919, 297, 425, 488, 558, 825, 892, 974, 1122, 1910, 2107, 2569, 2900, 2932, 2960, 3103, 281, 965, 1584, 2103, 3551, 5620, 8622, 9610, 14966, 24153, 26728, 28329, 29244, 30095, 30695, 309, 842, 1350, 1757, 245, 576, 686, 743, 819, 900, 1151, 1186, 1257, 1436, 251, 803, 2001, 3575, 5978, 6966, 8383, 10109, 11139, 12867, 14316, 14440, 15848, 17597, 18790, 264, 1272, 2572, 3364, 4688, 5440, 6320, 6634, 7476, 8449, 9433, 10284, 11201, 11935, 13231, 307, 1037, 2930, 4157, 5506, 8024, 9946, 11039, 12715, 14583, 14697, 17116, 18993, 20661, 22309, 302, 3618, 3814, 3906, 4193, 4320, 4392, 4426, 28824, 28957, 29023, 29125, 29155, 29253, 29302, 288, 7838, 10510, 15496, 21688, 26246, 31741, 34975, 38334, 56837, 273, 2596, 8607, 12833, 22351, 24824, 28636, 30513, 38748, 41211, 41642, 44078, 53199, 55776, 271, 1221, 2327, 122598, 123671, 125161, 127677, 128900, 130673, 132203, 134717, 136383, 138824, 141338, 144307, 334, 2008, 3013, 5586, 7328, 9335, 304, 1885, 3565, 5497, 7769, 9454, 10906, 14739, 16502, 20778, 22875, 25555, 27799, 30692, 34424, 267, 938, 1419, 3153, 3374, 4278, 4661, 5581, 8091, 9356, 11468, 12393, 13795, 15460, 15685, 290, 743, 1173, 1847, 1966, 2093, 2930, 3739, 4913, 5106, 6127, 6245, 7575, 9479, 9858, 292, 1106, 3367, 3852, 4555, 4691, 5274, 5422, 6167, 6310, 7410, 7480, 8687, 11709, 12506, 293, 1498, 3114, 4866, 5229, 261, 608, 1356, 1915, 3818, 6265, 8850, 12386, 15020, 17672, 20021, 22529, 25122, 27471, 30077, 300, 1243, 1630, 1742, 4194, 7896, 12836, 18946, 25706, 26739, 292, 1181, 2177, 2879, 4226, 4643, 4793, 6015, 8645, 12451, 17377, 23521, 25419, 26158, 33496, 295, 1772, 2539, 3498, 3922, 4087, 5685, 5796, 5902, 7476, 8829, 10170, 11067, 12768, 14165, 306, 1324, 4067, 6019, 8043, 11279, 14751, 15949, 16072, 18751, 21386, 23641, 26174, 28508, 31253, 287, 1642, 3164, 4925, 6653, 7228, 8798, 9513, 10302, 10951, 11811, 12522, 13978, 14638, 15229, 300, 1035, 1207, 2294, 4887, 8674, 8744, 9971, 15786, 17093, 18036, 19173, 20475, 22124, 27153, 310, 1892, 2093, 4115, 4188, 4278, 5668, 5996, 6267, 6950, 7038, 7650, 7738, 8539, 9251, 254, 1655, 3299, 262, 589, 654, 696, 819, 892, 3492, 42031, 45435, 46140, 46191, 46229, 46267, 46303, 47443, 312, 4856, 8147, 14589, 18488, 23673, 25636, 29231, 271, 1887, 4025, 8938, 12711, 18792, 22828, 28279, 29873, 34523, 38005, 41209, 45875, 296, 502, 884, 11499, 11956, 12013, 14982, 15498, 26278, 27894, 29524, 30126, 41028, 41101, 41926, 282, 656, 1797, 2317, 2501, 3364, 3666, 3811, 4048, 4108, 331, 2030, 2300, 2701, 4629, 5708, 6121, 7241, 8426, 8866, 10124, 11239, 13128, 14470, 15823, 268, 1643, 4158, 5239, 7189, 9647, 10690, 11685, 12521, 13406, 14033, 15008, 15616, 16758, 17718, 262, 398, 461, 570, 645, 905, 1161, 1211, 4148, 323, 717, 783, 853, 911, 994, 1160, 1492, 1539, 1568, 3382, 4304, 7155, 7698, 8889, 283, 605, 894, 946, 1360, 1434, 14293, 14383, 27238, 27434, 28035, 28892, 29097, 29125, 29832, 332, 1049, 2200, 3168, 4635, 5940, 7260, 8829, 11231, 14288, 16464, 19537, 22232, 24933, 27634, 256, 350, 621, 703, 772, 1472, 1658, 2664, 2817, 3274, 3669, 4679, 4770, 6211, 6442, 268, 1150, 1620, 2642, 3509, 4069, 5483, 5851, 8589, 9333, 10225, 11144, 15110, 15620, 16332, 266, 1122, 1973, 2485, 5907, 9653, 12864, 16282, 18700, 20994, 24265, 27364, 30463, 33562, 36661, 337, 1861, 2480, 3773, 7321, 9169, 9434, 10447, 11548, 12085, 12429, 13498, 13763, 14474, 15016, 268, 408, 467, 552, 821, 1043, 1159, 1216, 18313, 267, 568, 1667, 2438, 3751, 3818, 4038, 4117, 4620, 5585, 6859, 6943, 7468, 7543, 8520, 266, 822, 1123, 1390, 293, 5613, 6790, 10239, 14280, 15194, 19616, 20785, 285, 1649, 3170, 4519, 6949, 7745, 8157, 11917, 12111, 12835, 13649, 15161, 15597, 16545, 17502, 285, 3926, 5472, 12047, 14073, 17024, 263, 1212, 2699, 3758, 9504, 10934, 11114, 12589, 14234, 15888, 17136, 19241, 20288, 21091, 21604, 268, 1221, 2526, 3923, 5443, 6802, 7629, 8591, 9836, 11081, 12326, 13571, 14816, 16061, 17306]
2026-03-15 13:46:54,415 [INFO] src.sweep: Triplet mode: 85 chains, 1085 total prompts.
2026-03-15 13:46:54,419 [INFO] src.sweep: Built 915 triplet jobs from 85 chains.
2026-03-15 13:46:54,419 [INFO] src.sweep: Starting sweep: 915 experiments.
2026-03-15 13:46:54,420 [INFO] src.sweep: [1/915] Skipping completed d880639366c33e4c
2026-03-15 13:46:54,420 [INFO] src.sweep: [2/915] Skipping completed bc4ae55a72593f6d
2026-03-15 13:46:54,420 [INFO] src.sweep: [3/915] Running triplet 2b267d068337a51a — chain=subagent-034ad88e triplet=2 (prompts 2→3→4)
2026-03-15 13:46:55,621 [ERROR] src.sweep: Triplet experiment 2b267d068337a51a failed.
Traceback (most recent call last):
  File "/root/context/ActivationPerturbationAnalysis/src/sweep.py", line 283, in run_sweep
    records = run_triplet_experiment(
  File "/root/context/ActivationPerturbationAnalysis/src/experiment.py", line 299, in run_triplet_experiment
    full_hidden = extract_hidden_states(model, triplet.seq_full_ids)
  File "/usr/local/lib/python3.10/dist-packages/torch/utils/_contextlib.py", line 116, in decorate_context
    return func(*args, **kwargs)
  File "/root/context/ActivationPerturbationAnalysis/src/model.py", line 95, in extract_hidden_states
    outputs = model(input_ids=input_ids, output_hidden_states=True)
  File "/usr/local/lib/python3.10/dist-packages/torch/nn/modules/module.py", line 1751, in _wrapped_call_impl
    return self._call_impl(*args, **kwargs)
  File "/usr/local/lib/python3.10/dist-packages/torch/nn/modules/module.py", line 1762, in _call_impl
    return forward_call(*args, **kwargs)
  File "/usr/local/lib/python3.10/dist-packages/accelerate/hooks.py", line 175, in new_forward
    output = module._old_forward(*args, **kwargs)
  File "/usr/local/lib/python3.10/dist-packages/transformers/utils/generic.py", line 965, in wrapper
    output = func(self, *args, **kwargs)
  File "/usr/local/lib/python3.10/dist-packages/transformers/utils/deprecation.py", line 172, in wrapped_func
    return func(*args, **kwargs)
  File "/usr/local/lib/python3.10/dist-packages/transformers/models/qwen2/modeling_qwen2.py", line 823, in forward
    outputs: BaseModelOutputWithPast = self.model(
  File "/usr/local/lib/python3.10/dist-packages/torch/nn/modules/module.py", line 1751, in _wrapped_call_impl
    return self._call_impl(*args, **kwargs)
  File "/usr/local/lib/python3.10/dist-packages/torch/nn/modules/module.py", line 1762, in _call_impl
    return forward_call(*args, **kwargs)
  File "/usr/local/lib/python3.10/dist-packages/transformers/utils/generic.py", line 965, in wrapper
    output = func(self, *args, **kwargs)
  File "/usr/local/lib/python3.10/dist-packages/transformers/models/qwen2/modeling_qwen2.py", line 549, in forward
    layer_outputs = decoder_layer(
  File "/usr/local/lib/python3.10/dist-packages/torch/nn/modules/module.py", line 1751, in _wrapped_call_impl
    return self._call_impl(*args, **kwargs)
  File "/usr/local/lib/python3.10/dist-packages/torch/nn/modules/module.py", line 1762, in _call_impl
    return forward_call(*args, **kwargs)
  File "/usr/local/lib/python3.10/dist-packages/accelerate/hooks.py", line 175, in new_forward
    output = module._old_forward(*args, **kwargs)
  File "/usr/local/lib/python3.10/dist-packages/transformers/models/qwen2/modeling_qwen2.py", line 262, in forward
    hidden_states, self_attn_weights = self.self_attn(
  File "/usr/local/lib/python3.10/dist-packages/torch/nn/modules/module.py", line 1751, in _wrapped_call_impl
    return self._call_impl(*args, **kwargs)
  File "/usr/local/lib/python3.10/dist-packages/torch/nn/modules/module.py", line 1762, in _call_impl
    return forward_call(*args, **kwargs)
  File "/usr/local/lib/python3.10/dist-packages/accelerate/hooks.py", line 175, in new_forward
    output = module._old_forward(*args, **kwargs)
  File "/usr/local/lib/python3.10/dist-packages/transformers/models/qwen2/modeling_qwen2.py", line 194, in forward
    attn_output, attn_weights = attention_interface(
  File "/usr/local/lib/python3.10/dist-packages/transformers/models/qwen2/modeling_qwen2.py", line 127, in eager_attention_forward
    attn_weights = nn.functional.softmax(attn_weights, dim=-1, dtype=torch.float32).to(query.dtype)
  File "/usr/local/lib/python3.10/dist-packages/torch/nn/functional.py", line 2142, in softmax
    ret = input.softmax(dim, dtype=dtype)
torch.OutOfMemoryError: CUDA out of memory. Tried to allocate 32.80 GiB. GPU 0 has a total capacity of 79.32 GiB of which 16.64 GiB is free. Process 3446780 has 62.67 GiB memory in use. Of the allocated memory 61.84 GiB is allocated by PyTorch, and 351.44 MiB is reserved by PyTorch but unallocated. If reserved but unallocated memory is large try setting PYTORCH_CUDA_ALLOC_CONF=expandable_segments:True to avoid fragmentation.  See documentation for Memory Management  (https://pytorch.org/docs/stable/notes/cuda.html#environment-variables)
2026-03-15 13:46:55,623 [INFO] src.sweep: [4/915] Skipping completed d7fc1be12e6c57ea
2026-03-15 13:46:55,623 [INFO] src.sweep: [5/915] Skipping completed 33ffd0da585d6522
2026-03-15 13:46:55,623 [INFO] src.sweep: [6/915] Skipping completed 66a9b08549d44abd
2026-03-15 13:46:55,623 [INFO] src.sweep: [7/915] Skipping completed d8293601f5aad280
2026-03-15 13:46:55,623 [INFO] src.sweep: [8/915] Skipping completed c682f3a86ff3ca79
2026-03-15 13:46:55,623 [INFO] src.sweep: [9/915] Skipping completed 73b017d0ae9524b4
2026-03-15 13:46:55,623 [INFO] src.sweep: [10/915] Skipping completed ff5cbd8c7995162d
2026-03-15 13:46:55,623 [INFO] src.sweep: [11/915] Running triplet 344ff3a90ecc6dfe — chain=subagent-0c71c49d triplet=7 (prompts 12→13→14)
2026-03-15 13:46:55,845 [ERROR] src.sweep: Triplet experiment 344ff3a90ecc6dfe failed.
Traceback (most recent call last):
  File "/root/context/ActivationPerturbationAnalysis/src/sweep.py", line 283, in run_sweep
    records = run_triplet_experiment(
  File "/root/context/ActivationPerturbationAnalysis/src/experiment.py", line 299, in run_triplet_experiment
    full_hidden = extract_hidden_states(model, triplet.seq_full_ids)
  File "/usr/local/lib/python3.10/dist-packages/torch/utils/_contextlib.py", line 116, in decorate_context
    return func(*args, **kwargs)
  File "/root/context/ActivationPerturbationAnalysis/src/model.py", line 95, in extract_hidden_states
    outputs = model(input_ids=input_ids, output_hidden_states=True)
  File "/usr/local/lib/python3.10/dist-packages/torch/nn/modules/module.py", line 1751, in _wrapped_call_impl
    return self._call_impl(*args, **kwargs)
  File "/usr/local/lib/python3.10/dist-packages/torch/nn/modules/module.py", line 1762, in _call_impl
    return forward_call(*args, **kwargs)
  File "/usr/local/lib/python3.10/dist-packages/accelerate/hooks.py", line 175, in new_forward
    output = module._old_forward(*args, **kwargs)
  File "/usr/local/lib/python3.10/dist-packages/transformers/utils/generic.py", line 965, in wrapper
    output = func(self, *args, **kwargs)
  File "/usr/local/lib/python3.10/dist-packages/transformers/utils/deprecation.py", line 172, in wrapped_func
    return func(*args, **kwargs)
  File "/usr/local/lib/python3.10/dist-packages/transformers/models/qwen2/modeling_qwen2.py", line 823, in forward
    outputs: BaseModelOutputWithPast = self.model(
  File "/usr/local/lib/python3.10/dist-packages/torch/nn/modules/module.py", line 1751, in _wrapped_call_impl
    return self._call_impl(*args, **kwargs)
  File "/usr/local/lib/python3.10/dist-packages/torch/nn/modules/module.py", line 1762, in _call_impl
    return forward_call(*args, **kwargs)
  File "/usr/local/lib/python3.10/dist-packages/transformers/utils/generic.py", line 965, in wrapper
    output = func(self, *args, **kwargs)
  File "/usr/local/lib/python3.10/dist-packages/transformers/models/qwen2/modeling_qwen2.py", line 549, in forward
    layer_outputs = decoder_layer(
  File "/usr/local/lib/python3.10/dist-packages/torch/nn/modules/module.py", line 1751, in _wrapped_call_impl
    return self._call_impl(*args, **kwargs)
  File "/usr/local/lib/python3.10/dist-packages/torch/nn/modules/module.py", line 1762, in _call_impl
    return forward_call(*args, **kwargs)
  File "/usr/local/lib/python3.10/dist-packages/accelerate/hooks.py", line 175, in new_forward
    output = module._old_forward(*args, **kwargs)
  File "/usr/local/lib/python3.10/dist-packages/transformers/models/qwen2/modeling_qwen2.py", line 262, in forward
    hidden_states, self_attn_weights = self.self_attn(
  File "/usr/local/lib/python3.10/dist-packages/torch/nn/modules/module.py", line 1751, in _wrapped_call_impl
    return self._call_impl(*args, **kwargs)
  File "/usr/local/lib/python3.10/dist-packages/torch/nn/modules/module.py", line 1762, in _call_impl
    return forward_call(*args, **kwargs)
  File "/usr/local/lib/python3.10/dist-packages/accelerate/hooks.py", line 175, in new_forward
    output = module._old_forward(*args, **kwargs)
  File "/usr/local/lib/python3.10/dist-packages/transformers/models/qwen2/modeling_qwen2.py", line 194, in forward
    attn_output, attn_weights = attention_interface(
  File "/usr/local/lib/python3.10/dist-packages/transformers/models/qwen2/modeling_qwen2.py", line 127, in eager_attention_forward
    attn_weights = nn.functional.softmax(attn_weights, dim=-1, dtype=torch.float32).to(query.dtype)
  File "/usr/local/lib/python3.10/dist-packages/torch/nn/functional.py", line 2142, in softmax
    ret = input.softmax(dim, dtype=dtype)
torch.OutOfMemoryError: CUDA out of memory. Tried to allocate 22.69 GiB. GPU 0 has a total capacity of 79.32 GiB of which 17.13 GiB is free. Process 3446780 has 62.19 GiB memory in use. Of the allocated memory 46.41 GiB is allocated by PyTorch, and 15.29 GiB is reserved by PyTorch but unallocated. If reserved but unallocated memory is large try setting PYTORCH_CUDA_ALLOC_CONF=expandable_segments:True to avoid fragmentation.  See documentation for Memory Management  (https://pytorch.org/docs/stable/notes/cuda.html#environment-variables)
2026-03-15 13:46:55,846 [INFO] src.sweep: [12/915] Running triplet fc44103a0411b753 — chain=subagent-0c71c49d triplet=8 (prompts 13→14→15)
2026-03-15 13:46:55,912 [ERROR] src.sweep: Triplet experiment fc44103a0411b753 failed.
Traceback (most recent call last):
  File "/root/context/ActivationPerturbationAnalysis/src/sweep.py", line 283, in run_sweep
    records = run_triplet_experiment(
  File "/root/context/ActivationPerturbationAnalysis/src/experiment.py", line 299, in run_triplet_experiment
    full_hidden = extract_hidden_states(model, triplet.seq_full_ids)
  File "/usr/local/lib/python3.10/dist-packages/torch/utils/_contextlib.py", line 116, in decorate_context
    return func(*args, **kwargs)
  File "/root/context/ActivationPerturbationAnalysis/src/model.py", line 95, in extract_hidden_states
    outputs = model(input_ids=input_ids, output_hidden_states=True)
  File "/usr/local/lib/python3.10/dist-packages/torch/nn/modules/module.py", line 1751, in _wrapped_call_impl
    return self._call_impl(*args, **kwargs)
  File "/usr/local/lib/python3.10/dist-packages/torch/nn/modules/module.py", line 1762, in _call_impl
    return forward_call(*args, **kwargs)
  File "/usr/local/lib/python3.10/dist-packages/accelerate/hooks.py", line 175, in new_forward
    output = module._old_forward(*args, **kwargs)
  File "/usr/local/lib/python3.10/dist-packages/transformers/utils/generic.py", line 965, in wrapper
    output = func(self, *args, **kwargs)
  File "/usr/local/lib/python3.10/dist-packages/transformers/utils/deprecation.py", line 172, in wrapped_func
    return func(*args, **kwargs)
  File "/usr/local/lib/python3.10/dist-packages/transformers/models/qwen2/modeling_qwen2.py", line 823, in forward
    outputs: BaseModelOutputWithPast = self.model(
  File "/usr/local/lib/python3.10/dist-packages/torch/nn/modules/module.py", line 1751, in _wrapped_call_impl
    return self._call_impl(*args, **kwargs)
  File "/usr/local/lib/python3.10/dist-packages/torch/nn/modules/module.py", line 1762, in _call_impl
    return forward_call(*args, **kwargs)
  File "/usr/local/lib/python3.10/dist-packages/transformers/utils/generic.py", line 965, in wrapper
    output = func(self, *args, **kwargs)
  File "/usr/local/lib/python3.10/dist-packages/transformers/models/qwen2/modeling_qwen2.py", line 549, in forward
    layer_outputs = decoder_layer(
  File "/usr/local/lib/python3.10/dist-packages/torch/nn/modules/module.py", line 1751, in _wrapped_call_impl
    return self._call_impl(*args, **kwargs)
  File "/usr/local/lib/python3.10/dist-packages/torch/nn/modules/module.py", line 1762, in _call_impl
    return forward_call(*args, **kwargs)
  File "/usr/local/lib/python3.10/dist-packages/accelerate/hooks.py", line 175, in new_forward
    output = module._old_forward(*args, **kwargs)
  File "/usr/local/lib/python3.10/dist-packages/transformers/models/qwen2/modeling_qwen2.py", line 262, in forward
    hidden_states, self_attn_weights = self.self_attn(
  File "/usr/local/lib/python3.10/dist-packages/torch/nn/modules/module.py", line 1751, in _wrapped_call_impl
    return self._call_impl(*args, **kwargs)
  File "/usr/local/lib/python3.10/dist-packages/torch/nn/modules/module.py", line 1762, in _call_impl
    return forward_call(*args, **kwargs)
  File "/usr/local/lib/python3.10/dist-packages/accelerate/hooks.py", line 175, in new_forward
    output = module._old_forward(*args, **kwargs)
  File "/usr/local/lib/python3.10/dist-packages/transformers/models/qwen2/modeling_qwen2.py", line 194, in forward
    attn_output, attn_weights = attention_interface(
  File "/usr/local/lib/python3.10/dist-packages/transformers/models/qwen2/modeling_qwen2.py", line 127, in eager_attention_forward
    attn_weights = nn.functional.softmax(attn_weights, dim=-1, dtype=torch.float32).to(query.dtype)
  File "/usr/local/lib/python3.10/dist-packages/torch/nn/functional.py", line 2142, in softmax
    ret = input.softmax(dim, dtype=dtype)
torch.OutOfMemoryError: CUDA out of memory. Tried to allocate 23.49 GiB. GPU 0 has a total capacity of 79.32 GiB of which 17.13 GiB is free. Process 3446780 has 62.19 GiB memory in use. Of the allocated memory 47.63 GiB is allocated by PyTorch, and 14.06 GiB is reserved by PyTorch but unallocated. If reserved but unallocated memory is large try setting PYTORCH_CUDA_ALLOC_CONF=expandable_segments:True to avoid fragmentation.  See documentation for Memory Management  (https://pytorch.org/docs/stable/notes/cuda.html#environment-variables)
2026-03-15 13:46:55,912 [INFO] src.sweep: [13/915] Running triplet 2caec8241a66e2f2 — chain=subagent-0c71c49d triplet=9 (prompts 14→15→16)
2026-03-15 13:46:56,177 [ERROR] src.sweep: Triplet experiment 2caec8241a66e2f2 failed.
Traceback (most recent call last):
  File "/root/context/ActivationPerturbationAnalysis/src/sweep.py", line 283, in run_sweep
    records = run_triplet_experiment(
  File "/root/context/ActivationPerturbationAnalysis/src/experiment.py", line 299, in run_triplet_experiment
    full_hidden = extract_hidden_states(model, triplet.seq_full_ids)
  File "/usr/local/lib/python3.10/dist-packages/torch/utils/_contextlib.py", line 116, in decorate_context
    return func(*args, **kwargs)
  File "/root/context/ActivationPerturbationAnalysis/src/model.py", line 95, in extract_hidden_states
    outputs = model(input_ids=input_ids, output_hidden_states=True)
  File "/usr/local/lib/python3.10/dist-packages/torch/nn/modules/module.py", line 1751, in _wrapped_call_impl
    return self._call_impl(*args, **kwargs)
  File "/usr/local/lib/python3.10/dist-packages/torch/nn/modules/module.py", line 1762, in _call_impl
    return forward_call(*args, **kwargs)
  File "/usr/local/lib/python3.10/dist-packages/accelerate/hooks.py", line 175, in new_forward
    output = module._old_forward(*args, **kwargs)
  File "/usr/local/lib/python3.10/dist-packages/transformers/utils/generic.py", line 965, in wrapper
    output = func(self, *args, **kwargs)
  File "/usr/local/lib/python3.10/dist-packages/transformers/utils/deprecation.py", line 172, in wrapped_func
    return func(*args, **kwargs)
  File "/usr/local/lib/python3.10/dist-packages/transformers/models/qwen2/modeling_qwen2.py", line 823, in forward
    outputs: BaseModelOutputWithPast = self.model(
  File "/usr/local/lib/python3.10/dist-packages/torch/nn/modules/module.py", line 1751, in _wrapped_call_impl
    return self._call_impl(*args, **kwargs)
  File "/usr/local/lib/python3.10/dist-packages/torch/nn/modules/module.py", line 1762, in _call_impl
    return forward_call(*args, **kwargs)
  File "/usr/local/lib/python3.10/dist-packages/transformers/utils/generic.py", line 965, in wrapper
    output = func(self, *args, **kwargs)
  File "/usr/local/lib/python3.10/dist-packages/transformers/models/qwen2/modeling_qwen2.py", line 549, in forward
    layer_outputs = decoder_layer(
  File "/usr/local/lib/python3.10/dist-packages/torch/nn/modules/module.py", line 1751, in _wrapped_call_impl
    return self._call_impl(*args, **kwargs)
  File "/usr/local/lib/python3.10/dist-packages/torch/nn/modules/module.py", line 1762, in _call_impl
    return forward_call(*args, **kwargs)
  File "/usr/local/lib/python3.10/dist-packages/accelerate/hooks.py", line 175, in new_forward
    output = module._old_forward(*args, **kwargs)
  File "/usr/local/lib/python3.10/dist-packages/transformers/models/qwen2/modeling_qwen2.py", line 262, in forward
    hidden_states, self_attn_weights = self.self_attn(
  File "/usr/local/lib/python3.10/dist-packages/torch/nn/modules/module.py", line 1751, in _wrapped_call_impl
    return self._call_impl(*args, **kwargs)
  File "/usr/local/lib/python3.10/dist-packages/torch/nn/modules/module.py", line 1762, in _call_impl
    return forward_call(*args, **kwargs)
  File "/usr/local/lib/python3.10/dist-packages/accelerate/hooks.py", line 175, in new_forward
    output = module._old_forward(*args, **kwargs)
  File "/usr/local/lib/python3.10/dist-packages/transformers/models/qwen2/modeling_qwen2.py", line 194, in forward
    attn_output, attn_weights = attention_interface(
  File "/usr/local/lib/python3.10/dist-packages/transformers/models/qwen2/modeling_qwen2.py", line 122, in eager_attention_forward
    attn_weights = torch.matmul(query, key_states.transpose(2, 3)) * scaling
torch.OutOfMemoryError: CUDA out of memory. Tried to allocate 17.83 GiB. GPU 0 has a total capacity of 79.32 GiB of which 17.27 GiB is free. Process 3446780 has 62.04 GiB memory in use. Of the allocated memory 30.53 GiB is allocated by PyTorch, and 31.02 GiB is reserved by PyTorch but unallocated. If reserved but unallocated memory is large try setting PYTORCH_CUDA_ALLOC_CONF=expandable_segments:True to avoid fragmentation.  See documentation for Memory Management  (https://pytorch.org/docs/stable/notes/cuda.html#environment-variables)
2026-03-15 13:46:56,178 [INFO] src.sweep: [14/915] Running triplet 6097790d100fa444 — chain=subagent-0c71c49d triplet=10 (prompts 15→16→17)
2026-03-15 13:46:56,264 [ERROR] src.sweep: Triplet experiment 6097790d100fa444 failed.
Traceback (most recent call last):
  File "/root/context/ActivationPerturbationAnalysis/src/sweep.py", line 283, in run_sweep
    records = run_triplet_experiment(
  File "/root/context/ActivationPerturbationAnalysis/src/experiment.py", line 299, in run_triplet_experiment
    full_hidden = extract_hidden_states(model, triplet.seq_full_ids)
  File "/usr/local/lib/python3.10/dist-packages/torch/utils/_contextlib.py", line 116, in decorate_context
    return func(*args, **kwargs)
  File "/root/context/ActivationPerturbationAnalysis/src/model.py", line 95, in extract_hidden_states
    outputs = model(input_ids=input_ids, output_hidden_states=True)
  File "/usr/local/lib/python3.10/dist-packages/torch/nn/modules/module.py", line 1751, in _wrapped_call_impl
    return self._call_impl(*args, **kwargs)
  File "/usr/local/lib/python3.10/dist-packages/torch/nn/modules/module.py", line 1762, in _call_impl
    return forward_call(*args, **kwargs)
  File "/usr/local/lib/python3.10/dist-packages/accelerate/hooks.py", line 175, in new_forward
    output = module._old_forward(*args, **kwargs)
  File "/usr/local/lib/python3.10/dist-packages/transformers/utils/generic.py", line 965, in wrapper
    output = func(self, *args, **kwargs)
  File "/usr/local/lib/python3.10/dist-packages/transformers/utils/deprecation.py", line 172, in wrapped_func
    return func(*args, **kwargs)
  File "/usr/local/lib/python3.10/dist-packages/transformers/models/qwen2/modeling_qwen2.py", line 823, in forward
    outputs: BaseModelOutputWithPast = self.model(
  File "/usr/local/lib/python3.10/dist-packages/torch/nn/modules/module.py", line 1751, in _wrapped_call_impl
    return self._call_impl(*args, **kwargs)
  File "/usr/local/lib/python3.10/dist-packages/torch/nn/modules/module.py", line 1762, in _call_impl
    return forward_call(*args, **kwargs)
  File "/usr/local/lib/python3.10/dist-packages/transformers/utils/generic.py", line 965, in wrapper
    output = func(self, *args, **kwargs)
  File "/usr/local/lib/python3.10/dist-packages/transformers/models/qwen2/modeling_qwen2.py", line 549, in forward
    layer_outputs = decoder_layer(
  File "/usr/local/lib/python3.10/dist-packages/torch/nn/modules/module.py", line 1751, in _wrapped_call_impl
    return self._call_impl(*args, **kwargs)
  File "/usr/local/lib/python3.10/dist-packages/torch/nn/modules/module.py", line 1762, in _call_impl
    return forward_call(*args, **kwargs)
  File "/usr/local/lib/python3.10/dist-packages/accelerate/hooks.py", line 175, in new_forward
    output = module._old_forward(*args, **kwargs)
  File "/usr/local/lib/python3.10/dist-packages/transformers/models/qwen2/modeling_qwen2.py", line 262, in forward
    hidden_states, self_attn_weights = self.self_attn(
  File "/usr/local/lib/python3.10/dist-packages/torch/nn/modules/module.py", line 1751, in _wrapped_call_impl
    return self._call_impl(*args, **kwargs)
  File "/usr/local/lib/python3.10/dist-packages/torch/nn/modules/module.py", line 1762, in _call_impl
    return forward_call(*args, **kwargs)
  File "/usr/local/lib/python3.10/dist-packages/accelerate/hooks.py", line 175, in new_forward
    output = module._old_forward(*args, **kwargs)
  File "/usr/local/lib/python3.10/dist-packages/transformers/models/qwen2/modeling_qwen2.py", line 194, in forward
    attn_output, attn_weights = attention_interface(
  File "/usr/local/lib/python3.10/dist-packages/transformers/models/qwen2/modeling_qwen2.py", line 122, in eager_attention_forward
    attn_weights = torch.matmul(query, key_states.transpose(2, 3)) * scaling
torch.OutOfMemoryError: CUDA out of memory. Tried to allocate 18.33 GiB. GPU 0 has a total capacity of 79.32 GiB of which 17.27 GiB is free. Process 3446780 has 62.04 GiB memory in use. Of the allocated memory 31.05 GiB is allocated by PyTorch, and 30.50 GiB is reserved by PyTorch but unallocated. If reserved but unallocated memory is large try setting PYTORCH_CUDA_ALLOC_CONF=expandable_segments:True to avoid fragmentation.  See documentation for Memory Management  (https://pytorch.org/docs/stable/notes/cuda.html#environment-variables)
2026-03-15 13:46:56,265 [INFO] src.sweep: [15/915] Running triplet 541b222c2f9b085c — chain=subagent-0c71c49d triplet=11 (prompts 16→17→18)
2026-03-15 13:46:56,373 [ERROR] src.sweep: Triplet experiment 541b222c2f9b085c failed.
Traceback (most recent call last):
  File "/root/context/ActivationPerturbationAnalysis/src/sweep.py", line 283, in run_sweep
    records = run_triplet_experiment(
  File "/root/context/ActivationPerturbationAnalysis/src/experiment.py", line 299, in run_triplet_experiment
    full_hidden = extract_hidden_states(model, triplet.seq_full_ids)
  File "/usr/local/lib/python3.10/dist-packages/torch/utils/_contextlib.py", line 116, in decorate_context
    return func(*args, **kwargs)
  File "/root/context/ActivationPerturbationAnalysis/src/model.py", line 95, in extract_hidden_states
    outputs = model(input_ids=input_ids, output_hidden_states=True)
  File "/usr/local/lib/python3.10/dist-packages/torch/nn/modules/module.py", line 1751, in _wrapped_call_impl
    return self._call_impl(*args, **kwargs)
  File "/usr/local/lib/python3.10/dist-packages/torch/nn/modules/module.py", line 1762, in _call_impl
    return forward_call(*args, **kwargs)
  File "/usr/local/lib/python3.10/dist-packages/accelerate/hooks.py", line 175, in new_forward
    output = module._old_forward(*args, **kwargs)
  File "/usr/local/lib/python3.10/dist-packages/transformers/utils/generic.py", line 965, in wrapper
    output = func(self, *args, **kwargs)
  File "/usr/local/lib/python3.10/dist-packages/transformers/utils/deprecation.py", line 172, in wrapped_func
    return func(*args, **kwargs)
  File "/usr/local/lib/python3.10/dist-packages/transformers/models/qwen2/modeling_qwen2.py", line 823, in forward
    outputs: BaseModelOutputWithPast = self.model(
  File "/usr/local/lib/python3.10/dist-packages/torch/nn/modules/module.py", line 1751, in _wrapped_call_impl
    return self._call_impl(*args, **kwargs)
  File "/usr/local/lib/python3.10/dist-packages/torch/nn/modules/module.py", line 1762, in _call_impl
    return forward_call(*args, **kwargs)
  File "/usr/local/lib/python3.10/dist-packages/transformers/utils/generic.py", line 965, in wrapper
    output = func(self, *args, **kwargs)
  File "/usr/local/lib/python3.10/dist-packages/transformers/models/qwen2/modeling_qwen2.py", line 549, in forward
    layer_outputs = decoder_layer(
  File "/usr/local/lib/python3.10/dist-packages/torch/nn/modules/module.py", line 1751, in _wrapped_call_impl
    return self._call_impl(*args, **kwargs)
  File "/usr/local/lib/python3.10/dist-packages/torch/nn/modules/module.py", line 1762, in _call_impl
    return forward_call(*args, **kwargs)
  File "/usr/local/lib/python3.10/dist-packages/accelerate/hooks.py", line 175, in new_forward
    output = module._old_forward(*args, **kwargs)
  File "/usr/local/lib/python3.10/dist-packages/transformers/models/qwen2/modeling_qwen2.py", line 262, in forward
    hidden_states, self_attn_weights = self.self_attn(
  File "/usr/local/lib/python3.10/dist-packages/torch/nn/modules/module.py", line 1751, in _wrapped_call_impl
    return self._call_impl(*args, **kwargs)
  File "/usr/local/lib/python3.10/dist-packages/torch/nn/modules/module.py", line 1762, in _call_impl
    return forward_call(*args, **kwargs)
  File "/usr/local/lib/python3.10/dist-packages/accelerate/hooks.py", line 175, in new_forward
    output = module._old_forward(*args, **kwargs)
  File "/usr/local/lib/python3.10/dist-packages/transformers/models/qwen2/modeling_qwen2.py", line 194, in forward
    attn_output, attn_weights = attention_interface(
  File "/usr/local/lib/python3.10/dist-packages/transformers/models/qwen2/modeling_qwen2.py", line 122, in eager_attention_forward
    attn_weights = torch.matmul(query, key_states.transpose(2, 3)) * scaling
torch.OutOfMemoryError: CUDA out of memory. Tried to allocate 25.75 GiB. GPU 0 has a total capacity of 79.32 GiB of which 17.27 GiB is free. Process 3446780 has 62.04 GiB memory in use. Of the allocated memory 38.81 GiB is allocated by PyTorch, and 22.73 GiB is reserved by PyTorch but unallocated. If reserved but unallocated memory is large try setting PYTORCH_CUDA_ALLOC_CONF=expandable_segments:True to avoid fragmentation.  See documentation for Memory Management  (https://pytorch.org/docs/stable/notes/cuda.html#environment-variables)
2026-03-15 13:46:56,374 [INFO] src.sweep: [16/915] Running triplet 5303c6c7a535b5b7 — chain=subagent-0c71c49d triplet=12 (prompts 17→18→19)
2026-03-15 13:46:56,472 [ERROR] src.sweep: Triplet experiment 5303c6c7a535b5b7 failed.
Traceback (most recent call last):
  File "/root/context/ActivationPerturbationAnalysis/src/sweep.py", line 283, in run_sweep
    records = run_triplet_experiment(
  File "/root/context/ActivationPerturbationAnalysis/src/experiment.py", line 299, in run_triplet_experiment
    full_hidden = extract_hidden_states(model, triplet.seq_full_ids)
  File "/usr/local/lib/python3.10/dist-packages/torch/utils/_contextlib.py", line 116, in decorate_context
    return func(*args, **kwargs)
  File "/root/context/ActivationPerturbationAnalysis/src/model.py", line 95, in extract_hidden_states
    outputs = model(input_ids=input_ids, output_hidden_states=True)
  File "/usr/local/lib/python3.10/dist-packages/torch/nn/modules/module.py", line 1751, in _wrapped_call_impl
    return self._call_impl(*args, **kwargs)
  File "/usr/local/lib/python3.10/dist-packages/torch/nn/modules/module.py", line 1762, in _call_impl
    return forward_call(*args, **kwargs)
  File "/usr/local/lib/python3.10/dist-packages/accelerate/hooks.py", line 175, in new_forward
    output = module._old_forward(*args, **kwargs)
  File "/usr/local/lib/python3.10/dist-packages/transformers/utils/generic.py", line 965, in wrapper
    output = func(self, *args, **kwargs)
  File "/usr/local/lib/python3.10/dist-packages/transformers/utils/deprecation.py", line 172, in wrapped_func
    return func(*args, **kwargs)
  File "/usr/local/lib/python3.10/dist-packages/transformers/models/qwen2/modeling_qwen2.py", line 823, in forward
    outputs: BaseModelOutputWithPast = self.model(
  File "/usr/local/lib/python3.10/dist-packages/torch/nn/modules/module.py", line 1751, in _wrapped_call_impl
    return self._call_impl(*args, **kwargs)
  File "/usr/local/lib/python3.10/dist-packages/torch/nn/modules/module.py", line 1762, in _call_impl
    return forward_call(*args, **kwargs)
  File "/usr/local/lib/python3.10/dist-packages/transformers/utils/generic.py", line 965, in wrapper
    output = func(self, *args, **kwargs)
  File "/usr/local/lib/python3.10/dist-packages/transformers/models/qwen2/modeling_qwen2.py", line 549, in forward
    layer_outputs = decoder_layer(
  File "/usr/local/lib/python3.10/dist-packages/torch/nn/modules/module.py", line 1751, in _wrapped_call_impl
    return self._call_impl(*args, **kwargs)
  File "/usr/local/lib/python3.10/dist-packages/torch/nn/modules/module.py", line 1762, in _call_impl
    return forward_call(*args, **kwargs)
  File "/usr/local/lib/python3.10/dist-packages/accelerate/hooks.py", line 175, in new_forward
    output = module._old_forward(*args, **kwargs)
  File "/usr/local/lib/python3.10/dist-packages/transformers/models/qwen2/modeling_qwen2.py", line 262, in forward
    hidden_states, self_attn_weights = self.self_attn(
  File "/usr/local/lib/python3.10/dist-packages/torch/nn/modules/module.py", line 1751, in _wrapped_call_impl
    return self._call_impl(*args, **kwargs)
  File "/usr/local/lib/python3.10/dist-packages/torch/nn/modules/module.py", line 1762, in _call_impl
    return forward_call(*args, **kwargs)
  File "/usr/local/lib/python3.10/dist-packages/accelerate/hooks.py", line 175, in new_forward
    output = module._old_forward(*args, **kwargs)
  File "/usr/local/lib/python3.10/dist-packages/transformers/models/qwen2/modeling_qwen2.py", line 194, in forward
    attn_output, attn_weights = attention_interface(
  File "/usr/local/lib/python3.10/dist-packages/transformers/models/qwen2/modeling_qwen2.py", line 122, in eager_attention_forward
    attn_weights = torch.matmul(query, key_states.transpose(2, 3)) * scaling
torch.OutOfMemoryError: CUDA out of memory. Tried to allocate 26.36 GiB. GPU 0 has a total capacity of 79.32 GiB of which 17.27 GiB is free. Process 3446780 has 62.04 GiB memory in use. Of the allocated memory 39.44 GiB is allocated by PyTorch, and 22.11 GiB is reserved by PyTorch but unallocated. If reserved but unallocated memory is large try setting PYTORCH_CUDA_ALLOC_CONF=expandable_segments:True to avoid fragmentation.  See documentation for Memory Management  (https://pytorch.org/docs/stable/notes/cuda.html#environment-variables)
2026-03-15 13:46:56,473 [INFO] src.sweep: [17/915] Skipping completed 11ea151513bcfcad
2026-03-15 13:46:56,473 [INFO] src.sweep: [18/915] Skipping completed 64eb9f9e31577000
2026-03-15 13:46:56,473 [INFO] src.sweep: [19/915] Skipping completed 7aa69442a4a41c4c
2026-03-15 13:46:56,473 [INFO] src.sweep: [20/915] Skipping completed e544aa08312526b2
2026-03-15 13:46:56,473 [INFO] src.sweep: [21/915] Skipping completed 38ab062380f560cb
2026-03-15 13:46:56,473 [INFO] src.sweep: [22/915] Skipping completed 30993db1dc00d2a2
2026-03-15 13:46:56,473 [INFO] src.sweep: [23/915] Running triplet df984dd30d389966 — chain=subagent-0d6ab694 triplet=6 (prompts 26→27→28)
2026-03-15 13:46:56,544 [ERROR] src.sweep: Triplet experiment df984dd30d389966 failed.
Traceback (most recent call last):
  File "/root/context/ActivationPerturbationAnalysis/src/sweep.py", line 283, in run_sweep
    records = run_triplet_experiment(
  File "/root/context/ActivationPerturbationAnalysis/src/experiment.py", line 299, in run_triplet_experiment
    full_hidden = extract_hidden_states(model, triplet.seq_full_ids)
  File "/usr/local/lib/python3.10/dist-packages/torch/utils/_contextlib.py", line 116, in decorate_context
    return func(*args, **kwargs)
  File "/root/context/ActivationPerturbationAnalysis/src/model.py", line 95, in extract_hidden_states
    outputs = model(input_ids=input_ids, output_hidden_states=True)
  File "/usr/local/lib/python3.10/dist-packages/torch/nn/modules/module.py", line 1751, in _wrapped_call_impl
    return self._call_impl(*args, **kwargs)
  File "/usr/local/lib/python3.10/dist-packages/torch/nn/modules/module.py", line 1762, in _call_impl
    return forward_call(*args, **kwargs)
  File "/usr/local/lib/python3.10/dist-packages/accelerate/hooks.py", line 175, in new_forward
    output = module._old_forward(*args, **kwargs)
  File "/usr/local/lib/python3.10/dist-packages/transformers/utils/generic.py", line 965, in wrapper
    output = func(self, *args, **kwargs)
  File "/usr/local/lib/python3.10/dist-packages/transformers/utils/deprecation.py", line 172, in wrapped_func
    return func(*args, **kwargs)
  File "/usr/local/lib/python3.10/dist-packages/transformers/models/qwen2/modeling_qwen2.py", line 823, in forward
    outputs: BaseModelOutputWithPast = self.model(
  File "/usr/local/lib/python3.10/dist-packages/torch/nn/modules/module.py", line 1751, in _wrapped_call_impl
    return self._call_impl(*args, **kwargs)
  File "/usr/local/lib/python3.10/dist-packages/torch/nn/modules/module.py", line 1762, in _call_impl
    return forward_call(*args, **kwargs)
  File "/usr/local/lib/python3.10/dist-packages/transformers/utils/generic.py", line 965, in wrapper
    output = func(self, *args, **kwargs)
  File "/usr/local/lib/python3.10/dist-packages/transformers/models/qwen2/modeling_qwen2.py", line 549, in forward
    layer_outputs = decoder_layer(
  File "/usr/local/lib/python3.10/dist-packages/torch/nn/modules/module.py", line 1751, in _wrapped_call_impl
    return self._call_impl(*args, **kwargs)
  File "/usr/local/lib/python3.10/dist-packages/torch/nn/modules/module.py", line 1762, in _call_impl
    return forward_call(*args, **kwargs)
  File "/usr/local/lib/python3.10/dist-packages/accelerate/hooks.py", line 175, in new_forward
    output = module._old_forward(*args, **kwargs)
  File "/usr/local/lib/python3.10/dist-packages/transformers/models/qwen2/modeling_qwen2.py", line 262, in forward
    hidden_states, self_attn_weights = self.self_attn(
  File "/usr/local/lib/python3.10/dist-packages/torch/nn/modules/module.py", line 1751, in _wrapped_call_impl
    return self._call_impl(*args, **kwargs)
  File "/usr/local/lib/python3.10/dist-packages/torch/nn/modules/module.py", line 1762, in _call_impl
    return forward_call(*args, **kwargs)
  File "/usr/local/lib/python3.10/dist-packages/accelerate/hooks.py", line 175, in new_forward
    output = module._old_forward(*args, **kwargs)
  File "/usr/local/lib/python3.10/dist-packages/transformers/models/qwen2/modeling_qwen2.py", line 194, in forward
    attn_output, attn_weights = attention_interface(
  File "/usr/local/lib/python3.10/dist-packages/transformers/models/qwen2/modeling_qwen2.py", line 127, in eager_attention_forward
    attn_weights = nn.functional.softmax(attn_weights, dim=-1, dtype=torch.float32).to(query.dtype)
  File "/usr/local/lib/python3.10/dist-packages/torch/nn/functional.py", line 2142, in softmax
    ret = input.softmax(dim, dtype=dtype)
torch.OutOfMemoryError: CUDA out of memory. Tried to allocate 23.89 GiB. GPU 0 has a total capacity of 79.32 GiB of which 17.27 GiB is free. Process 3446780 has 62.04 GiB memory in use. Of the allocated memory 48.24 GiB is allocated by PyTorch, and 13.31 GiB is reserved by PyTorch but unallocated. If reserved but unallocated memory is large try setting PYTORCH_CUDA_ALLOC_CONF=expandable_segments:True to avoid fragmentation.  See documentation for Memory Management  (https://pytorch.org/docs/stable/notes/cuda.html#environment-variables)
2026-03-15 13:46:56,545 [INFO] src.sweep: [24/915] Running triplet d5f0222a0a83e766 — chain=subagent-0d6ab694 triplet=7 (prompts 27→28→29)
2026-03-15 13:46:56,664 [ERROR] src.sweep: Triplet experiment d5f0222a0a83e766 failed.
Traceback (most recent call last):
  File "/root/context/ActivationPerturbationAnalysis/src/sweep.py", line 283, in run_sweep
    records = run_triplet_experiment(
  File "/root/context/ActivationPerturbationAnalysis/src/experiment.py", line 299, in run_triplet_experiment
    full_hidden = extract_hidden_states(model, triplet.seq_full_ids)
  File "/usr/local/lib/python3.10/dist-packages/torch/utils/_contextlib.py", line 116, in decorate_context
    return func(*args, **kwargs)
  File "/root/context/ActivationPerturbationAnalysis/src/model.py", line 95, in extract_hidden_states
    outputs = model(input_ids=input_ids, output_hidden_states=True)
  File "/usr/local/lib/python3.10/dist-packages/torch/nn/modules/module.py", line 1751, in _wrapped_call_impl
    return self._call_impl(*args, **kwargs)
  File "/usr/local/lib/python3.10/dist-packages/torch/nn/modules/module.py", line 1762, in _call_impl
    return forward_call(*args, **kwargs)
  File "/usr/local/lib/python3.10/dist-packages/accelerate/hooks.py", line 175, in new_forward
    output = module._old_forward(*args, **kwargs)
  File "/usr/local/lib/python3.10/dist-packages/transformers/utils/generic.py", line 965, in wrapper
    output = func(self, *args, **kwargs)
  File "/usr/local/lib/python3.10/dist-packages/transformers/utils/deprecation.py", line 172, in wrapped_func
    return func(*args, **kwargs)
  File "/usr/local/lib/python3.10/dist-packages/transformers/models/qwen2/modeling_qwen2.py", line 823, in forward
    outputs: BaseModelOutputWithPast = self.model(
  File "/usr/local/lib/python3.10/dist-packages/torch/nn/modules/module.py", line 1751, in _wrapped_call_impl
    return self._call_impl(*args, **kwargs)
  File "/usr/local/lib/python3.10/dist-packages/torch/nn/modules/module.py", line 1762, in _call_impl
    return forward_call(*args, **kwargs)
  File "/usr/local/lib/python3.10/dist-packages/transformers/utils/generic.py", line 965, in wrapper
    output = func(self, *args, **kwargs)
  File "/usr/local/lib/python3.10/dist-packages/transformers/models/qwen2/modeling_qwen2.py", line 549, in forward
    layer_outputs = decoder_layer(
  File "/usr/local/lib/python3.10/dist-packages/torch/nn/modules/module.py", line 1751, in _wrapped_call_impl
    return self._call_impl(*args, **kwargs)
  File "/usr/local/lib/python3.10/dist-packages/torch/nn/modules/module.py", line 1762, in _call_impl
    return forward_call(*args, **kwargs)
  File "/usr/local/lib/python3.10/dist-packages/accelerate/hooks.py", line 175, in new_forward
    output = module._old_forward(*args, **kwargs)
  File "/usr/local/lib/python3.10/dist-packages/transformers/models/qwen2/modeling_qwen2.py", line 262, in forward
    hidden_states, self_attn_weights = self.self_attn(
  File "/usr/local/lib/python3.10/dist-packages/torch/nn/modules/module.py", line 1751, in _wrapped_call_impl
    return self._call_impl(*args, **kwargs)
  File "/usr/local/lib/python3.10/dist-packages/torch/nn/modules/module.py", line 1762, in _call_impl
    return forward_call(*args, **kwargs)
  File "/usr/local/lib/python3.10/dist-packages/accelerate/hooks.py", line 175, in new_forward
    output = module._old_forward(*args, **kwargs)
  File "/usr/local/lib/python3.10/dist-packages/transformers/models/qwen2/modeling_qwen2.py", line 194, in forward
    attn_output, attn_weights = attention_interface(
  File "/usr/local/lib/python3.10/dist-packages/transformers/models/qwen2/modeling_qwen2.py", line 127, in eager_attention_forward
    attn_weights = nn.functional.softmax(attn_weights, dim=-1, dtype=torch.float32).to(query.dtype)
  File "/usr/local/lib/python3.10/dist-packages/torch/nn/functional.py", line 2142, in softmax
    ret = input.softmax(dim, dtype=dtype)
torch.OutOfMemoryError: CUDA out of memory. Tried to allocate 29.40 GiB. GPU 0 has a total capacity of 79.32 GiB of which 17.27 GiB is free. Process 3446780 has 62.04 GiB memory in use. Of the allocated memory 56.65 GiB is allocated by PyTorch, and 4.90 GiB is reserved by PyTorch but unallocated. If reserved but unallocated memory is large try setting PYTORCH_CUDA_ALLOC_CONF=expandable_segments:True to avoid fragmentation.  See documentation for Memory Management  (https://pytorch.org/docs/stable/notes/cuda.html#environment-variables)
2026-03-15 13:46:56,665 [INFO] src.sweep: [25/915] Running triplet 918da38646e3224e — chain=subagent-0d6ab694 triplet=8 (prompts 28→29→30)
2026-03-15 13:46:56,811 [ERROR] src.sweep: Triplet experiment 918da38646e3224e failed.
Traceback (most recent call last):
  File "/root/context/ActivationPerturbationAnalysis/src/sweep.py", line 283, in run_sweep
    records = run_triplet_experiment(
  File "/root/context/ActivationPerturbationAnalysis/src/experiment.py", line 299, in run_triplet_experiment
    full_hidden = extract_hidden_states(model, triplet.seq_full_ids)
  File "/usr/local/lib/python3.10/dist-packages/torch/utils/_contextlib.py", line 116, in decorate_context
    return func(*args, **kwargs)
  File "/root/context/ActivationPerturbationAnalysis/src/model.py", line 95, in extract_hidden_states
    outputs = model(input_ids=input_ids, output_hidden_states=True)
  File "/usr/local/lib/python3.10/dist-packages/torch/nn/modules/module.py", line 1751, in _wrapped_call_impl
    return self._call_impl(*args, **kwargs)
  File "/usr/local/lib/python3.10/dist-packages/torch/nn/modules/module.py", line 1762, in _call_impl
    return forward_call(*args, **kwargs)
  File "/usr/local/lib/python3.10/dist-packages/accelerate/hooks.py", line 175, in new_forward
    output = module._old_forward(*args, **kwargs)
  File "/usr/local/lib/python3.10/dist-packages/transformers/utils/generic.py", line 965, in wrapper
    output = func(self, *args, **kwargs)
  File "/usr/local/lib/python3.10/dist-packages/transformers/utils/deprecation.py", line 172, in wrapped_func
    return func(*args, **kwargs)
  File "/usr/local/lib/python3.10/dist-packages/transformers/models/qwen2/modeling_qwen2.py", line 823, in forward
    outputs: BaseModelOutputWithPast = self.model(
  File "/usr/local/lib/python3.10/dist-packages/torch/nn/modules/module.py", line 1751, in _wrapped_call_impl
    return self._call_impl(*args, **kwargs)
  File "/usr/local/lib/python3.10/dist-packages/torch/nn/modules/module.py", line 1762, in _call_impl
    return forward_call(*args, **kwargs)
  File "/usr/local/lib/python3.10/dist-packages/transformers/utils/generic.py", line 965, in wrapper
    output = func(self, *args, **kwargs)
  File "/usr/local/lib/python3.10/dist-packages/transformers/models/qwen2/modeling_qwen2.py", line 549, in forward
    layer_outputs = decoder_layer(
  File "/usr/local/lib/python3.10/dist-packages/torch/nn/modules/module.py", line 1751, in _wrapped_call_impl
    return self._call_impl(*args, **kwargs)
  File "/usr/local/lib/python3.10/dist-packages/torch/nn/modules/module.py", line 1762, in _call_impl
    return forward_call(*args, **kwargs)
  File "/usr/local/lib/python3.10/dist-packages/accelerate/hooks.py", line 175, in new_forward
    output = module._old_forward(*args, **kwargs)
  File "/usr/local/lib/python3.10/dist-packages/transformers/models/qwen2/modeling_qwen2.py", line 262, in forward
    hidden_states, self_attn_weights = self.self_attn(
  File "/usr/local/lib/python3.10/dist-packages/torch/nn/modules/module.py", line 1751, in _wrapped_call_impl
    return self._call_impl(*args, **kwargs)
  File "/usr/local/lib/python3.10/dist-packages/torch/nn/modules/module.py", line 1762, in _call_impl
    return forward_call(*args, **kwargs)
  File "/usr/local/lib/python3.10/dist-packages/accelerate/hooks.py", line 175, in new_forward
    output = module._old_forward(*args, **kwargs)
  File "/usr/local/lib/python3.10/dist-packages/transformers/models/qwen2/modeling_qwen2.py", line 194, in forward
    attn_output, attn_weights = attention_interface(
  File "/usr/local/lib/python3.10/dist-packages/transformers/models/qwen2/modeling_qwen2.py", line 122, in eager_attention_forward
    attn_weights = torch.matmul(query, key_states.transpose(2, 3)) * scaling
torch.OutOfMemoryError: CUDA out of memory. Tried to allocate 24.41 GiB. GPU 0 has a total capacity of 79.32 GiB of which 17.27 GiB is free. Process 3446780 has 62.04 GiB memory in use. Of the allocated memory 37.41 GiB is allocated by PyTorch, and 24.14 GiB is reserved by PyTorch but unallocated. If reserved but unallocated memory is large try setting PYTORCH_CUDA_ALLOC_CONF=expandable_segments:True to avoid fragmentation.  See documentation for Memory Management  (https://pytorch.org/docs/stable/notes/cuda.html#environment-variables)
2026-03-15 13:46:56,812 [INFO] src.sweep: [26/915] Running triplet a452b53f42b6c16d — chain=subagent-0d6ab694 triplet=9 (prompts 29→30→31)
2026-03-15 13:46:56,907 [ERROR] src.sweep: Triplet experiment a452b53f42b6c16d failed.
Traceback (most recent call last):
  File "/root/context/ActivationPerturbationAnalysis/src/sweep.py", line 283, in run_sweep
    records = run_triplet_experiment(
  File "/root/context/ActivationPerturbationAnalysis/src/experiment.py", line 299, in run_triplet_experiment
    full_hidden = extract_hidden_states(model, triplet.seq_full_ids)
  File "/usr/local/lib/python3.10/dist-packages/torch/utils/_contextlib.py", line 116, in decorate_context
    return func(*args, **kwargs)
  File "/root/context/ActivationPerturbationAnalysis/src/model.py", line 95, in extract_hidden_states
    outputs = model(input_ids=input_ids, output_hidden_states=True)
  File "/usr/local/lib/python3.10/dist-packages/torch/nn/modules/module.py", line 1751, in _wrapped_call_impl
    return self._call_impl(*args, **kwargs)
  File "/usr/local/lib/python3.10/dist-packages/torch/nn/modules/module.py", line 1762, in _call_impl
    return forward_call(*args, **kwargs)
  File "/usr/local/lib/python3.10/dist-packages/accelerate/hooks.py", line 175, in new_forward
    output = module._old_forward(*args, **kwargs)
  File "/usr/local/lib/python3.10/dist-packages/transformers/utils/generic.py", line 965, in wrapper
    output = func(self, *args, **kwargs)
  File "/usr/local/lib/python3.10/dist-packages/transformers/utils/deprecation.py", line 172, in wrapped_func
    return func(*args, **kwargs)
  File "/usr/local/lib/python3.10/dist-packages/transformers/models/qwen2/modeling_qwen2.py", line 823, in forward
    outputs: BaseModelOutputWithPast = self.model(
  File "/usr/local/lib/python3.10/dist-packages/torch/nn/modules/module.py", line 1751, in _wrapped_call_impl
    return self._call_impl(*args, **kwargs)
  File "/usr/local/lib/python3.10/dist-packages/torch/nn/modules/module.py", line 1762, in _call_impl
    return forward_call(*args, **kwargs)
  File "/usr/local/lib/python3.10/dist-packages/transformers/utils/generic.py", line 965, in wrapper
    output = func(self, *args, **kwargs)
  File "/usr/local/lib/python3.10/dist-packages/transformers/models/qwen2/modeling_qwen2.py", line 549, in forward
    layer_outputs = decoder_layer(
  File "/usr/local/lib/python3.10/dist-packages/torch/nn/modules/module.py", line 1751, in _wrapped_call_impl
    return self._call_impl(*args, **kwargs)
  File "/usr/local/lib/python3.10/dist-packages/torch/nn/modules/module.py", line 1762, in _call_impl
    return forward_call(*args, **kwargs)
  File "/usr/local/lib/python3.10/dist-packages/accelerate/hooks.py", line 175, in new_forward
    output = module._old_forward(*args, **kwargs)
  File "/usr/local/lib/python3.10/dist-packages/transformers/models/qwen2/modeling_qwen2.py", line 262, in forward
    hidden_states, self_attn_weights = self.self_attn(
  File "/usr/local/lib/python3.10/dist-packages/torch/nn/modules/module.py", line 1751, in _wrapped_call_impl
    return self._call_impl(*args, **kwargs)
  File "/usr/local/lib/python3.10/dist-packages/torch/nn/modules/module.py", line 1762, in _call_impl
    return forward_call(*args, **kwargs)
  File "/usr/local/lib/python3.10/dist-packages/accelerate/hooks.py", line 175, in new_forward
    output = module._old_forward(*args, **kwargs)
  File "/usr/local/lib/python3.10/dist-packages/transformers/models/qwen2/modeling_qwen2.py", line 194, in forward
    attn_output, attn_weights = attention_interface(
  File "/usr/local/lib/python3.10/dist-packages/transformers/models/qwen2/modeling_qwen2.py", line 122, in eager_attention_forward
    attn_weights = torch.matmul(query, key_states.transpose(2, 3)) * scaling
torch.OutOfMemoryError: CUDA out of memory. Tried to allocate 28.36 GiB. GPU 0 has a total capacity of 79.32 GiB of which 17.27 GiB is free. Process 3446780 has 62.04 GiB memory in use. Of the allocated memory 41.53 GiB is allocated by PyTorch, and 20.02 GiB is reserved by PyTorch but unallocated. If reserved but unallocated memory is large try setting PYTORCH_CUDA_ALLOC_CONF=expandable_segments:True to avoid fragmentation.  See documentation for Memory Management  (https://pytorch.org/docs/stable/notes/cuda.html#environment-variables)
2026-03-15 13:46:56,908 [INFO] src.sweep: [27/915] Running triplet 2d481e65281736c6 — chain=subagent-0d6ab694 triplet=10 (prompts 30→31→32)
2026-03-15 13:46:58,064 [ERROR] src.sweep: Triplet experiment 2d481e65281736c6 failed.
Traceback (most recent call last):
  File "/root/context/ActivationPerturbationAnalysis/src/sweep.py", line 283, in run_sweep
    records = run_triplet_experiment(
  File "/root/context/ActivationPerturbationAnalysis/src/experiment.py", line 299, in run_triplet_experiment
    full_hidden = extract_hidden_states(model, triplet.seq_full_ids)
  File "/usr/local/lib/python3.10/dist-packages/torch/utils/_contextlib.py", line 116, in decorate_context
    return func(*args, **kwargs)
  File "/root/context/ActivationPerturbationAnalysis/src/model.py", line 95, in extract_hidden_states
    outputs = model(input_ids=input_ids, output_hidden_states=True)
  File "/usr/local/lib/python3.10/dist-packages/torch/nn/modules/module.py", line 1751, in _wrapped_call_impl
    return self._call_impl(*args, **kwargs)
  File "/usr/local/lib/python3.10/dist-packages/torch/nn/modules/module.py", line 1762, in _call_impl
    return forward_call(*args, **kwargs)
  File "/usr/local/lib/python3.10/dist-packages/accelerate/hooks.py", line 175, in new_forward
    output = module._old_forward(*args, **kwargs)
  File "/usr/local/lib/python3.10/dist-packages/transformers/utils/generic.py", line 965, in wrapper
    output = func(self, *args, **kwargs)
  File "/usr/local/lib/python3.10/dist-packages/transformers/utils/deprecation.py", line 172, in wrapped_func
    return func(*args, **kwargs)
  File "/usr/local/lib/python3.10/dist-packages/transformers/models/qwen2/modeling_qwen2.py", line 823, in forward
    outputs: BaseModelOutputWithPast = self.model(
  File "/usr/local/lib/python3.10/dist-packages/torch/nn/modules/module.py", line 1751, in _wrapped_call_impl
    return self._call_impl(*args, **kwargs)
  File "/usr/local/lib/python3.10/dist-packages/torch/nn/modules/module.py", line 1762, in _call_impl
    return forward_call(*args, **kwargs)
  File "/usr/local/lib/python3.10/dist-packages/transformers/utils/generic.py", line 965, in wrapper
    output = func(self, *args, **kwargs)
  File "/usr/local/lib/python3.10/dist-packages/transformers/models/qwen2/modeling_qwen2.py", line 549, in forward
    layer_outputs = decoder_layer(
  File "/usr/local/lib/python3.10/dist-packages/torch/nn/modules/module.py", line 1751, in _wrapped_call_impl
    return self._call_impl(*args, **kwargs)
  File "/usr/local/lib/python3.10/dist-packages/torch/nn/modules/module.py", line 1762, in _call_impl
    return forward_call(*args, **kwargs)
  File "/usr/local/lib/python3.10/dist-packages/accelerate/hooks.py", line 175, in new_forward
    output = module._old_forward(*args, **kwargs)
  File "/usr/local/lib/python3.10/dist-packages/transformers/models/qwen2/modeling_qwen2.py", line 262, in forward
    hidden_states, self_attn_weights = self.self_attn(
  File "/usr/local/lib/python3.10/dist-packages/torch/nn/modules/module.py", line 1751, in _wrapped_call_impl
    return self._call_impl(*args, **kwargs)
  File "/usr/local/lib/python3.10/dist-packages/torch/nn/modules/module.py", line 1762, in _call_impl
    return forward_call(*args, **kwargs)
  File "/usr/local/lib/python3.10/dist-packages/accelerate/hooks.py", line 175, in new_forward
    output = module._old_forward(*args, **kwargs)
  File "/usr/local/lib/python3.10/dist-packages/transformers/models/qwen2/modeling_qwen2.py", line 194, in forward
    attn_output, attn_weights = attention_interface(
  File "/usr/local/lib/python3.10/dist-packages/transformers/models/qwen2/modeling_qwen2.py", line 122, in eager_attention_forward
    attn_weights = torch.matmul(query, key_states.transpose(2, 3)) * scaling
torch.OutOfMemoryError: CUDA out of memory. Tried to allocate 45.55 GiB. GPU 0 has a total capacity of 79.32 GiB of which 4.52 GiB is free. Process 3446780 has 74.79 GiB memory in use. Of the allocated memory 59.43 GiB is allocated by PyTorch, and 14.87 GiB is reserved by PyTorch but unallocated. If reserved but unallocated memory is large try setting PYTORCH_CUDA_ALLOC_CONF=expandable_segments:True to avoid fragmentation.  See documentation for Memory Management  (https://pytorch.org/docs/stable/notes/cuda.html#environment-variables)
2026-03-15 13:46:58,065 [INFO] src.sweep: [28/915] Running triplet 662e446bca0661bb — chain=subagent-0d6ab694 triplet=11 (prompts 31→32→33)
2026-03-15 13:46:59,663 [ERROR] src.sweep: Triplet experiment 662e446bca0661bb failed.
Traceback (most recent call last):
  File "/root/context/ActivationPerturbationAnalysis/src/sweep.py", line 283, in run_sweep
    records = run_triplet_experiment(
  File "/root/context/ActivationPerturbationAnalysis/src/experiment.py", line 299, in run_triplet_experiment
    full_hidden = extract_hidden_states(model, triplet.seq_full_ids)
  File "/usr/local/lib/python3.10/dist-packages/torch/utils/_contextlib.py", line 116, in decorate_context
    return func(*args, **kwargs)
  File "/root/context/ActivationPerturbationAnalysis/src/model.py", line 95, in extract_hidden_states
    outputs = model(input_ids=input_ids, output_hidden_states=True)
  File "/usr/local/lib/python3.10/dist-packages/torch/nn/modules/module.py", line 1751, in _wrapped_call_impl
    return self._call_impl(*args, **kwargs)
  File "/usr/local/lib/python3.10/dist-packages/torch/nn/modules/module.py", line 1762, in _call_impl
    return forward_call(*args, **kwargs)
  File "/usr/local/lib/python3.10/dist-packages/accelerate/hooks.py", line 175, in new_forward
    output = module._old_forward(*args, **kwargs)
  File "/usr/local/lib/python3.10/dist-packages/transformers/utils/generic.py", line 965, in wrapper
    output = func(self, *args, **kwargs)
  File "/usr/local/lib/python3.10/dist-packages/transformers/utils/deprecation.py", line 172, in wrapped_func
    return func(*args, **kwargs)
  File "/usr/local/lib/python3.10/dist-packages/transformers/models/qwen2/modeling_qwen2.py", line 823, in forward
    outputs: BaseModelOutputWithPast = self.model(
  File "/usr/local/lib/python3.10/dist-packages/torch/nn/modules/module.py", line 1751, in _wrapped_call_impl
    return self._call_impl(*args, **kwargs)
  File "/usr/local/lib/python3.10/dist-packages/torch/nn/modules/module.py", line 1762, in _call_impl
    return forward_call(*args, **kwargs)
  File "/usr/local/lib/python3.10/dist-packages/transformers/utils/generic.py", line 965, in wrapper
    output = func(self, *args, **kwargs)
  File "/usr/local/lib/python3.10/dist-packages/transformers/models/qwen2/modeling_qwen2.py", line 549, in forward
    layer_outputs = decoder_layer(
  File "/usr/local/lib/python3.10/dist-packages/torch/nn/modules/module.py", line 1751, in _wrapped_call_impl
    return self._call_impl(*args, **kwargs)
  File "/usr/local/lib/python3.10/dist-packages/torch/nn/modules/module.py", line 1762, in _call_impl
    return forward_call(*args, **kwargs)
  File "/usr/local/lib/python3.10/dist-packages/accelerate/hooks.py", line 175, in new_forward
    output = module._old_forward(*args, **kwargs)
  File "/usr/local/lib/python3.10/dist-packages/transformers/models/qwen2/modeling_qwen2.py", line 262, in forward
    hidden_states, self_attn_weights = self.self_attn(
  File "/usr/local/lib/python3.10/dist-packages/torch/nn/modules/module.py", line 1751, in _wrapped_call_impl
    return self._call_impl(*args, **kwargs)
  File "/usr/local/lib/python3.10/dist-packages/torch/nn/modules/module.py", line 1762, in _call_impl
    return forward_call(*args, **kwargs)
  File "/usr/local/lib/python3.10/dist-packages/accelerate/hooks.py", line 175, in new_forward
    output = module._old_forward(*args, **kwargs)
  File "/usr/local/lib/python3.10/dist-packages/transformers/models/qwen2/modeling_qwen2.py", line 194, in forward
    attn_output, attn_weights = attention_interface(
  File "/usr/local/lib/python3.10/dist-packages/transformers/models/qwen2/modeling_qwen2.py", line 122, in eager_attention_forward
    attn_weights = torch.matmul(query, key_states.transpose(2, 3)) * scaling
torch.OutOfMemoryError: CUDA out of memory. Tried to allocate 49.64 GiB. GPU 0 has a total capacity of 79.32 GiB of which 443.00 MiB is free. Process 3446780 has 78.88 GiB memory in use. Of the allocated memory 63.67 GiB is allocated by PyTorch, and 14.71 GiB is reserved by PyTorch but unallocated. If reserved but unallocated memory is large try setting PYTORCH_CUDA_ALLOC_CONF=expandable_segments:True to avoid fragmentation.  See documentation for Memory Management  (https://pytorch.org/docs/stable/notes/cuda.html#environment-variables)
2026-03-15 13:46:59,664 [INFO] src.sweep: [29/915] Running triplet 64a615853f9559a8 — chain=subagent-0d6ab694 triplet=12 (prompts 32→33→34)
2026-03-15 13:47:01,270 [ERROR] src.sweep: Triplet experiment 64a615853f9559a8 failed.
Traceback (most recent call last):
  File "/root/context/ActivationPerturbationAnalysis/src/sweep.py", line 283, in run_sweep
    records = run_triplet_experiment(
  File "/root/context/ActivationPerturbationAnalysis/src/experiment.py", line 299, in run_triplet_experiment
    full_hidden = extract_hidden_states(model, triplet.seq_full_ids)
  File "/usr/local/lib/python3.10/dist-packages/torch/utils/_contextlib.py", line 116, in decorate_context
    return func(*args, **kwargs)
  File "/root/context/ActivationPerturbationAnalysis/src/model.py", line 95, in extract_hidden_states
    outputs = model(input_ids=input_ids, output_hidden_states=True)
  File "/usr/local/lib/python3.10/dist-packages/torch/nn/modules/module.py", line 1751, in _wrapped_call_impl
    return self._call_impl(*args, **kwargs)
  File "/usr/local/lib/python3.10/dist-packages/torch/nn/modules/module.py", line 1762, in _call_impl
    return forward_call(*args, **kwargs)
  File "/usr/local/lib/python3.10/dist-packages/accelerate/hooks.py", line 175, in new_forward
    output = module._old_forward(*args, **kwargs)
  File "/usr/local/lib/python3.10/dist-packages/transformers/utils/generic.py", line 965, in wrapper
    output = func(self, *args, **kwargs)
  File "/usr/local/lib/python3.10/dist-packages/transformers/utils/deprecation.py", line 172, in wrapped_func
    return func(*args, **kwargs)
  File "/usr/local/lib/python3.10/dist-packages/transformers/models/qwen2/modeling_qwen2.py", line 823, in forward
    outputs: BaseModelOutputWithPast = self.model(
  File "/usr/local/lib/python3.10/dist-packages/torch/nn/modules/module.py", line 1751, in _wrapped_call_impl
    return self._call_impl(*args, **kwargs)
  File "/usr/local/lib/python3.10/dist-packages/torch/nn/modules/module.py", line 1762, in _call_impl
    return forward_call(*args, **kwargs)
  File "/usr/local/lib/python3.10/dist-packages/transformers/utils/generic.py", line 965, in wrapper
    output = func(self, *args, **kwargs)
  File "/usr/local/lib/python3.10/dist-packages/transformers/models/qwen2/modeling_qwen2.py", line 549, in forward
    layer_outputs = decoder_layer(
  File "/usr/local/lib/python3.10/dist-packages/torch/nn/modules/module.py", line 1751, in _wrapped_call_impl
    return self._call_impl(*args, **kwargs)
  File "/usr/local/lib/python3.10/dist-packages/torch/nn/modules/module.py", line 1762, in _call_impl
    return forward_call(*args, **kwargs)
  File "/usr/local/lib/python3.10/dist-packages/accelerate/hooks.py", line 175, in new_forward
    output = module._old_forward(*args, **kwargs)
  File "/usr/local/lib/python3.10/dist-packages/transformers/models/qwen2/modeling_qwen2.py", line 262, in forward
    hidden_states, self_attn_weights = self.self_attn(
  File "/usr/local/lib/python3.10/dist-packages/torch/nn/modules/module.py", line 1751, in _wrapped_call_impl
    return self._call_impl(*args, **kwargs)
  File "/usr/local/lib/python3.10/dist-packages/torch/nn/modules/module.py", line 1762, in _call_impl
    return forward_call(*args, **kwargs)
  File "/usr/local/lib/python3.10/dist-packages/accelerate/hooks.py", line 175, in new_forward
    output = module._old_forward(*args, **kwargs)
  File "/usr/local/lib/python3.10/dist-packages/transformers/models/qwen2/modeling_qwen2.py", line 194, in forward
    attn_output, attn_weights = attention_interface(
  File "/usr/local/lib/python3.10/dist-packages/transformers/models/qwen2/modeling_qwen2.py", line 122, in eager_attention_forward
    attn_weights = torch.matmul(query, key_states.transpose(2, 3)) * scaling
torch.OutOfMemoryError: CUDA out of memory. Tried to allocate 55.68 GiB. GPU 0 has a total capacity of 79.32 GiB of which 50.07 GiB is free. Process 3446780 has 29.24 GiB memory in use. Of the allocated memory 14.26 GiB is allocated by PyTorch, and 14.48 GiB is reserved by PyTorch but unallocated. If reserved but unallocated memory is large try setting PYTORCH_CUDA_ALLOC_CONF=expandable_segments:True to avoid fragmentation.  See documentation for Memory Management  (https://pytorch.org/docs/stable/notes/cuda.html#environment-variables)
2026-03-15 13:47:01,272 [INFO] src.sweep: [30/915] Skipping completed e2c30e5af5d7bbfe
2026-03-15 13:47:01,272 [INFO] src.sweep: [31/915] Skipping completed ff0f3a13c5dc95d0
2026-03-15 13:47:01,272 [INFO] src.sweep: [32/915] Skipping completed d857509981d29a92
2026-03-15 13:47:01,272 [INFO] src.sweep: [33/915] Skipping completed fa1f63bb75c05d55
2026-03-15 13:47:01,272 [INFO] src.sweep: [34/915] Skipping completed 90e9cd2b638263e7
2026-03-15 13:47:01,272 [INFO] src.sweep: [35/915] Running triplet 6f1d3baf7b7463ec — chain=subagent-18170598 triplet=5 (prompts 40→41→42)
2026-03-15 13:47:20,440 [INFO] src.sweep: [36/915] Running triplet 5b264e0e4e6604af — chain=subagent-18170598 triplet=6 (prompts 41→42→43)
2026-03-15 13:47:46,953 [INFO] src.sweep: [37/915] Running triplet 9a3df4e70ee34390 — chain=subagent-18170598 triplet=7 (prompts 42→43→44)
2026-03-15 13:48:02,152 [ERROR] src.sweep: Triplet experiment 9a3df4e70ee34390 failed.
Traceback (most recent call last):
  File "/root/context/ActivationPerturbationAnalysis/src/sweep.py", line 283, in run_sweep
    records = run_triplet_experiment(
  File "/root/context/ActivationPerturbationAnalysis/src/experiment.py", line 299, in run_triplet_experiment
    full_hidden = extract_hidden_states(model, triplet.seq_full_ids)
  File "/usr/local/lib/python3.10/dist-packages/torch/utils/_contextlib.py", line 116, in decorate_context
    return func(*args, **kwargs)
  File "/root/context/ActivationPerturbationAnalysis/src/model.py", line 95, in extract_hidden_states
    outputs = model(input_ids=input_ids, output_hidden_states=True)
  File "/usr/local/lib/python3.10/dist-packages/torch/nn/modules/module.py", line 1751, in _wrapped_call_impl
    return self._call_impl(*args, **kwargs)
  File "/usr/local/lib/python3.10/dist-packages/torch/nn/modules/module.py", line 1762, in _call_impl
    return forward_call(*args, **kwargs)
  File "/usr/local/lib/python3.10/dist-packages/accelerate/hooks.py", line 175, in new_forward
    output = module._old_forward(*args, **kwargs)
  File "/usr/local/lib/python3.10/dist-packages/transformers/utils/generic.py", line 965, in wrapper
    output = func(self, *args, **kwargs)
  File "/usr/local/lib/python3.10/dist-packages/transformers/utils/deprecation.py", line 172, in wrapped_func
    return func(*args, **kwargs)
  File "/usr/local/lib/python3.10/dist-packages/transformers/models/qwen2/modeling_qwen2.py", line 823, in forward
    outputs: BaseModelOutputWithPast = self.model(
  File "/usr/local/lib/python3.10/dist-packages/torch/nn/modules/module.py", line 1751, in _wrapped_call_impl
    return self._call_impl(*args, **kwargs)
  File "/usr/local/lib/python3.10/dist-packages/torch/nn/modules/module.py", line 1762, in _call_impl
    return forward_call(*args, **kwargs)
  File "/usr/local/lib/python3.10/dist-packages/transformers/utils/generic.py", line 965, in wrapper
    output = func(self, *args, **kwargs)
  File "/usr/local/lib/python3.10/dist-packages/transformers/models/qwen2/modeling_qwen2.py", line 549, in forward
    layer_outputs = decoder_layer(
  File "/usr/local/lib/python3.10/dist-packages/torch/nn/modules/module.py", line 1751, in _wrapped_call_impl
    return self._call_impl(*args, **kwargs)
  File "/usr/local/lib/python3.10/dist-packages/torch/nn/modules/module.py", line 1762, in _call_impl
    return forward_call(*args, **kwargs)
  File "/usr/local/lib/python3.10/dist-packages/accelerate/hooks.py", line 175, in new_forward
    output = module._old_forward(*args, **kwargs)
  File "/usr/local/lib/python3.10/dist-packages/transformers/models/qwen2/modeling_qwen2.py", line 262, in forward
    hidden_states, self_attn_weights = self.self_attn(
  File "/usr/local/lib/python3.10/dist-packages/torch/nn/modules/module.py", line 1751, in _wrapped_call_impl
    return self._call_impl(*args, **kwargs)
  File "/usr/local/lib/python3.10/dist-packages/torch/nn/modules/module.py", line 1762, in _call_impl
    return forward_call(*args, **kwargs)
  File "/usr/local/lib/python3.10/dist-packages/accelerate/hooks.py", line 175, in new_forward
    output = module._old_forward(*args, **kwargs)
  File "/usr/local/lib/python3.10/dist-packages/transformers/models/qwen2/modeling_qwen2.py", line 194, in forward
    attn_output, attn_weights = attention_interface(
  File "/usr/local/lib/python3.10/dist-packages/transformers/models/qwen2/modeling_qwen2.py", line 127, in eager_attention_forward
    attn_weights = nn.functional.softmax(attn_weights, dim=-1, dtype=torch.float32).to(query.dtype)
  File "/usr/local/lib/python3.10/dist-packages/torch/nn/functional.py", line 2142, in softmax
    ret = input.softmax(dim, dtype=dtype)
torch.OutOfMemoryError: CUDA out of memory. Tried to allocate 16.96 GiB. GPU 4 has a total capacity of 79.32 GiB of which 7.03 GiB is free. Process 3446780 has 72.28 GiB memory in use. Of the allocated memory 38.13 GiB is allocated by PyTorch, and 33.66 GiB is reserved by PyTorch but unallocated. If reserved but unallocated memory is large try setting PYTORCH_CUDA_ALLOC_CONF=expandable_segments:True to avoid fragmentation.  See documentation for Memory Management  (https://pytorch.org/docs/stable/notes/cuda.html#environment-variables)
2026-03-15 13:48:02,153 [INFO] src.sweep: [38/915] Running triplet 71e1940f67a35fe9 — chain=subagent-18170598 triplet=8 (prompts 43→44→45)
2026-03-15 13:48:04,501 [ERROR] src.sweep: Triplet experiment 71e1940f67a35fe9 failed.
Traceback (most recent call last):
  File "/root/context/ActivationPerturbationAnalysis/src/sweep.py", line 283, in run_sweep
    records = run_triplet_experiment(
  File "/root/context/ActivationPerturbationAnalysis/src/experiment.py", line 299, in run_triplet_experiment
    full_hidden = extract_hidden_states(model, triplet.seq_full_ids)
  File "/usr/local/lib/python3.10/dist-packages/torch/utils/_contextlib.py", line 116, in decorate_context
    return func(*args, **kwargs)
  File "/root/context/ActivationPerturbationAnalysis/src/model.py", line 95, in extract_hidden_states
    outputs = model(input_ids=input_ids, output_hidden_states=True)
  File "/usr/local/lib/python3.10/dist-packages/torch/nn/modules/module.py", line 1751, in _wrapped_call_impl
    return self._call_impl(*args, **kwargs)
  File "/usr/local/lib/python3.10/dist-packages/torch/nn/modules/module.py", line 1762, in _call_impl
    return forward_call(*args, **kwargs)
  File "/usr/local/lib/python3.10/dist-packages/accelerate/hooks.py", line 175, in new_forward
    output = module._old_forward(*args, **kwargs)
  File "/usr/local/lib/python3.10/dist-packages/transformers/utils/generic.py", line 965, in wrapper
    output = func(self, *args, **kwargs)
  File "/usr/local/lib/python3.10/dist-packages/transformers/utils/deprecation.py", line 172, in wrapped_func
    return func(*args, **kwargs)
  File "/usr/local/lib/python3.10/dist-packages/transformers/models/qwen2/modeling_qwen2.py", line 823, in forward
    outputs: BaseModelOutputWithPast = self.model(
  File "/usr/local/lib/python3.10/dist-packages/torch/nn/modules/module.py", line 1751, in _wrapped_call_impl
    return self._call_impl(*args, **kwargs)
  File "/usr/local/lib/python3.10/dist-packages/torch/nn/modules/module.py", line 1762, in _call_impl
    return forward_call(*args, **kwargs)
  File "/usr/local/lib/python3.10/dist-packages/transformers/utils/generic.py", line 965, in wrapper
    output = func(self, *args, **kwargs)
  File "/usr/local/lib/python3.10/dist-packages/transformers/models/qwen2/modeling_qwen2.py", line 549, in forward
    layer_outputs = decoder_layer(
  File "/usr/local/lib/python3.10/dist-packages/torch/nn/modules/module.py", line 1751, in _wrapped_call_impl
    return self._call_impl(*args, **kwargs)
  File "/usr/local/lib/python3.10/dist-packages/torch/nn/modules/module.py", line 1762, in _call_impl
    return forward_call(*args, **kwargs)
  File "/usr/local/lib/python3.10/dist-packages/accelerate/hooks.py", line 175, in new_forward
    output = module._old_forward(*args, **kwargs)
  File "/usr/local/lib/python3.10/dist-packages/transformers/models/qwen2/modeling_qwen2.py", line 262, in forward
    hidden_states, self_attn_weights = self.self_attn(
  File "/usr/local/lib/python3.10/dist-packages/torch/nn/modules/module.py", line 1751, in _wrapped_call_impl
    return self._call_impl(*args, **kwargs)
  File "/usr/local/lib/python3.10/dist-packages/torch/nn/modules/module.py", line 1762, in _call_impl
    return forward_call(*args, **kwargs)
  File "/usr/local/lib/python3.10/dist-packages/accelerate/hooks.py", line 175, in new_forward
    output = module._old_forward(*args, **kwargs)
  File "/usr/local/lib/python3.10/dist-packages/transformers/models/qwen2/modeling_qwen2.py", line 194, in forward
    attn_output, attn_weights = attention_interface(
  File "/usr/local/lib/python3.10/dist-packages/transformers/models/qwen2/modeling_qwen2.py", line 127, in eager_attention_forward
    attn_weights = nn.functional.softmax(attn_weights, dim=-1, dtype=torch.float32).to(query.dtype)
  File "/usr/local/lib/python3.10/dist-packages/torch/nn/functional.py", line 2142, in softmax
    ret = input.softmax(dim, dtype=dtype)
torch.OutOfMemoryError: CUDA out of memory. Tried to allocate 19.62 GiB. GPU 0 has a total capacity of 79.32 GiB of which 18.81 GiB is free. Process 3446780 has 60.50 GiB memory in use. Of the allocated memory 41.88 GiB is allocated by PyTorch, and 18.12 GiB is reserved by PyTorch but unallocated. If reserved but unallocated memory is large try setting PYTORCH_CUDA_ALLOC_CONF=expandable_segments:True to avoid fragmentation.  See documentation for Memory Management  (https://pytorch.org/docs/stable/notes/cuda.html#environment-variables)
2026-03-15 13:48:04,502 [INFO] src.sweep: [39/915] Running triplet e8c14b4d344f8330 — chain=subagent-18170598 triplet=9 (prompts 44→45→46)
2026-03-15 13:48:05,254 [ERROR] src.sweep: Triplet experiment e8c14b4d344f8330 failed.
Traceback (most recent call last):
  File "/root/context/ActivationPerturbationAnalysis/src/sweep.py", line 283, in run_sweep
    records = run_triplet_experiment(
  File "/root/context/ActivationPerturbationAnalysis/src/experiment.py", line 299, in run_triplet_experiment
    full_hidden = extract_hidden_states(model, triplet.seq_full_ids)
  File "/usr/local/lib/python3.10/dist-packages/torch/utils/_contextlib.py", line 116, in decorate_context
    return func(*args, **kwargs)
  File "/root/context/ActivationPerturbationAnalysis/src/model.py", line 95, in extract_hidden_states
    outputs = model(input_ids=input_ids, output_hidden_states=True)
  File "/usr/local/lib/python3.10/dist-packages/torch/nn/modules/module.py", line 1751, in _wrapped_call_impl
    return self._call_impl(*args, **kwargs)
  File "/usr/local/lib/python3.10/dist-packages/torch/nn/modules/module.py", line 1762, in _call_impl
    return forward_call(*args, **kwargs)
  File "/usr/local/lib/python3.10/dist-packages/accelerate/hooks.py", line 175, in new_forward
    output = module._old_forward(*args, **kwargs)
  File "/usr/local/lib/python3.10/dist-packages/transformers/utils/generic.py", line 965, in wrapper
    output = func(self, *args, **kwargs)
  File "/usr/local/lib/python3.10/dist-packages/transformers/utils/deprecation.py", line 172, in wrapped_func
    return func(*args, **kwargs)
  File "/usr/local/lib/python3.10/dist-packages/transformers/models/qwen2/modeling_qwen2.py", line 823, in forward
    outputs: BaseModelOutputWithPast = self.model(
  File "/usr/local/lib/python3.10/dist-packages/torch/nn/modules/module.py", line 1751, in _wrapped_call_impl
    return self._call_impl(*args, **kwargs)
  File "/usr/local/lib/python3.10/dist-packages/torch/nn/modules/module.py", line 1762, in _call_impl
    return forward_call(*args, **kwargs)
  File "/usr/local/lib/python3.10/dist-packages/transformers/utils/generic.py", line 965, in wrapper
    output = func(self, *args, **kwargs)
  File "/usr/local/lib/python3.10/dist-packages/transformers/models/qwen2/modeling_qwen2.py", line 549, in forward
    layer_outputs = decoder_layer(
  File "/usr/local/lib/python3.10/dist-packages/torch/nn/modules/module.py", line 1751, in _wrapped_call_impl
    return self._call_impl(*args, **kwargs)
  File "/usr/local/lib/python3.10/dist-packages/torch/nn/modules/module.py", line 1762, in _call_impl
    return forward_call(*args, **kwargs)
  File "/usr/local/lib/python3.10/dist-packages/accelerate/hooks.py", line 175, in new_forward
    output = module._old_forward(*args, **kwargs)
  File "/usr/local/lib/python3.10/dist-packages/transformers/models/qwen2/modeling_qwen2.py", line 262, in forward
    hidden_states, self_attn_weights = self.self_attn(
  File "/usr/local/lib/python3.10/dist-packages/torch/nn/modules/module.py", line 1751, in _wrapped_call_impl
    return self._call_impl(*args, **kwargs)
  File "/usr/local/lib/python3.10/dist-packages/torch/nn/modules/module.py", line 1762, in _call_impl
    return forward_call(*args, **kwargs)
  File "/usr/local/lib/python3.10/dist-packages/accelerate/hooks.py", line 175, in new_forward
    output = module._old_forward(*args, **kwargs)
  File "/usr/local/lib/python3.10/dist-packages/transformers/models/qwen2/modeling_qwen2.py", line 194, in forward
    attn_output, attn_weights = attention_interface(
  File "/usr/local/lib/python3.10/dist-packages/transformers/models/qwen2/modeling_qwen2.py", line 127, in eager_attention_forward
    attn_weights = nn.functional.softmax(attn_weights, dim=-1, dtype=torch.float32).to(query.dtype)
  File "/usr/local/lib/python3.10/dist-packages/torch/nn/functional.py", line 2142, in softmax
    ret = input.softmax(dim, dtype=dtype)
torch.OutOfMemoryError: CUDA out of memory. Tried to allocate 20.02 GiB. GPU 0 has a total capacity of 79.32 GiB of which 18.42 GiB is free. Process 3446780 has 60.89 GiB memory in use. Of the allocated memory 42.33 GiB is allocated by PyTorch, and 18.07 GiB is reserved by PyTorch but unallocated. If reserved but unallocated memory is large try setting PYTORCH_CUDA_ALLOC_CONF=expandable_segments:True to avoid fragmentation.  See documentation for Memory Management  (https://pytorch.org/docs/stable/notes/cuda.html#environment-variables)
2026-03-15 13:48:05,255 [INFO] src.sweep: [40/915] Running triplet b112888eed2888ab — chain=subagent-18170598 triplet=10 (prompts 45→46→47)
2026-03-15 13:48:05,972 [ERROR] src.sweep: Triplet experiment b112888eed2888ab failed.
Traceback (most recent call last):
  File "/root/context/ActivationPerturbationAnalysis/src/sweep.py", line 283, in run_sweep
    records = run_triplet_experiment(
  File "/root/context/ActivationPerturbationAnalysis/src/experiment.py", line 299, in run_triplet_experiment
    full_hidden = extract_hidden_states(model, triplet.seq_full_ids)
  File "/usr/local/lib/python3.10/dist-packages/torch/utils/_contextlib.py", line 116, in decorate_context
    return func(*args, **kwargs)
  File "/root/context/ActivationPerturbationAnalysis/src/model.py", line 95, in extract_hidden_states
    outputs = model(input_ids=input_ids, output_hidden_states=True)
  File "/usr/local/lib/python3.10/dist-packages/torch/nn/modules/module.py", line 1751, in _wrapped_call_impl
    return self._call_impl(*args, **kwargs)
  File "/usr/local/lib/python3.10/dist-packages/torch/nn/modules/module.py", line 1762, in _call_impl
    return forward_call(*args, **kwargs)
  File "/usr/local/lib/python3.10/dist-packages/accelerate/hooks.py", line 175, in new_forward
    output = module._old_forward(*args, **kwargs)
  File "/usr/local/lib/python3.10/dist-packages/transformers/utils/generic.py", line 965, in wrapper
    output = func(self, *args, **kwargs)
  File "/usr/local/lib/python3.10/dist-packages/transformers/utils/deprecation.py", line 172, in wrapped_func
    return func(*args, **kwargs)
  File "/usr/local/lib/python3.10/dist-packages/transformers/models/qwen2/modeling_qwen2.py", line 823, in forward
    outputs: BaseModelOutputWithPast = self.model(
  File "/usr/local/lib/python3.10/dist-packages/torch/nn/modules/module.py", line 1751, in _wrapped_call_impl
    return self._call_impl(*args, **kwargs)
  File "/usr/local/lib/python3.10/dist-packages/torch/nn/modules/module.py", line 1762, in _call_impl
    return forward_call(*args, **kwargs)
  File "/usr/local/lib/python3.10/dist-packages/transformers/utils/generic.py", line 965, in wrapper
    output = func(self, *args, **kwargs)
  File "/usr/local/lib/python3.10/dist-packages/transformers/models/qwen2/modeling_qwen2.py", line 549, in forward
    layer_outputs = decoder_layer(
  File "/usr/local/lib/python3.10/dist-packages/torch/nn/modules/module.py", line 1751, in _wrapped_call_impl
    return self._call_impl(*args, **kwargs)
  File "/usr/local/lib/python3.10/dist-packages/torch/nn/modules/module.py", line 1762, in _call_impl
    return forward_call(*args, **kwargs)
  File "/usr/local/lib/python3.10/dist-packages/accelerate/hooks.py", line 175, in new_forward
    output = module._old_forward(*args, **kwargs)
  File "/usr/local/lib/python3.10/dist-packages/transformers/models/qwen2/modeling_qwen2.py", line 262, in forward
    hidden_states, self_attn_weights = self.self_attn(
  File "/usr/local/lib/python3.10/dist-packages/torch/nn/modules/module.py", line 1751, in _wrapped_call_impl
    return self._call_impl(*args, **kwargs)
  File "/usr/local/lib/python3.10/dist-packages/torch/nn/modules/module.py", line 1762, in _call_impl
    return forward_call(*args, **kwargs)
  File "/usr/local/lib/python3.10/dist-packages/accelerate/hooks.py", line 175, in new_forward
    output = module._old_forward(*args, **kwargs)
  File "/usr/local/lib/python3.10/dist-packages/transformers/models/qwen2/modeling_qwen2.py", line 194, in forward
    attn_output, attn_weights = attention_interface(
  File "/usr/local/lib/python3.10/dist-packages/transformers/models/qwen2/modeling_qwen2.py", line 127, in eager_attention_forward
    attn_weights = nn.functional.softmax(attn_weights, dim=-1, dtype=torch.float32).to(query.dtype)
  File "/usr/local/lib/python3.10/dist-packages/torch/nn/functional.py", line 2142, in softmax
    ret = input.softmax(dim, dtype=dtype)
torch.OutOfMemoryError: CUDA out of memory. Tried to allocate 20.37 GiB. GPU 0 has a total capacity of 79.32 GiB of which 18.07 GiB is free. Process 3446780 has 61.24 GiB memory in use. Of the allocated memory 42.86 GiB is allocated by PyTorch, and 17.89 GiB is reserved by PyTorch but unallocated. If reserved but unallocated memory is large try setting PYTORCH_CUDA_ALLOC_CONF=expandable_segments:True to avoid fragmentation.  See documentation for Memory Management  (https://pytorch.org/docs/stable/notes/cuda.html#environment-variables)
2026-03-15 13:48:05,973 [INFO] src.sweep: [41/915] Running triplet fba069704bf6a4f2 — chain=subagent-18170598 triplet=11 (prompts 46→47→48)
2026-03-15 13:48:06,847 [ERROR] src.sweep: Triplet experiment fba069704bf6a4f2 failed.
Traceback (most recent call last):
  File "/root/context/ActivationPerturbationAnalysis/src/sweep.py", line 283, in run_sweep
    records = run_triplet_experiment(
  File "/root/context/ActivationPerturbationAnalysis/src/experiment.py", line 299, in run_triplet_experiment
    full_hidden = extract_hidden_states(model, triplet.seq_full_ids)
  File "/usr/local/lib/python3.10/dist-packages/torch/utils/_contextlib.py", line 116, in decorate_context
    return func(*args, **kwargs)
  File "/root/context/ActivationPerturbationAnalysis/src/model.py", line 95, in extract_hidden_states
    outputs = model(input_ids=input_ids, output_hidden_states=True)
  File "/usr/local/lib/python3.10/dist-packages/torch/nn/modules/module.py", line 1751, in _wrapped_call_impl
    return self._call_impl(*args, **kwargs)
  File "/usr/local/lib/python3.10/dist-packages/torch/nn/modules/module.py", line 1762, in _call_impl
    return forward_call(*args, **kwargs)
  File "/usr/local/lib/python3.10/dist-packages/accelerate/hooks.py", line 175, in new_forward
    output = module._old_forward(*args, **kwargs)
  File "/usr/local/lib/python3.10/dist-packages/transformers/utils/generic.py", line 965, in wrapper
    output = func(self, *args, **kwargs)
  File "/usr/local/lib/python3.10/dist-packages/transformers/utils/deprecation.py", line 172, in wrapped_func
    return func(*args, **kwargs)
  File "/usr/local/lib/python3.10/dist-packages/transformers/models/qwen2/modeling_qwen2.py", line 823, in forward
    outputs: BaseModelOutputWithPast = self.model(
  File "/usr/local/lib/python3.10/dist-packages/torch/nn/modules/module.py", line 1751, in _wrapped_call_impl
    return self._call_impl(*args, **kwargs)
  File "/usr/local/lib/python3.10/dist-packages/torch/nn/modules/module.py", line 1762, in _call_impl
    return forward_call(*args, **kwargs)
  File "/usr/local/lib/python3.10/dist-packages/transformers/utils/generic.py", line 965, in wrapper
    output = func(self, *args, **kwargs)
  File "/usr/local/lib/python3.10/dist-packages/transformers/models/qwen2/modeling_qwen2.py", line 549, in forward
    layer_outputs = decoder_layer(
  File "/usr/local/lib/python3.10/dist-packages/torch/nn/modules/module.py", line 1751, in _wrapped_call_impl
    return self._call_impl(*args, **kwargs)
  File "/usr/local/lib/python3.10/dist-packages/torch/nn/modules/module.py", line 1762, in _call_impl
    return forward_call(*args, **kwargs)
  File "/usr/local/lib/python3.10/dist-packages/accelerate/hooks.py", line 175, in new_forward
    output = module._old_forward(*args, **kwargs)
  File "/usr/local/lib/python3.10/dist-packages/transformers/models/qwen2/modeling_qwen2.py", line 262, in forward
    hidden_states, self_attn_weights = self.self_attn(
  File "/usr/local/lib/python3.10/dist-packages/torch/nn/modules/module.py", line 1751, in _wrapped_call_impl
    return self._call_impl(*args, **kwargs)
  File "/usr/local/lib/python3.10/dist-packages/torch/nn/modules/module.py", line 1762, in _call_impl
    return forward_call(*args, **kwargs)
  File "/usr/local/lib/python3.10/dist-packages/accelerate/hooks.py", line 175, in new_forward
    output = module._old_forward(*args, **kwargs)
  File "/usr/local/lib/python3.10/dist-packages/transformers/models/qwen2/modeling_qwen2.py", line 194, in forward
    attn_output, attn_weights = attention_interface(
  File "/usr/local/lib/python3.10/dist-packages/transformers/models/qwen2/modeling_qwen2.py", line 127, in eager_attention_forward
    attn_weights = nn.functional.softmax(attn_weights, dim=-1, dtype=torch.float32).to(query.dtype)
  File "/usr/local/lib/python3.10/dist-packages/torch/nn/functional.py", line 2142, in softmax
    ret = input.softmax(dim, dtype=dtype)
torch.OutOfMemoryError: CUDA out of memory. Tried to allocate 25.52 GiB. GPU 0 has a total capacity of 79.32 GiB of which 12.92 GiB is free. Process 3446780 has 66.39 GiB memory in use. Of the allocated memory 50.73 GiB is allocated by PyTorch, and 15.17 GiB is reserved by PyTorch but unallocated. If reserved but unallocated memory is large try setting PYTORCH_CUDA_ALLOC_CONF=expandable_segments:True to avoid fragmentation.  See documentation for Memory Management  (https://pytorch.org/docs/stable/notes/cuda.html#environment-variables)
2026-03-15 13:48:06,848 [INFO] src.sweep: [42/915] Running triplet fa5d3a990a6e5946 — chain=subagent-18170598 triplet=12 (prompts 47→48→49)
2026-03-15 13:48:07,771 [ERROR] src.sweep: Triplet experiment fa5d3a990a6e5946 failed.
Traceback (most recent call last):
  File "/root/context/ActivationPerturbationAnalysis/src/sweep.py", line 283, in run_sweep
    records = run_triplet_experiment(
  File "/root/context/ActivationPerturbationAnalysis/src/experiment.py", line 299, in run_triplet_experiment
    full_hidden = extract_hidden_states(model, triplet.seq_full_ids)
  File "/usr/local/lib/python3.10/dist-packages/torch/utils/_contextlib.py", line 116, in decorate_context
    return func(*args, **kwargs)
  File "/root/context/ActivationPerturbationAnalysis/src/model.py", line 95, in extract_hidden_states
    outputs = model(input_ids=input_ids, output_hidden_states=True)
  File "/usr/local/lib/python3.10/dist-packages/torch/nn/modules/module.py", line 1751, in _wrapped_call_impl
    return self._call_impl(*args, **kwargs)
  File "/usr/local/lib/python3.10/dist-packages/torch/nn/modules/module.py", line 1762, in _call_impl
    return forward_call(*args, **kwargs)
  File "/usr/local/lib/python3.10/dist-packages/accelerate/hooks.py", line 175, in new_forward
    output = module._old_forward(*args, **kwargs)
  File "/usr/local/lib/python3.10/dist-packages/transformers/utils/generic.py", line 965, in wrapper
    output = func(self, *args, **kwargs)
  File "/usr/local/lib/python3.10/dist-packages/transformers/utils/deprecation.py", line 172, in wrapped_func
    return func(*args, **kwargs)
  File "/usr/local/lib/python3.10/dist-packages/transformers/models/qwen2/modeling_qwen2.py", line 823, in forward
    outputs: BaseModelOutputWithPast = self.model(
  File "/usr/local/lib/python3.10/dist-packages/torch/nn/modules/module.py", line 1751, in _wrapped_call_impl
    return self._call_impl(*args, **kwargs)
  File "/usr/local/lib/python3.10/dist-packages/torch/nn/modules/module.py", line 1762, in _call_impl
    return forward_call(*args, **kwargs)
  File "/usr/local/lib/python3.10/dist-packages/transformers/utils/generic.py", line 965, in wrapper
    output = func(self, *args, **kwargs)
  File "/usr/local/lib/python3.10/dist-packages/transformers/models/qwen2/modeling_qwen2.py", line 549, in forward
    layer_outputs = decoder_layer(
  File "/usr/local/lib/python3.10/dist-packages/torch/nn/modules/module.py", line 1751, in _wrapped_call_impl
    return self._call_impl(*args, **kwargs)
  File "/usr/local/lib/python3.10/dist-packages/torch/nn/modules/module.py", line 1762, in _call_impl
    return forward_call(*args, **kwargs)
  File "/usr/local/lib/python3.10/dist-packages/accelerate/hooks.py", line 175, in new_forward
    output = module._old_forward(*args, **kwargs)
  File "/usr/local/lib/python3.10/dist-packages/transformers/models/qwen2/modeling_qwen2.py", line 262, in forward
    hidden_states, self_attn_weights = self.self_attn(
  File "/usr/local/lib/python3.10/dist-packages/torch/nn/modules/module.py", line 1751, in _wrapped_call_impl
    return self._call_impl(*args, **kwargs)
  File "/usr/local/lib/python3.10/dist-packages/torch/nn/modules/module.py", line 1762, in _call_impl
    return forward_call(*args, **kwargs)
  File "/usr/local/lib/python3.10/dist-packages/accelerate/hooks.py", line 175, in new_forward
    output = module._old_forward(*args, **kwargs)
  File "/usr/local/lib/python3.10/dist-packages/transformers/models/qwen2/modeling_qwen2.py", line 194, in forward
    attn_output, attn_weights = attention_interface(
  File "/usr/local/lib/python3.10/dist-packages/transformers/models/qwen2/modeling_qwen2.py", line 127, in eager_attention_forward
    attn_weights = nn.functional.softmax(attn_weights, dim=-1, dtype=torch.float32).to(query.dtype)
  File "/usr/local/lib/python3.10/dist-packages/torch/nn/functional.py", line 2142, in softmax
    ret = input.softmax(dim, dtype=dtype)
torch.OutOfMemoryError: CUDA out of memory. Tried to allocate 30.64 GiB. GPU 0 has a total capacity of 79.32 GiB of which 7.79 GiB is free. Process 3446780 has 71.52 GiB memory in use. Of the allocated memory 58.54 GiB is allocated by PyTorch, and 12.48 GiB is reserved by PyTorch but unallocated. If reserved but unallocated memory is large try setting PYTORCH_CUDA_ALLOC_CONF=expandable_segments:True to avoid fragmentation.  See documentation for Memory Management  (https://pytorch.org/docs/stable/notes/cuda.html#environment-variables)
2026-03-15 13:48:07,772 [INFO] src.sweep: [43/915] Running triplet 1165d318e012880d — chain=subagent-1eeb50c5 triplet=0 (prompts 50→51→52)
2026-03-15 13:48:09,877 [INFO] src.sweep: [44/915] Running triplet c26414b7364c9c01 — chain=subagent-1eeb50c5 triplet=1 (prompts 51→52→53)
2026-03-15 13:48:11,851 [INFO] src.sweep: [45/915] Running triplet c7df25db18af1675 — chain=subagent-1eeb50c5 triplet=2 (prompts 52→53→54)
2026-03-15 13:48:15,466 [INFO] src.sweep: [46/915] Running triplet 8666118270485296 — chain=subagent-1eeb50c5 triplet=3 (prompts 53→54→55)
2026-03-15 13:48:19,747 [INFO] src.sweep: [47/915] Running triplet 929cd07ec81e53ff — chain=subagent-1eeb50c5 triplet=4 (prompts 54→55→56)
2026-03-15 13:48:25,053 [INFO] src.sweep: [48/915] Running triplet dad05d9134d46d3b — chain=subagent-1eeb50c5 triplet=5 (prompts 55→56→57)
2026-03-15 13:54:21,558 [INFO] __main__: Configuration loaded from config/prompt_diff_qwen2.5.yaml
2026-03-15 13:54:24,213 [INFO] src.scheduler: Detected 8 usable GPUs (min_free=20.0 GB).
2026-03-15 13:54:24,213 [INFO] src.storage: Loaded checkpoint with 20 completed experiments.
2026-03-15 13:54:24,261 [INFO] src.model: Loading tokenizer from /root/share/models/Qwen2.5-32B-Instruct
2026-03-15 13:54:24,611 [INFO] src.model: Loading model from /root/share/models/Qwen2.5-32B-Instruct (dtype=bfloat16)
2026-03-15 13:54:38,190 [INFO] src.model: Model loaded. Parameters: 32,763,876,352
2026-03-15 13:54:38,688 [INFO] src.prompts: Loaded 1085 prompts from prompt/extracted_prompts.json.
2026-03-15 13:55:03,206 [INFO] src.sweep: jsonfile mode: 1085 prompts, token counts: [270, 7379, 10159, 11230, 14837, 289, 2233, 3422, 4218, 5443, 6044, 7772, 7913, 9497, 12339, 12555, 15469, 15685, 18592, 18808, 275, 1781, 2577, 4417, 6001, 7594, 8276, 11204, 12662, 14046, 18100, 19510, 24727, 25812, 27338, 267, 1536, 3001, 4318, 4452, 6077, 7015, 8549, 10449, 10669, 11475, 11590, 11690, 13087, 14340, 282, 596, 1853, 2434, 3267, 3793, 4031, 4406, 4449, 6259, 7161, 7366, 7883, 8508, 9053, 297, 899, 965, 1018, 1151, 1269, 3216, 3357, 3995, 6458, 7279, 9910, 10631, 11156, 13832, 276, 2614, 4293, 5632, 6933, 8703, 8837, 10617, 13307, 13852, 15832, 17246, 19224, 21218, 23199, 258, 1223, 1824, 2529, 2985, 276, 385, 650, 720, 2116, 2393, 3516, 4729, 5558, 5837, 6064, 6788, 6857, 7599, 8190, 271, 1438, 2900, 5199, 7536, 9976, 12424, 14236, 15820, 16823, 18322, 21179, 23798, 25390, 27352, 304, 906, 2180, 3058, 4102, 5011, 6548, 6852, 8185, 9529, 10380, 10544, 12089, 14889, 17687, 273, 2045, 4234, 7069, 10389, 14289, 17317, 20791, 24336, 28652, 32344, 39791, 44744, 48975, 54071, 279, 386, 648, 717, 804, 885, 2244, 2302, 2367, 3579, 3726, 6223, 276, 1166, 1224, 2075, 3306, 3371, 4318, 4459, 5537, 8967, 9649, 13216, 17898, 18364, 18430, 273, 392, 459, 536, 803, 894, 1296, 1351, 1434, 1548, 2420, 3145, 4315, 288, 613, 691, 721, 765, 1190, 1279, 1340, 1589, 1641, 1676, 1763, 5001, 173419, 173615, 282, 390, 477, 564, 668, 3267, 3481, 4021, 4512, 5066, 5262, 5846, 6147, 6685, 6936, 343, 2675, 3633, 4246, 6188, 7245, 8456, 10864, 13199, 312, 9428, 10302, 15731, 16714, 22668, 24221, 35224, 275, 1515, 2534, 251, 718, 881, 1032, 284, 641, 719, 778, 845, 937, 1699, 3913, 4293, 4458, 4489, 4517, 5698, 7857, 8620, 286, 2526, 4382, 6732, 9282, 12371, 13761, 16435, 18701, 19479, 22127, 24709, 25009, 279, 402, 472, 557, 836, 1465, 2274, 2392, 3933, 5504, 6107, 7070, 8209, 8785, 9945, 281, 587, 3396, 5024, 7415, 9076, 12005, 13465, 14155, 15533, 19642, 21140, 24360, 25786, 31330, 268, 2898, 41146, 42062, 42733, 44654, 47902, 48605, 49722, 50647, 334, 501, 564, 826, 899, 985, 1065, 1387, 1678, 1970, 2148, 2372, 2727, 2909, 3151, 269, 383, 451, 725, 795, 873, 1274, 1336, 1403, 1462, 3622, 6604, 7978, 8400, 8479, 304, 1256, 1520, 2352, 2791, 3223, 3700, 4608, 7327, 8104, 8554, 8925, 9402, 10000, 11876, 274, 1736, 2134, 169348, 169748, 253485, 295, 3240, 4017, 4717, 7803, 9658, 12897, 15825, 18491, 22104, 22234, 25924, 26783, 27493, 27910, 293, 413, 475, 737, 805, 892, 1789, 1975, 3165, 3214, 3325, 3480, 3678, 3756, 3835, 373, 1779, 2025, 3904, 6234, 9715, 11244, 13795, 15919, 19088, 23838, 25601, 27659, 29717, 31775, 337, 513, 774, 852, 2272, 2357, 2430, 3098, 3693, 3757, 5059, 6600, 7344, 299, 1233, 1310, 1391, 1483, 1619, 1823, 2100, 3200, 6259, 7601, 8927, 10278, 11963, 14126, 265, 1039, 1149, 15309, 16400, 17006, 18206, 31733, 33509, 34591, 34711, 36242, 40063, 41495, 55919, 297, 425, 488, 558, 825, 892, 974, 1122, 1910, 2107, 2569, 2900, 2932, 2960, 3103, 281, 965, 1584, 2103, 3551, 5620, 8622, 9610, 14966, 24153, 26728, 28329, 29244, 30095, 30695, 309, 842, 1350, 1757, 245, 576, 686, 743, 819, 900, 1151, 1186, 1257, 1436, 251, 803, 2001, 3575, 5978, 6966, 8383, 10109, 11139, 12867, 14316, 14440, 15848, 17597, 18790, 264, 1272, 2572, 3364, 4688, 5440, 6320, 6634, 7476, 8449, 9433, 10284, 11201, 11935, 13231, 307, 1037, 2930, 4157, 5506, 8024, 9946, 11039, 12715, 14583, 14697, 17116, 18993, 20661, 22309, 302, 3618, 3814, 3906, 4193, 4320, 4392, 4426, 28824, 28957, 29023, 29125, 29155, 29253, 29302, 288, 7838, 10510, 15496, 21688, 26246, 31741, 34975, 38334, 56837, 273, 2596, 8607, 12833, 22351, 24824, 28636, 30513, 38748, 41211, 41642, 44078, 53199, 55776, 271, 1221, 2327, 122598, 123671, 125161, 127677, 128900, 130673, 132203, 134717, 136383, 138824, 141338, 144307, 334, 2008, 3013, 5586, 7328, 9335, 304, 1885, 3565, 5497, 7769, 9454, 10906, 14739, 16502, 20778, 22875, 25555, 27799, 30692, 34424, 267, 938, 1419, 3153, 3374, 4278, 4661, 5581, 8091, 9356, 11468, 12393, 13795, 15460, 15685, 290, 743, 1173, 1847, 1966, 2093, 2930, 3739, 4913, 5106, 6127, 6245, 7575, 9479, 9858, 292, 1106, 3367, 3852, 4555, 4691, 5274, 5422, 6167, 6310, 7410, 7480, 8687, 11709, 12506, 293, 1498, 3114, 4866, 5229, 261, 608, 1356, 1915, 3818, 6265, 8850, 12386, 15020, 17672, 20021, 22529, 25122, 27471, 30077, 300, 1243, 1630, 1742, 4194, 7896, 12836, 18946, 25706, 26739, 292, 1181, 2177, 2879, 4226, 4643, 4793, 6015, 8645, 12451, 17377, 23521, 25419, 26158, 33496, 295, 1772, 2539, 3498, 3922, 4087, 5685, 5796, 5902, 7476, 8829, 10170, 11067, 12768, 14165, 306, 1324, 4067, 6019, 8043, 11279, 14751, 15949, 16072, 18751, 21386, 23641, 26174, 28508, 31253, 287, 1642, 3164, 4925, 6653, 7228, 8798, 9513, 10302, 10951, 11811, 12522, 13978, 14638, 15229, 300, 1035, 1207, 2294, 4887, 8674, 8744, 9971, 15786, 17093, 18036, 19173, 20475, 22124, 27153, 310, 1892, 2093, 4115, 4188, 4278, 5668, 5996, 6267, 6950, 7038, 7650, 7738, 8539, 9251, 254, 1655, 3299, 262, 589, 654, 696, 819, 892, 3492, 42031, 45435, 46140, 46191, 46229, 46267, 46303, 47443, 312, 4856, 8147, 14589, 18488, 23673, 25636, 29231, 271, 1887, 4025, 8938, 12711, 18792, 22828, 28279, 29873, 34523, 38005, 41209, 45875, 296, 502, 884, 11499, 11956, 12013, 14982, 15498, 26278, 27894, 29524, 30126, 41028, 41101, 41926, 282, 656, 1797, 2317, 2501, 3364, 3666, 3811, 4048, 4108, 331, 2030, 2300, 2701, 4629, 5708, 6121, 7241, 8426, 8866, 10124, 11239, 13128, 14470, 15823, 268, 1643, 4158, 5239, 7189, 9647, 10690, 11685, 12521, 13406, 14033, 15008, 15616, 16758, 17718, 262, 398, 461, 570, 645, 905, 1161, 1211, 4148, 323, 717, 783, 853, 911, 994, 1160, 1492, 1539, 1568, 3382, 4304, 7155, 7698, 8889, 283, 605, 894, 946, 1360, 1434, 14293, 14383, 27238, 27434, 28035, 28892, 29097, 29125, 29832, 332, 1049, 2200, 3168, 4635, 5940, 7260, 8829, 11231, 14288, 16464, 19537, 22232, 24933, 27634, 256, 350, 621, 703, 772, 1472, 1658, 2664, 2817, 3274, 3669, 4679, 4770, 6211, 6442, 268, 1150, 1620, 2642, 3509, 4069, 5483, 5851, 8589, 9333, 10225, 11144, 15110, 15620, 16332, 266, 1122, 1973, 2485, 5907, 9653, 12864, 16282, 18700, 20994, 24265, 27364, 30463, 33562, 36661, 337, 1861, 2480, 3773, 7321, 9169, 9434, 10447, 11548, 12085, 12429, 13498, 13763, 14474, 15016, 268, 408, 467, 552, 821, 1043, 1159, 1216, 18313, 267, 568, 1667, 2438, 3751, 3818, 4038, 4117, 4620, 5585, 6859, 6943, 7468, 7543, 8520, 266, 822, 1123, 1390, 293, 5613, 6790, 10239, 14280, 15194, 19616, 20785, 285, 1649, 3170, 4519, 6949, 7745, 8157, 11917, 12111, 12835, 13649, 15161, 15597, 16545, 17502, 285, 3926, 5472, 12047, 14073, 17024, 263, 1212, 2699, 3758, 9504, 10934, 11114, 12589, 14234, 15888, 17136, 19241, 20288, 21091, 21604, 268, 1221, 2526, 3923, 5443, 6802, 7629, 8591, 9836, 11081, 12326, 13571, 14816, 16061, 17306]
2026-03-15 13:55:03,207 [INFO] src.sweep: Triplet mode: 85 chains, 1085 total prompts.
2026-03-15 13:55:03,212 [INFO] src.sweep: Built 915 triplet jobs from 85 chains.
2026-03-15 13:55:03,212 [INFO] src.sweep: Starting sweep: 915 experiments.
2026-03-15 13:55:03,212 [INFO] src.sweep: [1/915] Skipping completed d880639366c33e4c
2026-03-15 13:55:03,212 [INFO] src.sweep: [2/915] Skipping completed bc4ae55a72593f6d
2026-03-15 13:55:03,212 [INFO] src.sweep: [3/915] Running triplet 2b267d068337a51a — chain=subagent-034ad88e triplet=2 (prompts 2→3→4)
2026-03-15 13:55:14,114 [INFO] src.sweep: [4/915] Skipping completed d7fc1be12e6c57ea
2026-03-15 13:55:14,114 [INFO] src.sweep: [5/915] Skipping completed 33ffd0da585d6522
2026-03-15 13:55:14,114 [INFO] src.sweep: [6/915] Skipping completed 66a9b08549d44abd
2026-03-15 13:55:14,114 [INFO] src.sweep: [7/915] Skipping completed d8293601f5aad280
2026-03-15 13:55:14,114 [INFO] src.sweep: [8/915] Skipping completed c682f3a86ff3ca79
2026-03-15 13:55:14,114 [INFO] src.sweep: [9/915] Skipping completed 73b017d0ae9524b4
2026-03-15 13:55:14,114 [INFO] src.sweep: [10/915] Skipping completed ff5cbd8c7995162d
2026-03-15 13:55:14,114 [INFO] src.sweep: [11/915] Running triplet 344ff3a90ecc6dfe — chain=subagent-0c71c49d triplet=7 (prompts 12→13→14)
2026-03-15 13:55:22,349 [INFO] src.sweep: [12/915] Running triplet fc44103a0411b753 — chain=subagent-0c71c49d triplet=8 (prompts 13→14→15)
2026-03-15 13:55:30,306 [INFO] src.sweep: [13/915] Running triplet 2caec8241a66e2f2 — chain=subagent-0c71c49d triplet=9 (prompts 14→15→16)
2026-03-15 13:55:41,386 [INFO] src.sweep: [14/915] Running triplet 6097790d100fa444 — chain=subagent-0c71c49d triplet=10 (prompts 15→16→17)
2026-03-15 13:55:51,557 [INFO] src.sweep: [15/915] Running triplet 541b222c2f9b085c — chain=subagent-0c71c49d triplet=11 (prompts 16→17→18)
2026-03-15 13:56:05,139 [INFO] src.sweep: [16/915] Running triplet 5303c6c7a535b5b7 — chain=subagent-0c71c49d triplet=12 (prompts 17→18→19)
2026-03-15 13:56:17,880 [INFO] src.sweep: [17/915] Skipping completed 11ea151513bcfcad
2026-03-15 13:56:17,880 [INFO] src.sweep: [18/915] Skipping completed 64eb9f9e31577000
2026-03-15 13:56:17,880 [INFO] src.sweep: [19/915] Skipping completed 7aa69442a4a41c4c
2026-03-15 13:56:17,880 [INFO] src.sweep: [20/915] Skipping completed e544aa08312526b2
2026-03-15 13:56:17,880 [INFO] src.sweep: [21/915] Skipping completed 38ab062380f560cb
2026-03-15 13:56:17,880 [INFO] src.sweep: [22/915] Skipping completed 30993db1dc00d2a2
2026-03-15 13:56:17,880 [INFO] src.sweep: [23/915] Running triplet df984dd30d389966 — chain=subagent-0d6ab694 triplet=6 (prompts 26→27→28)
2026-03-15 13:56:25,814 [INFO] src.sweep: [24/915] Running triplet d5f0222a0a83e766 — chain=subagent-0d6ab694 triplet=7 (prompts 27→28→29)
2026-03-15 13:56:35,275 [INFO] src.sweep: [25/915] Running triplet 918da38646e3224e — chain=subagent-0d6ab694 triplet=8 (prompts 28→29→30)
2026-03-15 13:56:48,089 [INFO] src.storage: Flushed 21775 records to Qwen2.5-32B-prompt-diff-results/results_part_000000.parquet.
2026-03-15 13:56:48,093 [INFO] src.sweep: [26/915] Running triplet a452b53f42b6c16d — chain=subagent-0d6ab694 triplet=9 (prompts 29→30→31)
2026-03-15 13:57:00,894 [INFO] src.sweep: [27/915] Running triplet 2d481e65281736c6 — chain=subagent-0d6ab694 triplet=10 (prompts 30→31→32)
2026-03-15 13:57:19,322 [INFO] src.sweep: [28/915] Running triplet 662e446bca0661bb — chain=subagent-0d6ab694 triplet=11 (prompts 31→32→33)
2026-03-15 13:57:36,886 [INFO] src.sweep: [29/915] Running triplet 64a615853f9559a8 — chain=subagent-0d6ab694 triplet=12 (prompts 32→33→34)
2026-03-15 13:57:57,739 [INFO] src.sweep: [30/915] Skipping completed e2c30e5af5d7bbfe
2026-03-15 13:57:57,739 [INFO] src.sweep: [31/915] Skipping completed ff0f3a13c5dc95d0
2026-03-15 13:57:57,739 [INFO] src.sweep: [32/915] Skipping completed d857509981d29a92
2026-03-15 13:57:57,739 [INFO] src.sweep: [33/915] Skipping completed fa1f63bb75c05d55
2026-03-15 13:57:57,739 [INFO] src.sweep: [34/915] Skipping completed 90e9cd2b638263e7
2026-03-15 13:57:57,739 [INFO] src.sweep: [35/915] Running triplet 6f1d3baf7b7463ec — chain=subagent-18170598 triplet=5 (prompts 40→41→42)
2026-03-15 13:58:03,354 [INFO] src.sweep: [36/915] Running triplet 5b264e0e4e6604af — chain=subagent-18170598 triplet=6 (prompts 41→42→43)
2026-03-15 13:58:10,138 [INFO] src.sweep: [37/915] Running triplet 9a3df4e70ee34390 — chain=subagent-18170598 triplet=7 (prompts 42→43→44)
2026-03-15 13:58:16,941 [INFO] src.sweep: [38/915] Running triplet 71e1940f67a35fe9 — chain=subagent-18170598 triplet=8 (prompts 43→44→45)
2026-03-15 13:58:24,911 [INFO] src.sweep: [39/915] Running triplet e8c14b4d344f8330 — chain=subagent-18170598 triplet=9 (prompts 44→45→46)
2026-03-15 13:58:32,783 [INFO] src.sweep: [40/915] Running triplet b112888eed2888ab — chain=subagent-18170598 triplet=10 (prompts 45→46→47)
2026-03-15 13:58:41,066 [INFO] src.storage: Flushed 17875 records to Qwen2.5-32B-prompt-diff-results/results_part_000001.parquet.
2026-03-15 13:58:41,070 [INFO] src.sweep: [41/915] Running triplet fba069704bf6a4f2 — chain=subagent-18170598 triplet=11 (prompts 46→47→48)
2026-03-15 13:58:50,332 [INFO] src.sweep: [42/915] Running triplet fa5d3a990a6e5946 — chain=subagent-18170598 triplet=12 (prompts 47→48→49)
2026-03-15 13:59:00,063 [INFO] src.sweep: [43/915] Running triplet 1165d318e012880d — chain=subagent-1eeb50c5 triplet=0 (prompts 50→51→52)
2026-03-15 13:59:01,441 [INFO] src.sweep: [44/915] Running triplet c26414b7364c9c01 — chain=subagent-1eeb50c5 triplet=1 (prompts 51→52→53)
2026-03-15 13:59:02,853 [INFO] src.sweep: [45/915] Running triplet c7df25db18af1675 — chain=subagent-1eeb50c5 triplet=2 (prompts 52→53→54)
2026-03-15 13:59:04,908 [INFO] src.sweep: [46/915] Running triplet 8666118270485296 — chain=subagent-1eeb50c5 triplet=3 (prompts 53→54→55)
2026-03-15 13:59:07,294 [INFO] src.sweep: [47/915] Running triplet 929cd07ec81e53ff — chain=subagent-1eeb50c5 triplet=4 (prompts 54→55→56)
2026-03-15 13:59:09,901 [INFO] src.sweep: [48/915] Running triplet dad05d9134d46d3b — chain=subagent-1eeb50c5 triplet=5 (prompts 55→56→57)
2026-03-15 13:59:12,923 [INFO] src.sweep: [49/915] Running triplet 97a05e8ee9ec0676 — chain=subagent-1eeb50c5 triplet=6 (prompts 56→57→58)
2026-03-15 13:59:15,886 [INFO] src.sweep: [50/915] Running triplet 3f8fed00b1fe86ba — chain=subagent-1eeb50c5 triplet=7 (prompts 57→58→59)
2026-03-15 13:59:20,314 [INFO] src.storage: Flushed 14170 records to Qwen2.5-32B-prompt-diff-results/results_part_000002.parquet.
2026-03-15 13:59:20,317 [INFO] src.sweep: [51/915] Running triplet cc2722f0f610bdc3 — chain=subagent-1eeb50c5 triplet=8 (prompts 58→59→60)
2026-03-15 13:59:24,609 [INFO] src.sweep: [52/915] Running triplet 2658b40547a2f725 — chain=subagent-1eeb50c5 triplet=9 (prompts 59→60→61)
2026-03-15 13:59:29,486 [INFO] src.sweep: [53/915] Running triplet 959174d63a942415 — chain=subagent-1eeb50c5 triplet=10 (prompts 60→61→62)
2026-03-15 13:59:34,968 [INFO] src.sweep: [54/915] Running triplet 92684bf3707bd21e — chain=subagent-1eeb50c5 triplet=11 (prompts 61→62→63)
2026-03-15 13:59:40,726 [INFO] src.sweep: [55/915] Running triplet b86c92dc670cafac — chain=subagent-1eeb50c5 triplet=12 (prompts 62→63→64)
2026-03-15 13:59:46,801 [INFO] src.sweep: [56/915] Running triplet def30525b7aed94d — chain=subagent-223f85c8 triplet=0 (prompts 65→66→67)
2026-03-15 13:59:47,611 [INFO] src.sweep: [57/915] Running triplet 90a81faaa83d8769 — chain=subagent-223f85c8 triplet=1 (prompts 66→67→68)
2026-03-15 13:59:48,459 [INFO] src.sweep: [58/915] Running triplet a932cb2f835cd34d — chain=subagent-223f85c8 triplet=2 (prompts 67→68→69)
2026-03-15 13:59:49,429 [INFO] src.sweep: [59/915] Running triplet d1088fc6989452a2 — chain=subagent-223f85c8 triplet=3 (prompts 68→69→70)
2026-03-15 13:59:50,516 [INFO] src.sweep: [60/915] Running triplet 670672f41f0ae924 — chain=subagent-223f85c8 triplet=4 (prompts 69→70→71)
2026-03-15 13:59:52,828 [INFO] src.storage: Flushed 12220 records to Qwen2.5-32B-prompt-diff-results/results_part_000003.parquet.
2026-03-15 13:59:52,830 [INFO] src.sweep: [61/915] Running triplet 04e92b40373d046e — chain=subagent-223f85c8 triplet=5 (prompts 70→71→72)
2026-03-15 13:59:54,566 [INFO] src.sweep: [62/915] Running triplet 1a84276b7cace3c6 — chain=subagent-223f85c8 triplet=6 (prompts 71→72→73)
2026-03-15 13:59:57,292 [INFO] src.sweep: [63/915] Running triplet 42fb8e2d2f6706c2 — chain=subagent-223f85c8 triplet=7 (prompts 72→73→74)
2026-03-15 14:00:01,612 [INFO] src.sweep: [64/915] Running triplet 81aa2d1d35d31833 — chain=subagent-223f85c8 triplet=8 (prompts 73→74→75)
2026-03-15 14:00:05,917 [INFO] src.sweep: [65/915] Running triplet dbf77d6cae95ed72 — chain=subagent-223f85c8 triplet=9 (prompts 74→75→76)
2026-03-15 14:00:12,647 [INFO] src.sweep: [66/915] Running triplet a64ce5d8dd5d04fb — chain=subagent-223f85c8 triplet=10 (prompts 75→76→77)
2026-03-15 14:00:19,182 [INFO] src.sweep: [67/915] Running triplet e90e397594d6450c — chain=subagent-223f85c8 triplet=11 (prompts 76→77→78)
2026-03-15 14:00:26,778 [INFO] src.sweep: [68/915] Running triplet f1d090c8d4c98e88 — chain=subagent-223f85c8 triplet=12 (prompts 77→78→79)
2026-03-15 14:00:36,522 [INFO] src.sweep: [69/915] Running triplet 692cd61131afef8e — chain=subagent-247ca379 triplet=0 (prompts 80→81→82)
2026-03-15 14:00:38,839 [INFO] src.sweep: [70/915] Running triplet 27a2f8e725839132 — chain=subagent-247ca379 triplet=1 (prompts 81→82→83)
2026-03-15 14:00:42,126 [INFO] src.storage: Flushed 17680 records to Qwen2.5-32B-prompt-diff-results/results_part_000004.parquet.
2026-03-15 14:00:42,129 [INFO] src.sweep: [71/915] Running triplet 24ba584f5d75f332 — chain=subagent-247ca379 triplet=2 (prompts 82→83→84)
2026-03-15 14:00:46,682 [INFO] src.sweep: [72/915] Running triplet 01be799c468d9df1 — chain=subagent-247ca379 triplet=3 (prompts 83→84→85)
2026-03-15 14:00:52,300 [INFO] src.sweep: [73/915] Running triplet d01978a8b6b5e09c — chain=subagent-247ca379 triplet=4 (prompts 84→85→86)
2026-03-15 14:00:57,860 [INFO] src.sweep: [74/915] Running triplet 043c993887c7f18a — chain=subagent-247ca379 triplet=5 (prompts 85→86→87)
2026-03-15 14:01:05,269 [INFO] src.sweep: [75/915] Running triplet a0c16615f9412bf1 — chain=subagent-247ca379 triplet=6 (prompts 86→87→88)
2026-03-15 14:01:14,067 [INFO] src.sweep: [76/915] Running triplet 294ea2e264c5de00 — chain=subagent-247ca379 triplet=7 (prompts 87→88→89)
2026-03-15 14:01:22,978 [INFO] src.sweep: [77/915] Running triplet 1c78a333cdef5518 — chain=subagent-247ca379 triplet=8 (prompts 88→89→90)
2026-03-15 14:01:34,182 [INFO] src.sweep: [78/915] Running triplet 012fab3f832b6e6c — chain=subagent-247ca379 triplet=9 (prompts 89→90→91)
2026-03-15 14:01:45,969 [INFO] src.sweep: [79/915] Running triplet 2bb193e0f04ed055 — chain=subagent-247ca379 triplet=10 (prompts 90→91→92)
2026-03-15 14:01:59,608 [INFO] src.sweep: [80/915] Running triplet 17ca52babfef00c6 — chain=subagent-247ca379 triplet=11 (prompts 91→92→93)
2026-03-15 14:02:14,703 [INFO] src.storage: Flushed 18850 records to Qwen2.5-32B-prompt-diff-results/results_part_000005.parquet.
2026-03-15 14:02:14,706 [INFO] src.sweep: [81/915] Running triplet f952901a357bca45 — chain=subagent-247ca379 triplet=12 (prompts 92→93→94)
2026-03-15 14:02:31,374 [INFO] src.sweep: [82/915] Running triplet 8c3711ea5f4bb4db — chain=subagent-24f8dd9c triplet=0 (prompts 95→96→97)
2026-03-15 14:02:32,630 [INFO] src.sweep: [83/915] Running triplet fa16d92ca5721aa7 — chain=subagent-24f8dd9c triplet=1 (prompts 96→97→98)
2026-03-15 14:02:34,246 [INFO] src.sweep: [84/915] Running triplet dc1f3cd73c49af12 — chain=subagent-24f8dd9c triplet=2 (prompts 97→98→99)
2026-03-15 14:02:36,136 [INFO] src.sweep: [85/915] Running triplet c7e4f0cee65e0ae6 — chain=subagent-256107e1 triplet=0 (prompts 100→101→102)
2026-03-15 14:02:36,748 [INFO] src.sweep: [86/915] Running triplet 19a262f2e7891c63 — chain=subagent-256107e1 triplet=1 (prompts 101→102→103)
2026-03-15 14:02:37,389 [INFO] src.sweep: [87/915] Running triplet 0de454e83d897b1e — chain=subagent-256107e1 triplet=2 (prompts 102→103→104)
2026-03-15 14:02:38,975 [INFO] src.sweep: [88/915] Running triplet 55333a38d7c86d00 — chain=subagent-256107e1 triplet=3 (prompts 103→104→105)
2026-03-15 14:02:40,246 [INFO] src.sweep: [89/915] Running triplet 4795f8c240ebd8b4 — chain=subagent-256107e1 triplet=4 (prompts 104→105→106)
2026-03-15 14:02:42,642 [INFO] src.sweep: [90/915] Running triplet 73e2e768af958ed5 — chain=subagent-256107e1 triplet=5 (prompts 105→106→107)
2026-03-15 14:02:45,567 [INFO] src.storage: Flushed 14040 records to Qwen2.5-32B-prompt-diff-results/results_part_000006.parquet.
2026-03-15 14:02:45,570 [INFO] src.sweep: [91/915] Running triplet 70ce38fdad374e36 — chain=subagent-256107e1 triplet=6 (prompts 106→107→108)
2026-03-15 14:02:48,936 [INFO] src.sweep: [92/915] Running triplet 84a9bf70c708ae69 — chain=subagent-256107e1 triplet=7 (prompts 107→108→109)
2026-03-15 14:02:52,583 [INFO] src.sweep: [93/915] Running triplet 96d759ea5f66b4ae — chain=subagent-256107e1 triplet=8 (prompts 108→109→110)
2026-03-15 14:02:56,581 [INFO] src.sweep: [94/915] Running triplet abf6222025654b2f — chain=subagent-256107e1 triplet=9 (prompts 109→110→111)
2026-03-15 14:03:01,101 [INFO] src.sweep: [95/915] Running triplet 27884b6d7129771a — chain=subagent-256107e1 triplet=10 (prompts 110→111→112)
2026-03-15 14:03:05,531 [INFO] src.sweep: [96/915] Running triplet d32240a5afe08b9a — chain=subagent-256107e1 triplet=11 (prompts 111→112→113)
2026-03-15 14:03:10,871 [INFO] src.sweep: [97/915] Running triplet 00f45c08759a5493 — chain=subagent-256107e1 triplet=12 (prompts 112→113→114)
2026-03-15 14:03:16,299 [INFO] src.sweep: [98/915] Running triplet 9e09fc8199ae715d — chain=subagent-30a2ff43 triplet=0 (prompts 115→116→117)
2026-03-15 14:03:18,028 [INFO] src.sweep: [99/915] Running triplet b9d8f1f8d766a6c2 — chain=subagent-30a2ff43 triplet=1 (prompts 116→117→118)
2026-03-15 14:03:21,188 [INFO] src.sweep: [100/915] Running triplet 956ec63707ea232f — chain=subagent-30a2ff43 triplet=2 (prompts 117→118→119)
2026-03-15 14:03:25,698 [INFO] src.storage: Flushed 14950 records to Qwen2.5-32B-prompt-diff-results/results_part_000007.parquet.
2026-03-15 14:03:25,700 [INFO] src.sweep: [101/915] Running triplet a03fa7903c3f0896 — chain=subagent-30a2ff43 triplet=3 (prompts 118→119→120)
2026-03-15 14:03:31,960 [INFO] src.sweep: [102/915] Running triplet f0aa1c266adad73e — chain=subagent-30a2ff43 triplet=4 (prompts 119→120→121)
2026-03-15 14:03:39,855 [INFO] src.sweep: [103/915] Running triplet a560dc0849901a0f — chain=subagent-30a2ff43 triplet=5 (prompts 120→121→122)
2026-03-15 14:03:49,150 [INFO] src.sweep: [104/915] Running triplet acd5464fde3869b3 — chain=subagent-30a2ff43 triplet=6 (prompts 121→122→123)
2026-03-15 14:03:59,823 [INFO] src.sweep: [105/915] Running triplet dabcfe52723ab196 — chain=subagent-30a2ff43 triplet=7 (prompts 122→123→124)
2026-03-15 14:04:11,351 [INFO] src.sweep: [106/915] Running triplet 73d5d66d9de51174 — chain=subagent-30a2ff43 triplet=8 (prompts 123→124→125)
2026-03-15 14:04:24,975 [INFO] src.sweep: [107/915] Running triplet 38c18ace08bce593 — chain=subagent-30a2ff43 triplet=9 (prompts 124→125→126)
2026-03-15 14:04:40,166 [INFO] src.sweep: [108/915] Running triplet 2b1bca1b8a5b6b3d — chain=subagent-30a2ff43 triplet=10 (prompts 125→126→127)
2026-03-15 14:04:57,022 [INFO] src.sweep: [109/915] Running triplet 18bdadee7fddaa90 — chain=subagent-30a2ff43 triplet=11 (prompts 126→127→128)
2026-03-15 14:05:15,303 [INFO] src.sweep: [110/915] Running triplet c78234c418829e90 — chain=subagent-30a2ff43 triplet=12 (prompts 127→128→129)
2026-03-15 14:05:36,051 [INFO] src.storage: Flushed 21645 records to Qwen2.5-32B-prompt-diff-results/results_part_000008.parquet.
2026-03-15 14:05:36,055 [INFO] src.sweep: [111/915] Running triplet c22d47ca57d317e6 — chain=subagent-362590c9 triplet=0 (prompts 130→131→132)
2026-03-15 14:05:37,613 [INFO] src.sweep: [112/915] Running triplet e3104166b75f8400 — chain=subagent-362590c9 triplet=1 (prompts 131→132→133)
2026-03-15 14:05:39,396 [INFO] src.sweep: [113/915] Running triplet 37d6718c9655f14d — chain=subagent-362590c9 triplet=2 (prompts 132→133→134)
2026-03-15 14:05:42,041 [INFO] src.sweep: [114/915] Running triplet f00f979c352451c1 — chain=subagent-362590c9 triplet=3 (prompts 133→134→135)
2026-03-15 14:05:45,131 [INFO] src.sweep: [115/915] Running triplet 482ac98028ddfb9d — chain=subagent-362590c9 triplet=4 (prompts 134→135→136)
2026-03-15 14:05:49,360 [INFO] src.sweep: [116/915] Running triplet 192f530c8d175217 — chain=subagent-362590c9 triplet=5 (prompts 135→136→137)
2026-03-15 14:05:53,579 [INFO] src.sweep: [117/915] Running triplet 191b41d128d18963 — chain=subagent-362590c9 triplet=6 (prompts 136→137→138)
2026-03-15 14:05:59,228 [INFO] src.sweep: [118/915] Running triplet 33ce0b3a1de802b6 — chain=subagent-362590c9 triplet=7 (prompts 137→138→139)
2026-03-15 14:06:05,478 [INFO] src.sweep: [119/915] Running triplet 306a97dcaeef2d21 — chain=subagent-362590c9 triplet=8 (prompts 138→139→140)
2026-03-15 14:06:12,416 [INFO] src.sweep: [120/915] Running triplet f56268da52cbbb06 — chain=subagent-362590c9 triplet=9 (prompts 139→140→141)
2026-03-15 14:06:19,632 [INFO] src.storage: Flushed 15080 records to Qwen2.5-32B-prompt-diff-results/results_part_000009.parquet.
2026-03-15 14:06:19,635 [INFO] src.sweep: [121/915] Running triplet f24da2bd18c77e15 — chain=subagent-362590c9 triplet=10 (prompts 140→141→142)
2026-03-15 14:06:28,229 [INFO] src.sweep: [122/915] Running triplet b71f394ea8465af4 — chain=subagent-362590c9 triplet=11 (prompts 141→142→143)
2026-03-15 14:06:38,416 [INFO] src.sweep: [123/915] Running triplet 46cffde4dd775997 — chain=subagent-362590c9 triplet=12 (prompts 142→143→144)
2026-03-15 14:06:50,310 [INFO] src.sweep: [124/915] Running triplet 7f0c661b661af87b — chain=subagent-440fbdce triplet=0 (prompts 145→146→147)
2026-03-15 14:06:52,736 [INFO] src.sweep: [125/915] Running triplet 4e08c920ae2aca4c — chain=subagent-440fbdce triplet=1 (prompts 146→147→148)
2026-03-15 14:06:56,952 [INFO] src.sweep: [126/915] Running triplet cdec767868a551e0 — chain=subagent-440fbdce triplet=2 (prompts 147→148→149)
2026-03-15 14:07:03,430 [INFO] src.sweep: [127/915] Running triplet 9e63a867590bc322 — chain=subagent-440fbdce triplet=3 (prompts 148→149→150)
2026-03-15 14:07:12,450 [INFO] src.sweep: [128/915] Running triplet 4af559b3c3b9d063 — chain=subagent-440fbdce triplet=4 (prompts 149→150→151)
2026-03-15 14:07:23,674 [INFO] src.sweep: [129/915] Running triplet 9ad8a0d294c9de30 — chain=subagent-440fbdce triplet=5 (prompts 150→151→152)
2026-03-15 14:07:38,049 [INFO] src.sweep: [130/915] Running triplet 5f808d582b340b31 — chain=subagent-440fbdce triplet=6 (prompts 151→152→153)
2026-03-15 14:07:55,363 [INFO] src.storage: Flushed 27820 records to Qwen2.5-32B-prompt-diff-results/results_part_000010.parquet.
2026-03-15 14:07:55,369 [INFO] src.sweep: [131/915] Running triplet a6eadf4d66beec90 — chain=subagent-440fbdce triplet=7 (prompts 152→153→154)
2026-03-15 14:08:16,423 [INFO] src.sweep: [132/915] Running triplet c1e6197eabf64c7a — chain=subagent-440fbdce triplet=8 (prompts 153→154→155)
2026-03-15 14:08:40,727 [INFO] src.sweep: [133/915] Running triplet 1c3d201778331d1f — chain=subagent-440fbdce triplet=9 (prompts 154→155→156)
2026-03-15 14:09:12,147 [ERROR] src.sweep: Triplet experiment 1c3d201778331d1f failed.
Traceback (most recent call last):
  File "/root/context/ActivationPerturbationAnalysis/src/sweep.py", line 283, in run_sweep
    records = run_triplet_experiment(
  File "/root/context/ActivationPerturbationAnalysis/src/experiment.py", line 305, in run_triplet_experiment
    skip_hidden = extract_hidden_states(model, triplet.seq_skip_ids)
  File "/usr/local/lib/python3.10/dist-packages/torch/utils/_contextlib.py", line 116, in decorate_context
    return func(*args, **kwargs)
  File "/root/context/ActivationPerturbationAnalysis/src/model.py", line 100, in extract_hidden_states
    hidden_states = torch.stack(
torch.OutOfMemoryError: CUDA out of memory. Tried to allocate 22.38 GiB. GPU 0 has a total capacity of 79.32 GiB of which 4.41 GiB is free. Process 3497353 has 74.90 GiB memory in use. Of the allocated memory 70.23 GiB is allocated by PyTorch, and 4.17 GiB is reserved by PyTorch but unallocated. If reserved but unallocated memory is large try setting PYTORCH_CUDA_ALLOC_CONF=expandable_segments:True to avoid fragmentation.  See documentation for Memory Management  (https://pytorch.org/docs/stable/notes/cuda.html#environment-variables)
2026-03-15 14:09:12,150 [INFO] src.sweep: [134/915] Running triplet 121ba1af885ea8b0 — chain=subagent-440fbdce triplet=10 (prompts 155→156→157)
2026-03-15 14:09:32,091 [ERROR] src.sweep: Triplet experiment 121ba1af885ea8b0 failed.
Traceback (most recent call last):
  File "/root/context/ActivationPerturbationAnalysis/src/sweep.py", line 283, in run_sweep
    records = run_triplet_experiment(
  File "/root/context/ActivationPerturbationAnalysis/src/experiment.py", line 299, in run_triplet_experiment
    full_hidden = extract_hidden_states(model, triplet.seq_full_ids)
  File "/usr/local/lib/python3.10/dist-packages/torch/utils/_contextlib.py", line 116, in decorate_context
    return func(*args, **kwargs)
  File "/root/context/ActivationPerturbationAnalysis/src/model.py", line 100, in extract_hidden_states
    hidden_states = torch.stack(
torch.OutOfMemoryError: CUDA out of memory. Tried to allocate 27.74 GiB. GPU 0 has a total capacity of 79.32 GiB of which 18.12 GiB is free. Process 3497353 has 61.19 GiB memory in use. Of the allocated memory 53.74 GiB is allocated by PyTorch, and 6.96 GiB is reserved by PyTorch but unallocated. If reserved but unallocated memory is large try setting PYTORCH_CUDA_ALLOC_CONF=expandable_segments:True to avoid fragmentation.  See documentation for Memory Management  (https://pytorch.org/docs/stable/notes/cuda.html#environment-variables)
2026-03-15 14:09:32,093 [INFO] src.sweep: [135/915] Running triplet 3403dd55d41b358c — chain=subagent-440fbdce triplet=11 (prompts 156→157→158)
2026-03-15 14:09:54,137 [ERROR] src.sweep: Triplet experiment 3403dd55d41b358c failed.
Traceback (most recent call last):
  File "/root/context/ActivationPerturbationAnalysis/src/sweep.py", line 283, in run_sweep
    records = run_triplet_experiment(
  File "/root/context/ActivationPerturbationAnalysis/src/experiment.py", line 299, in run_triplet_experiment
    full_hidden = extract_hidden_states(model, triplet.seq_full_ids)
  File "/usr/local/lib/python3.10/dist-packages/torch/utils/_contextlib.py", line 116, in decorate_context
    return func(*args, **kwargs)
  File "/root/context/ActivationPerturbationAnalysis/src/model.py", line 100, in extract_hidden_states
    hidden_states = torch.stack(
torch.OutOfMemoryError: CUDA out of memory. Tried to allocate 30.36 GiB. GPU 0 has a total capacity of 79.32 GiB of which 18.12 GiB is free. Process 3497353 has 61.19 GiB memory in use. Of the allocated memory 57.74 GiB is allocated by PyTorch, and 2.96 GiB is reserved by PyTorch but unallocated. If reserved but unallocated memory is large try setting PYTORCH_CUDA_ALLOC_CONF=expandable_segments:True to avoid fragmentation.  See documentation for Memory Management  (https://pytorch.org/docs/stable/notes/cuda.html#environment-variables)
2026-03-15 14:09:54,139 [INFO] src.sweep: [136/915] Running triplet 8b19b1595c6e2cf6 — chain=subagent-440fbdce triplet=12 (prompts 157→158→159)
2026-03-15 14:10:19,270 [ERROR] src.sweep: Triplet experiment 8b19b1595c6e2cf6 failed.
Traceback (most recent call last):
  File "/root/context/ActivationPerturbationAnalysis/src/sweep.py", line 283, in run_sweep
    records = run_triplet_experiment(
  File "/root/context/ActivationPerturbationAnalysis/src/experiment.py", line 299, in run_triplet_experiment
    full_hidden = extract_hidden_states(model, triplet.seq_full_ids)
  File "/usr/local/lib/python3.10/dist-packages/torch/utils/_contextlib.py", line 116, in decorate_context
    return func(*args, **kwargs)
  File "/root/context/ActivationPerturbationAnalysis/src/model.py", line 100, in extract_hidden_states
    hidden_states = torch.stack(
torch.OutOfMemoryError: CUDA out of memory. Tried to allocate 33.52 GiB. GPU 0 has a total capacity of 79.32 GiB of which 13.98 GiB is free. Process 3497353 has 65.33 GiB memory in use. Of the allocated memory 62.55 GiB is allocated by PyTorch, and 2.28 GiB is reserved by PyTorch but unallocated. If reserved but unallocated memory is large try setting PYTORCH_CUDA_ALLOC_CONF=expandable_segments:True to avoid fragmentation.  See documentation for Memory Management  (https://pytorch.org/docs/stable/notes/cuda.html#environment-variables)
2026-03-15 14:10:19,273 [INFO] src.sweep: [137/915] Running triplet aca91ffbdb2937fe — chain=subagent-47e1ec77 triplet=0 (prompts 160→161→162)
2026-03-15 14:10:20,159 [INFO] src.sweep: [138/915] Running triplet 108bfa9532b7ed0d — chain=subagent-47e1ec77 triplet=1 (prompts 161→162→163)
2026-03-15 14:10:21,140 [INFO] src.sweep: [139/915] Running triplet a5ea6be6e146fab5 — chain=subagent-47e1ec77 triplet=2 (prompts 162→163→164)
2026-03-15 14:10:21,960 [INFO] src.sweep: [140/915] Running triplet 687986acb8ae16f7 — chain=subagent-47e1ec77 triplet=3 (prompts 163→164→165)
2026-03-15 14:10:22,706 [INFO] src.sweep: [141/915] Running triplet d76dcfc05b81051a — chain=subagent-47e1ec77 triplet=4 (prompts 164→165→166)
2026-03-15 14:10:24,450 [INFO] src.sweep: [142/915] Running triplet 2f5caa911319f361 — chain=subagent-47e1ec77 triplet=5 (prompts 165→166→167)
2026-03-15 14:10:25,712 [INFO] src.sweep: [143/915] Running triplet 8afcc11c90ba82c7 — chain=subagent-47e1ec77 triplet=6 (prompts 166→167→168)
2026-03-15 14:10:27,407 [INFO] src.sweep: [144/915] Running triplet 9295f091c5ce12e4 — chain=subagent-47e1ec77 triplet=7 (prompts 167→168→169)
2026-03-15 14:10:29,986 [INFO] src.storage: Flushed 15990 records to Qwen2.5-32B-prompt-diff-results/results_part_000011.parquet.
2026-03-15 14:10:29,989 [INFO] src.sweep: [145/915] Running triplet cee2556dee4b53b2 — chain=subagent-47e1ec77 triplet=8 (prompts 168→169→170)
2026-03-15 14:10:32,228 [INFO] src.sweep: [146/915] Running triplet 2d2b17edacf3e734 — chain=subagent-47e1ec77 triplet=9 (prompts 169→170→171)
2026-03-15 14:10:36,436 [INFO] src.sweep: [147/915] Running triplet b3b341ce24364650 — chain=subagent-4af01333 triplet=0 (prompts 172→173→174)
2026-03-15 14:10:37,212 [INFO] src.sweep: [148/915] Running triplet 7097ebb8a3ffb3f2 — chain=subagent-4af01333 triplet=1 (prompts 173→174→175)
2026-03-15 14:10:38,804 [INFO] src.sweep: [149/915] Running triplet 1b0d7d4290af827c — chain=subagent-4af01333 triplet=2 (prompts 174→175→176)
2026-03-15 14:10:40,850 [INFO] src.sweep: [150/915] Running triplet e3a52faad3c98aea — chain=subagent-4af01333 triplet=3 (prompts 175→176→177)
2026-03-15 14:10:42,875 [INFO] src.sweep: [151/915] Running triplet f800b546ed4d05c3 — chain=subagent-4af01333 triplet=4 (prompts 176→177→178)
2026-03-15 14:10:45,852 [INFO] src.sweep: [152/915] Running triplet b64b2daf73286922 — chain=subagent-4af01333 triplet=5 (prompts 177→178→179)
2026-03-15 14:10:48,624 [INFO] src.sweep: [153/915] Running triplet b446f5ac40c8958c — chain=subagent-4af01333 triplet=6 (prompts 178→179→180)
2026-03-15 14:10:52,396 [INFO] src.sweep: [154/915] Running triplet e701a171977ce7de — chain=subagent-4af01333 triplet=7 (prompts 179→180→181)
2026-03-15 14:10:58,473 [INFO] src.storage: Flushed 15535 records to Qwen2.5-32B-prompt-diff-results/results_part_000012.parquet.
2026-03-15 14:10:58,476 [INFO] src.sweep: [155/915] Running triplet 9d9f4fb1e2414b50 — chain=subagent-4af01333 triplet=8 (prompts 180→181→182)
2026-03-15 14:11:04,100 [INFO] src.sweep: [156/915] Running triplet 3b9cbea7ae03942c — chain=subagent-4af01333 triplet=9 (prompts 181→182→183)
2026-03-15 14:11:13,361 [INFO] src.sweep: [157/915] Running triplet d52cb00a46352080 — chain=subagent-4af01333 triplet=10 (prompts 182→183→184)
2026-03-15 14:11:25,049 [INFO] src.sweep: [158/915] Running triplet c67e5162bd28aeef — chain=subagent-4af01333 triplet=11 (prompts 183→184→185)
2026-03-15 14:11:36,579 [INFO] src.sweep: [159/915] Running triplet 34f3a95c6168cd43 — chain=subagent-4af01333 triplet=12 (prompts 184→185→186)
2026-03-15 14:11:49,959 [INFO] src.sweep: [160/915] Running triplet 0e16d39d7ea95290 — chain=subagent-4f4cec6f triplet=0 (prompts 187→188→189)
2026-03-15 14:11:50,558 [INFO] src.sweep: [161/915] Running triplet 8d8d77eb1b7df910 — chain=subagent-4f4cec6f triplet=1 (prompts 188→189→190)
2026-03-15 14:11:51,148 [INFO] src.sweep: [162/915] Running triplet 570a7af96837a73b — chain=subagent-4f4cec6f triplet=2 (prompts 189→190→191)
2026-03-15 14:11:51,892 [INFO] src.sweep: [163/915] Running triplet 285fa6d9b441ff50 — chain=subagent-4f4cec6f triplet=3 (prompts 190→191→192)
2026-03-15 14:11:52,631 [INFO] src.sweep: [164/915] Running triplet 5d253b4c97eaf201 — chain=subagent-4f4cec6f triplet=4 (prompts 191→192→193)
2026-03-15 14:11:53,798 [INFO] src.storage: Flushed 15405 records to Qwen2.5-32B-prompt-diff-results/results_part_000013.parquet.
2026-03-15 14:11:53,801 [INFO] src.sweep: [165/915] Running triplet aa4d81c47b843b86 — chain=subagent-4f4cec6f triplet=5 (prompts 192→193→194)
2026-03-15 14:11:54,769 [INFO] src.sweep: [166/915] Running triplet ee7226a5dfcd9d5f — chain=subagent-4f4cec6f triplet=6 (prompts 193→194→195)
2026-03-15 14:11:55,924 [INFO] src.sweep: [167/915] Running triplet 875b8267fc4df7bb — chain=subagent-4f4cec6f triplet=7 (prompts 194→195→196)
2026-03-15 14:11:57,116 [INFO] src.sweep: [168/915] Running triplet 8dd00584f64c43a8 — chain=subagent-4f4cec6f triplet=8 (prompts 195→196→197)
2026-03-15 14:11:58,848 [INFO] src.sweep: [169/915] Running triplet e08d56062294da82 — chain=subagent-4f4cec6f triplet=9 (prompts 196→197→198)
2026-03-15 14:12:00,876 [INFO] src.sweep: [170/915] Running triplet 0826b5ed1617d17b — chain=subagent-4f4cec6f triplet=10 (prompts 197→198→199)
2026-03-15 14:12:03,706 [INFO] src.sweep: [171/915] Running triplet bfa84ec3e581df18 — chain=subagent-4fade176 triplet=0 (prompts 200→201→202)
2026-03-15 14:12:04,324 [INFO] src.sweep: [172/915] Running triplet 675b91138dc95dcb — chain=subagent-4fade176 triplet=1 (prompts 201→202→203)
2026-03-15 14:12:04,992 [INFO] src.sweep: [173/915] Running triplet b6f3cdc097932a02 — chain=subagent-4fade176 triplet=2 (prompts 202→203→204)
2026-03-15 14:12:05,757 [INFO] src.sweep: [174/915] Running triplet b20275d02e7b3d8f — chain=subagent-4fade176 triplet=3 (prompts 203→204→205)
2026-03-15 14:12:06,828 [INFO] src.storage: Flushed 11115 records to Qwen2.5-32B-prompt-diff-results/results_part_000014.parquet.
2026-03-15 14:12:06,831 [INFO] src.sweep: [175/915] Running triplet 4f2dc0d704782833 — chain=subagent-4fade176 triplet=4 (prompts 204→205→206)
2026-03-15 14:12:07,781 [INFO] src.sweep: [176/915] Running triplet 4cd78f51e9571247 — chain=subagent-4fade176 triplet=5 (prompts 205→206→207)
2026-03-15 14:12:08,855 [INFO] src.sweep: [177/915] Running triplet d76ae88b4c605cc8 — chain=subagent-4fade176 triplet=6 (prompts 206→207→208)
2026-03-15 14:12:10,128 [INFO] src.sweep: [178/915] Running triplet 7735fd97aa3f9e92 — chain=subagent-4fade176 triplet=7 (prompts 207→208→209)
2026-03-15 14:12:11,345 [INFO] src.sweep: [179/915] Running triplet 0f2efd8ce76ab1cd — chain=subagent-4fade176 triplet=8 (prompts 208→209→210)
2026-03-15 14:12:12,640 [INFO] src.sweep: [180/915] Running triplet 7d99ad2dd9b3e252 — chain=subagent-4fade176 triplet=9 (prompts 209→210→211)
2026-03-15 14:12:13,955 [INFO] src.sweep: [181/915] Running triplet a574583b6f4fd4ad — chain=subagent-4fade176 triplet=10 (prompts 210→211→212)
2026-03-15 14:12:17,409 [INFO] src.sweep: [182/915] Running triplet 29c674e6d84e00dd — chain=subagent-4fade176 triplet=11 (prompts 211→212→213)
2026-03-15 14:13:10,885 [ERROR] src.sweep: Triplet experiment 29c674e6d84e00dd failed.
Traceback (most recent call last):
  File "/root/context/ActivationPerturbationAnalysis/src/sweep.py", line 283, in run_sweep
    records = run_triplet_experiment(
  File "/root/context/ActivationPerturbationAnalysis/src/experiment.py", line 299, in run_triplet_experiment
    full_hidden = extract_hidden_states(model, triplet.seq_full_ids)
  File "/usr/local/lib/python3.10/dist-packages/torch/utils/_contextlib.py", line 116, in decorate_context
    return func(*args, **kwargs)
  File "/root/context/ActivationPerturbationAnalysis/src/model.py", line 95, in extract_hidden_states
    outputs = model(input_ids=input_ids, output_hidden_states=True)
  File "/usr/local/lib/python3.10/dist-packages/torch/nn/modules/module.py", line 1751, in _wrapped_call_impl
    return self._call_impl(*args, **kwargs)
  File "/usr/local/lib/python3.10/dist-packages/torch/nn/modules/module.py", line 1762, in _call_impl
    return forward_call(*args, **kwargs)
  File "/usr/local/lib/python3.10/dist-packages/accelerate/hooks.py", line 175, in new_forward
    output = module._old_forward(*args, **kwargs)
  File "/usr/local/lib/python3.10/dist-packages/transformers/utils/generic.py", line 965, in wrapper
    output = func(self, *args, **kwargs)
  File "/usr/local/lib/python3.10/dist-packages/transformers/utils/deprecation.py", line 172, in wrapped_func
    return func(*args, **kwargs)
  File "/usr/local/lib/python3.10/dist-packages/transformers/models/qwen2/modeling_qwen2.py", line 823, in forward
    outputs: BaseModelOutputWithPast = self.model(
  File "/usr/local/lib/python3.10/dist-packages/torch/nn/modules/module.py", line 1751, in _wrapped_call_impl
    return self._call_impl(*args, **kwargs)
  File "/usr/local/lib/python3.10/dist-packages/torch/nn/modules/module.py", line 1762, in _call_impl
    return forward_call(*args, **kwargs)
  File "/usr/local/lib/python3.10/dist-packages/transformers/utils/generic.py", line 965, in wrapper
    output = func(self, *args, **kwargs)
  File "/usr/local/lib/python3.10/dist-packages/transformers/models/qwen2/modeling_qwen2.py", line 549, in forward
    layer_outputs = decoder_layer(
  File "/usr/local/lib/python3.10/dist-packages/torch/nn/modules/module.py", line 1751, in _wrapped_call_impl
    return self._call_impl(*args, **kwargs)
  File "/usr/local/lib/python3.10/dist-packages/torch/nn/modules/module.py", line 1762, in _call_impl
    return forward_call(*args, **kwargs)
  File "/usr/local/lib/python3.10/dist-packages/accelerate/hooks.py", line 175, in new_forward
    output = module._old_forward(*args, **kwargs)
  File "/usr/local/lib/python3.10/dist-packages/transformers/models/qwen2/modeling_qwen2.py", line 278, in forward
    hidden_states = self.mlp(hidden_states)
  File "/usr/local/lib/python3.10/dist-packages/torch/nn/modules/module.py", line 1751, in _wrapped_call_impl
    return self._call_impl(*args, **kwargs)
  File "/usr/local/lib/python3.10/dist-packages/torch/nn/modules/module.py", line 1762, in _call_impl
    return forward_call(*args, **kwargs)
  File "/usr/local/lib/python3.10/dist-packages/accelerate/hooks.py", line 175, in new_forward
    output = module._old_forward(*args, **kwargs)
  File "/usr/local/lib/python3.10/dist-packages/transformers/models/qwen2/modeling_qwen2.py", line 59, in forward
    down_proj = self.down_proj(self.act_fn(self.gate_proj(x)) * self.up_proj(x))
torch.OutOfMemoryError: CUDA out of memory. Tried to allocate 8.93 GiB. GPU 1 has a total capacity of 79.32 GiB of which 8.10 GiB is free. Process 3497353 has 71.21 GiB memory in use. Of the allocated memory 60.12 GiB is allocated by PyTorch, and 10.60 GiB is reserved by PyTorch but unallocated. If reserved but unallocated memory is large try setting PYTORCH_CUDA_ALLOC_CONF=expandable_segments:True to avoid fragmentation.  See documentation for Memory Management  (https://pytorch.org/docs/stable/notes/cuda.html#environment-variables)
2026-03-15 14:13:10,889 [INFO] src.sweep: [183/915] Running triplet cd3797e0ef3e6b6b — chain=subagent-4fade176 triplet=12 (prompts 212→213→214)
2026-03-15 14:13:38,290 [ERROR] src.sweep: Triplet experiment cd3797e0ef3e6b6b failed.
Traceback (most recent call last):
  File "/root/context/ActivationPerturbationAnalysis/src/sweep.py", line 283, in run_sweep
    records = run_triplet_experiment(
  File "/root/context/ActivationPerturbationAnalysis/src/experiment.py", line 299, in run_triplet_experiment
    full_hidden = extract_hidden_states(model, triplet.seq_full_ids)
  File "/usr/local/lib/python3.10/dist-packages/torch/utils/_contextlib.py", line 116, in decorate_context
    return func(*args, **kwargs)
  File "/root/context/ActivationPerturbationAnalysis/src/model.py", line 95, in extract_hidden_states
    outputs = model(input_ids=input_ids, output_hidden_states=True)
  File "/usr/local/lib/python3.10/dist-packages/torch/nn/modules/module.py", line 1751, in _wrapped_call_impl
    return self._call_impl(*args, **kwargs)
  File "/usr/local/lib/python3.10/dist-packages/torch/nn/modules/module.py", line 1762, in _call_impl
    return forward_call(*args, **kwargs)
  File "/usr/local/lib/python3.10/dist-packages/accelerate/hooks.py", line 175, in new_forward
    output = module._old_forward(*args, **kwargs)
  File "/usr/local/lib/python3.10/dist-packages/transformers/utils/generic.py", line 965, in wrapper
    output = func(self, *args, **kwargs)
  File "/usr/local/lib/python3.10/dist-packages/transformers/utils/deprecation.py", line 172, in wrapped_func
    return func(*args, **kwargs)
  File "/usr/local/lib/python3.10/dist-packages/transformers/models/qwen2/modeling_qwen2.py", line 823, in forward
    outputs: BaseModelOutputWithPast = self.model(
  File "/usr/local/lib/python3.10/dist-packages/torch/nn/modules/module.py", line 1751, in _wrapped_call_impl
    return self._call_impl(*args, **kwargs)
  File "/usr/local/lib/python3.10/dist-packages/torch/nn/modules/module.py", line 1762, in _call_impl
    return forward_call(*args, **kwargs)
  File "/usr/local/lib/python3.10/dist-packages/transformers/utils/generic.py", line 965, in wrapper
    output = func(self, *args, **kwargs)
  File "/usr/local/lib/python3.10/dist-packages/transformers/models/qwen2/modeling_qwen2.py", line 549, in forward
    layer_outputs = decoder_layer(
  File "/usr/local/lib/python3.10/dist-packages/torch/nn/modules/module.py", line 1751, in _wrapped_call_impl
    return self._call_impl(*args, **kwargs)
  File "/usr/local/lib/python3.10/dist-packages/torch/nn/modules/module.py", line 1762, in _call_impl
    return forward_call(*args, **kwargs)
  File "/usr/local/lib/python3.10/dist-packages/accelerate/hooks.py", line 175, in new_forward
    output = module._old_forward(*args, **kwargs)
  File "/usr/local/lib/python3.10/dist-packages/transformers/models/qwen2/modeling_qwen2.py", line 278, in forward
    hidden_states = self.mlp(hidden_states)
  File "/usr/local/lib/python3.10/dist-packages/torch/nn/modules/module.py", line 1751, in _wrapped_call_impl
    return self._call_impl(*args, **kwargs)
  File "/usr/local/lib/python3.10/dist-packages/torch/nn/modules/module.py", line 1762, in _call_impl
    return forward_call(*args, **kwargs)
  File "/usr/local/lib/python3.10/dist-packages/accelerate/hooks.py", line 175, in new_forward
    output = module._old_forward(*args, **kwargs)
  File "/usr/local/lib/python3.10/dist-packages/transformers/models/qwen2/modeling_qwen2.py", line 59, in forward
    down_proj = self.down_proj(self.act_fn(self.gate_proj(x)) * self.up_proj(x))
torch.OutOfMemoryError: CUDA out of memory. Tried to allocate 8.94 GiB. GPU 0 has a total capacity of 79.32 GiB of which 3.69 GiB is free. Process 3497353 has 75.62 GiB memory in use. Of the allocated memory 58.23 GiB is allocated by PyTorch, and 16.89 GiB is reserved by PyTorch but unallocated. If reserved but unallocated memory is large try setting PYTORCH_CUDA_ALLOC_CONF=expandable_segments:True to avoid fragmentation.  See documentation for Memory Management  (https://pytorch.org/docs/stable/notes/cuda.html#environment-variables)
2026-03-15 14:13:38,293 [INFO] src.sweep: [184/915] Running triplet dbd780d097cb84af — chain=subagent-500d63db triplet=0 (prompts 215→216→217)
2026-03-15 14:13:39,002 [INFO] src.sweep: [185/915] Running triplet 2d5d642598550c3c — chain=subagent-500d63db triplet=1 (prompts 216→217→218)
2026-03-15 14:13:39,695 [INFO] src.sweep: [186/915] Running triplet 48355b59be6696ec — chain=subagent-500d63db triplet=2 (prompts 217→218→219)
2026-03-15 14:13:40,439 [INFO] src.storage: Flushed 11375 records to Qwen2.5-32B-prompt-diff-results/results_part_000015.parquet.
2026-03-15 14:13:40,442 [INFO] src.sweep: [187/915] Running triplet b7933b30eae1aa8c — chain=subagent-500d63db triplet=3 (prompts 218→219→220)
2026-03-15 14:13:42,793 [INFO] src.sweep: [188/915] Running triplet c0aaac7bc040e02f — chain=subagent-500d63db triplet=4 (prompts 219→220→221)
2026-03-15 14:13:44,486 [INFO] src.sweep: [189/915] Running triplet d83059ee7437e807 — chain=subagent-500d63db triplet=5 (prompts 220→221→222)
2026-03-15 14:13:47,165 [INFO] src.sweep: [190/915] Running triplet 740e8bf5ec39b2fe — chain=subagent-500d63db triplet=6 (prompts 221→222→223)
2026-03-15 14:13:50,087 [INFO] src.sweep: [191/915] Running triplet 3a202f956ed49376 — chain=subagent-500d63db triplet=7 (prompts 222→223→224)
2026-03-15 14:13:53,394 [INFO] src.sweep: [192/915] Running triplet 5e52796b3d15c9cb — chain=subagent-500d63db triplet=8 (prompts 223→224→225)
2026-03-15 14:13:56,827 [INFO] src.sweep: [193/915] Running triplet c92cb0648ff8ff56 — chain=subagent-500d63db triplet=9 (prompts 224→225→226)
2026-03-15 14:14:00,753 [INFO] src.sweep: [194/915] Running triplet dc9166629c0035ea — chain=subagent-500d63db triplet=10 (prompts 225→226→227)
2026-03-15 14:14:04,818 [INFO] src.sweep: [195/915] Running triplet 5a5c8d0594bb2cb5 — chain=subagent-500d63db triplet=11 (prompts 226→227→228)
2026-03-15 14:14:09,502 [INFO] src.sweep: [196/915] Running triplet 1c4f91f3bb73217a — chain=subagent-500d63db triplet=12 (prompts 227→228→229)
2026-03-15 14:14:14,317 [INFO] src.storage: Flushed 12805 records to Qwen2.5-32B-prompt-diff-results/results_part_000016.parquet.
2026-03-15 14:14:14,320 [INFO] src.sweep: [197/915] Running triplet c7da020edc96bee0 — chain=subagent-51f7855b triplet=0 (prompts 230→231→232)
2026-03-15 14:14:16,219 [INFO] src.sweep: [198/915] Running triplet 1ba4485cc639af40 — chain=subagent-51f7855b triplet=1 (prompts 231→232→233)
2026-03-15 14:14:18,815 [INFO] src.sweep: [199/915] Running triplet dd55349b4f34cdae — chain=subagent-51f7855b triplet=2 (prompts 232→233→234)
2026-03-15 14:14:22,967 [INFO] src.sweep: [200/915] Running triplet 92eb3555b5b71742 — chain=subagent-51f7855b triplet=3 (prompts 233→234→235)
2026-03-15 14:14:27,464 [INFO] src.sweep: [201/915] Running triplet fecf3baab0c88994 — chain=subagent-51f7855b triplet=4 (prompts 234→235→236)
2026-03-15 14:14:33,080 [INFO] src.sweep: [202/915] Running triplet b72ec79b5803c1e8 — chain=subagent-51f7855b triplet=5 (prompts 235→236→237)
2026-03-15 14:14:40,332 [INFO] src.sweep: [203/915] Running triplet e1a30572497179a9 — chain=subagent-51f7855b triplet=6 (prompts 236→237→238)
2026-03-15 14:14:48,896 [INFO] src.sweep: [204/915] Running triplet e2b00903688d1b89 — chain=subagent-54b8827b triplet=0 (prompts 239→240→241)
2026-03-15 14:14:53,020 [INFO] src.sweep: [205/915] Running triplet 35fd4fdf30e50359 — chain=subagent-54b8827b triplet=1 (prompts 240→241→242)
2026-03-15 14:15:04,156 [INFO] src.sweep: [206/915] Running triplet a6169cddc0ed0044 — chain=subagent-54b8827b triplet=2 (prompts 241→242→243)
2026-03-15 14:15:14,349 [INFO] src.storage: Flushed 20410 records to Qwen2.5-32B-prompt-diff-results/results_part_000017.parquet.
2026-03-15 14:15:14,353 [INFO] src.sweep: [207/915] Running triplet ee717150d932849c — chain=subagent-54b8827b triplet=3 (prompts 242→243→244)
2026-03-15 14:15:31,131 [INFO] src.sweep: [208/915] Running triplet 7e0ea6b387e97874 — chain=subagent-54b8827b triplet=4 (prompts 243→244→245)
2026-03-15 14:15:47,140 [INFO] src.sweep: [209/915] Running triplet 24c3b7680c63b108 — chain=subagent-54b8827b triplet=5 (prompts 244→245→246)
2026-03-15 14:16:14,953 [ERROR] src.sweep: Triplet experiment 24c3b7680c63b108 failed.
Traceback (most recent call last):
  File "/root/context/ActivationPerturbationAnalysis/src/sweep.py", line 283, in run_sweep
    records = run_triplet_experiment(
  File "/root/context/ActivationPerturbationAnalysis/src/experiment.py", line 305, in run_triplet_experiment
    skip_hidden = extract_hidden_states(model, triplet.seq_skip_ids)
  File "/usr/local/lib/python3.10/dist-packages/torch/utils/_contextlib.py", line 116, in decorate_context
    return func(*args, **kwargs)
  File "/root/context/ActivationPerturbationAnalysis/src/model.py", line 100, in extract_hidden_states
    hidden_states = torch.stack(
torch.OutOfMemoryError: CUDA out of memory. Tried to allocate 20.87 GiB. GPU 0 has a total capacity of 79.32 GiB of which 11.69 GiB is free. Process 3497353 has 67.62 GiB memory in use. Of the allocated memory 65.11 GiB is allocated by PyTorch, and 2.02 GiB is reserved by PyTorch but unallocated. If reserved but unallocated memory is large try setting PYTORCH_CUDA_ALLOC_CONF=expandable_segments:True to avoid fragmentation.  See documentation for Memory Management  (https://pytorch.org/docs/stable/notes/cuda.html#environment-variables)
2026-03-15 14:16:14,955 [INFO] src.sweep: [210/915] Running triplet 133b2d4a7bc8664b — chain=subagent-5706648b triplet=0 (prompts 247→248→249)
2026-03-15 14:16:16,544 [INFO] src.sweep: [211/915] Running triplet 44ff468dd2fb68ac — chain=subagent-5919c09f triplet=0 (prompts 250→251→252)
2026-03-15 14:16:17,385 [INFO] src.sweep: [212/915] Running triplet e94d921a38c5acc6 — chain=subagent-5919c09f triplet=1 (prompts 251→252→253)
2026-03-15 14:16:18,369 [INFO] src.sweep: [213/915] Running triplet 6d9942a4ada76021 — chain=subagent-5a02e708 triplet=0 (prompts 254→255→256)
2026-03-15 14:16:18,963 [INFO] src.sweep: [214/915] Running triplet ae7679922b944f63 — chain=subagent-5a02e708 triplet=1 (prompts 255→256→257)
2026-03-15 14:16:19,763 [INFO] src.sweep: [215/915] Running triplet 760811b238610fdc — chain=subagent-5a02e708 triplet=2 (prompts 256→257→258)
2026-03-15 14:16:20,578 [INFO] src.sweep: [216/915] Running triplet f82f174893718899 — chain=subagent-5a02e708 triplet=3 (prompts 257→258→259)
2026-03-15 14:16:21,496 [INFO] src.sweep: [217/915] Running triplet cd73d98e8531c0fd — chain=subagent-5a02e708 triplet=4 (prompts 258→259→260)
2026-03-15 14:16:22,898 [INFO] src.storage: Flushed 15145 records to Qwen2.5-32B-prompt-diff-results/results_part_000018.parquet.
2026-03-15 14:16:22,901 [INFO] src.sweep: [218/915] Running triplet 794ddad0789e8909 — chain=subagent-5a02e708 triplet=5 (prompts 259→260→261)
2026-03-15 14:16:25,436 [INFO] src.sweep: [219/915] Running triplet b75761d1a2a2e04e — chain=subagent-5a02e708 triplet=6 (prompts 260→261→262)
2026-03-15 14:16:27,795 [INFO] src.sweep: [220/915] Running triplet dd96789705f5c92e — chain=subagent-5a02e708 triplet=7 (prompts 261→262→263)
2026-03-15 14:16:30,726 [INFO] src.sweep: [221/915] Running triplet 038d07d78c33e567 — chain=subagent-5a02e708 triplet=8 (prompts 262→263→264)
2026-03-15 14:16:33,771 [INFO] src.sweep: [222/915] Running triplet 94077141ed03635b — chain=subagent-5a02e708 triplet=9 (prompts 263→264→265)
2026-03-15 14:16:36,898 [INFO] src.sweep: [223/915] Running triplet 5e848a0f8c0f3af4 — chain=subagent-5a02e708 triplet=10 (prompts 264→265→266)
2026-03-15 14:16:40,821 [INFO] src.sweep: [224/915] Running triplet 0dc51cecc4a026d8 — chain=subagent-5a02e708 triplet=11 (prompts 265→266→267)
2026-03-15 14:16:46,047 [INFO] src.sweep: [225/915] Running triplet 628655ef28719a2c — chain=subagent-5a02e708 triplet=12 (prompts 266→267→268)
2026-03-15 14:16:51,332 [INFO] src.sweep: [226/915] Running triplet ccce0bcb5cb5274b — chain=subagent-5b41822f triplet=0 (prompts 269→270→271)
2026-03-15 14:16:53,694 [INFO] src.sweep: [227/915] Running triplet bc43dd2afec7e9b4 — chain=subagent-5b41822f triplet=1 (prompts 270→271→272)
2026-03-15 14:16:57,770 [INFO] src.storage: Flushed 15990 records to Qwen2.5-32B-prompt-diff-results/results_part_000019.parquet.
2026-03-15 14:16:57,774 [INFO] src.sweep: [228/915] Running triplet 62c29100e60cb346 — chain=subagent-5b41822f triplet=2 (prompts 271→272→273)
2026-03-15 14:17:03,677 [INFO] src.sweep: [229/915] Running triplet 9b30a4ebe0a18654 — chain=subagent-5b41822f triplet=3 (prompts 272→273→274)
2026-03-15 14:17:11,532 [INFO] src.sweep: [230/915] Running triplet 9a43ce10e3d0f4a3 — chain=subagent-5b41822f triplet=4 (prompts 273→274→275)
2026-03-15 14:17:20,202 [INFO] src.sweep: [231/915] Running triplet 9b6f1e4ebb215f00 — chain=subagent-5b41822f triplet=5 (prompts 274→275→276)
2026-03-15 14:17:31,554 [INFO] src.sweep: [232/915] Running triplet 716196a7593699cc — chain=subagent-5b41822f triplet=6 (prompts 275→276→277)
2026-03-15 14:17:44,345 [INFO] src.sweep: [233/915] Running triplet 3efad45affefa9a6 — chain=subagent-5b41822f triplet=7 (prompts 276→277→278)
2026-03-15 14:17:57,834 [INFO] src.sweep: [234/915] Running triplet 4d5af1f294556805 — chain=subagent-5b41822f triplet=8 (prompts 277→278→279)
2026-03-15 14:18:14,183 [INFO] src.sweep: [235/915] Running triplet bbc733e13ffb9c20 — chain=subagent-5b41822f triplet=9 (prompts 278→279→280)
2026-03-15 14:18:32,073 [INFO] src.sweep: [236/915] Running triplet 8a8028adfd87539a — chain=subagent-5b41822f triplet=10 (prompts 279→280→281)
2026-03-15 14:18:50,108 [INFO] src.sweep: [237/915] Running triplet 1083d315069cb8f4 — chain=subagent-5f1347b5 triplet=0 (prompts 282→283→284)
2026-03-15 14:18:50,778 [INFO] src.storage: Flushed 20540 records to Qwen2.5-32B-prompt-diff-results/results_part_000020.parquet.
2026-03-15 14:18:50,782 [INFO] src.sweep: [238/915] Running triplet f3d4974a4e25329f — chain=subagent-5f1347b5 triplet=1 (prompts 283→284→285)
2026-03-15 14:18:51,389 [INFO] src.sweep: [239/915] Running triplet 1d2a5c3533109de4 — chain=subagent-5f1347b5 triplet=2 (prompts 284→285→286)
2026-03-15 14:18:52,136 [INFO] src.sweep: [240/915] Running triplet da7f9d341fc2bbdb — chain=subagent-5f1347b5 triplet=3 (prompts 285→286→287)
2026-03-15 14:18:53,250 [INFO] src.sweep: [241/915] Running triplet d75e6e0fab22f903 — chain=subagent-5f1347b5 triplet=4 (prompts 286→287→288)
2026-03-15 14:18:54,745 [INFO] src.sweep: [242/915] Running triplet 6d2766977de76f1e — chain=subagent-5f1347b5 triplet=5 (prompts 287→288→289)
2026-03-15 14:18:56,250 [INFO] src.sweep: [243/915] Running triplet 218b30ef687c7730 — chain=subagent-5f1347b5 triplet=6 (prompts 288→289→290)
2026-03-15 14:18:58,955 [INFO] src.sweep: [244/915] Running triplet 90c8d4f6819ded8f — chain=subagent-5f1347b5 triplet=7 (prompts 289→290→291)
2026-03-15 14:19:02,172 [INFO] src.sweep: [245/915] Running triplet 63f64b5717adacd1 — chain=subagent-5f1347b5 triplet=8 (prompts 290→291→292)
2026-03-15 14:19:05,793 [INFO] src.sweep: [246/915] Running triplet 7cbefd664887c82e — chain=subagent-5f1347b5 triplet=9 (prompts 291→292→293)
2026-03-15 14:19:10,510 [INFO] src.sweep: [247/915] Running triplet 3d9df94157594cc4 — chain=subagent-5f1347b5 triplet=10 (prompts 292→293→294)
2026-03-15 14:19:16,081 [INFO] src.storage: Flushed 13845 records to Qwen2.5-32B-prompt-diff-results/results_part_000021.parquet.
2026-03-15 14:19:16,084 [INFO] src.sweep: [248/915] Running triplet 38de1f600969b629 — chain=subagent-5f1347b5 triplet=11 (prompts 293→294→295)
2026-03-15 14:19:21,878 [INFO] src.sweep: [249/915] Running triplet 1fa7e9493fcb7466 — chain=subagent-5f1347b5 triplet=12 (prompts 294→295→296)
2026-03-15 14:19:28,608 [INFO] src.sweep: [250/915] Running triplet 455b31c8138048b8 — chain=subagent-624fa5df triplet=0 (prompts 297→298→299)
2026-03-15 14:19:30,979 [INFO] src.sweep: [251/915] Running triplet 65323c81cd50b80a — chain=subagent-624fa5df triplet=1 (prompts 298→299→300)
2026-03-15 14:19:33,532 [INFO] src.sweep: [252/915] Running triplet a31a01a532d362f4 — chain=subagent-624fa5df triplet=2 (prompts 299→300→301)
2026-03-15 14:19:38,100 [INFO] src.sweep: [253/915] Running triplet 1cb1fdaca33c8759 — chain=subagent-624fa5df triplet=3 (prompts 300→301→302)
2026-03-15 14:19:43,661 [INFO] src.sweep: [254/915] Running triplet 9b466dc9b96fb449 — chain=subagent-624fa5df triplet=4 (prompts 301→302→303)
2026-03-15 14:19:51,585 [INFO] src.sweep: [255/915] Running triplet e537bc815c14118c — chain=subagent-624fa5df triplet=5 (prompts 302→303→304)
2026-03-15 14:20:00,114 [INFO] src.sweep: [256/915] Running triplet 58694af1b5ba3747 — chain=subagent-624fa5df triplet=6 (prompts 303→304→305)
2026-03-15 14:20:09,669 [INFO] src.sweep: [257/915] Running triplet 43aa8469b9b3653b — chain=subagent-624fa5df triplet=7 (prompts 304→305→306)
2026-03-15 14:20:20,670 [INFO] src.storage: Flushed 19565 records to Qwen2.5-32B-prompt-diff-results/results_part_000022.parquet.
2026-03-15 14:20:20,674 [INFO] src.sweep: [258/915] Running triplet ccbf2df1b339a1d2 — chain=subagent-624fa5df triplet=8 (prompts 305→306→307)
2026-03-15 14:20:34,655 [INFO] src.sweep: [259/915] Running triplet 8ef03a5b721212c3 — chain=subagent-624fa5df triplet=9 (prompts 306→307→308)
2026-03-15 14:20:48,703 [INFO] src.sweep: [260/915] Running triplet dd5ba057b66fe986 — chain=subagent-624fa5df triplet=10 (prompts 307→308→309)
2026-03-15 14:21:06,724 [INFO] src.sweep: [261/915] Running triplet e695c192d1817c5a — chain=subagent-624fa5df triplet=11 (prompts 308→309→310)
2026-03-15 14:21:25,199 [INFO] src.sweep: [262/915] Running triplet a997af68173fdfcc — chain=subagent-624fa5df triplet=12 (prompts 309→310→311)
2026-03-15 14:21:49,185 [ERROR] src.sweep: Triplet experiment a997af68173fdfcc failed.
Traceback (most recent call last):
  File "/root/context/ActivationPerturbationAnalysis/src/sweep.py", line 283, in run_sweep
    records = run_triplet_experiment(
  File "/root/context/ActivationPerturbationAnalysis/src/experiment.py", line 305, in run_triplet_experiment
    skip_hidden = extract_hidden_states(model, triplet.seq_skip_ids)
  File "/usr/local/lib/python3.10/dist-packages/torch/utils/_contextlib.py", line 116, in decorate_context
    return func(*args, **kwargs)
  File "/root/context/ActivationPerturbationAnalysis/src/model.py", line 100, in extract_hidden_states
    hidden_states = torch.stack(
torch.OutOfMemoryError: CUDA out of memory. Tried to allocate 18.54 GiB. GPU 0 has a total capacity of 79.32 GiB of which 17.83 GiB is free. Process 3497353 has 61.48 GiB memory in use. Of the allocated memory 59.13 GiB is allocated by PyTorch, and 1.85 GiB is reserved by PyTorch but unallocated. If reserved but unallocated memory is large try setting PYTORCH_CUDA_ALLOC_CONF=expandable_segments:True to avoid fragmentation.  See documentation for Memory Management  (https://pytorch.org/docs/stable/notes/cuda.html#environment-variables)
2026-03-15 14:21:49,187 [INFO] src.sweep: [263/915] Running triplet fa3bc2289440399a — chain=subagent-6461dccf triplet=0 (prompts 312→313→314)
2026-03-15 14:22:22,731 [ERROR] src.sweep: Triplet experiment fa3bc2289440399a failed.
Traceback (most recent call last):
  File "/root/context/ActivationPerturbationAnalysis/src/sweep.py", line 283, in run_sweep
    records = run_triplet_experiment(
  File "/root/context/ActivationPerturbationAnalysis/src/experiment.py", line 305, in run_triplet_experiment
    skip_hidden = extract_hidden_states(model, triplet.seq_skip_ids)
  File "/usr/local/lib/python3.10/dist-packages/torch/utils/_contextlib.py", line 116, in decorate_context
    return func(*args, **kwargs)
  File "/root/context/ActivationPerturbationAnalysis/src/model.py", line 100, in extract_hidden_states
    hidden_states = torch.stack(
torch.OutOfMemoryError: CUDA out of memory. Tried to allocate 23.88 GiB. GPU 0 has a total capacity of 79.32 GiB of which 2.09 GiB is free. Process 3497353 has 77.22 GiB memory in use. Of the allocated memory 73.36 GiB is allocated by PyTorch, and 3.37 GiB is reserved by PyTorch but unallocated. If reserved but unallocated memory is large try setting PYTORCH_CUDA_ALLOC_CONF=expandable_segments:True to avoid fragmentation.  See documentation for Memory Management  (https://pytorch.org/docs/stable/notes/cuda.html#environment-variables)
2026-03-15 14:22:22,732 [INFO] src.sweep: [264/915] Running triplet 94e8b3e8a82de601 — chain=subagent-6461dccf triplet=1 (prompts 313→314→315)
2026-03-15 14:22:40,622 [ERROR] src.sweep: Triplet experiment 94e8b3e8a82de601 failed.
Traceback (most recent call last):
  File "/root/context/ActivationPerturbationAnalysis/src/sweep.py", line 283, in run_sweep
    records = run_triplet_experiment(
  File "/root/context/ActivationPerturbationAnalysis/src/experiment.py", line 299, in run_triplet_experiment
    full_hidden = extract_hidden_states(model, triplet.seq_full_ids)
  File "/usr/local/lib/python3.10/dist-packages/torch/utils/_contextlib.py", line 116, in decorate_context
    return func(*args, **kwargs)
  File "/root/context/ActivationPerturbationAnalysis/src/model.py", line 100, in extract_hidden_states
    hidden_states = torch.stack(
torch.OutOfMemoryError: CUDA out of memory. Tried to allocate 26.07 GiB. GPU 0 has a total capacity of 79.32 GiB of which 2.09 GiB is free. Process 3497353 has 77.22 GiB memory in use. Of the allocated memory 51.20 GiB is allocated by PyTorch, and 25.52 GiB is reserved by PyTorch but unallocated. If reserved but unallocated memory is large try setting PYTORCH_CUDA_ALLOC_CONF=expandable_segments:True to avoid fragmentation.  See documentation for Memory Management  (https://pytorch.org/docs/stable/notes/cuda.html#environment-variables)
2026-03-15 14:22:40,624 [INFO] src.sweep: [265/915] Running triplet bf355dfb94288cc1 — chain=subagent-6461dccf triplet=2 (prompts 314→315→316)
2026-03-15 14:22:58,911 [ERROR] src.sweep: Triplet experiment bf355dfb94288cc1 failed.
Traceback (most recent call last):
  File "/root/context/ActivationPerturbationAnalysis/src/sweep.py", line 283, in run_sweep
    records = run_triplet_experiment(
  File "/root/context/ActivationPerturbationAnalysis/src/experiment.py", line 299, in run_triplet_experiment
    full_hidden = extract_hidden_states(model, triplet.seq_full_ids)
  File "/usr/local/lib/python3.10/dist-packages/torch/utils/_contextlib.py", line 116, in decorate_context
    return func(*args, **kwargs)
  File "/root/context/ActivationPerturbationAnalysis/src/model.py", line 100, in extract_hidden_states
    hidden_states = torch.stack(
torch.OutOfMemoryError: CUDA out of memory. Tried to allocate 26.49 GiB. GPU 0 has a total capacity of 79.32 GiB of which 2.09 GiB is free. Process 3497353 has 77.22 GiB memory in use. Of the allocated memory 51.84 GiB is allocated by PyTorch, and 24.89 GiB is reserved by PyTorch but unallocated. If reserved but unallocated memory is large try setting PYTORCH_CUDA_ALLOC_CONF=expandable_segments:True to avoid fragmentation.  See documentation for Memory Management  (https://pytorch.org/docs/stable/notes/cuda.html#environment-variables)
2026-03-15 14:22:58,912 [INFO] src.sweep: [266/915] Running triplet 22404bac9551d972 — chain=subagent-6461dccf triplet=3 (prompts 315→316→317)
2026-03-15 14:23:19,010 [ERROR] src.sweep: Triplet experiment 22404bac9551d972 failed.
Traceback (most recent call last):
  File "/root/context/ActivationPerturbationAnalysis/src/sweep.py", line 283, in run_sweep
    records = run_triplet_experiment(
  File "/root/context/ActivationPerturbationAnalysis/src/experiment.py", line 299, in run_triplet_experiment
    full_hidden = extract_hidden_states(model, triplet.seq_full_ids)
  File "/usr/local/lib/python3.10/dist-packages/torch/utils/_contextlib.py", line 116, in decorate_context
    return func(*args, **kwargs)
  File "/root/context/ActivationPerturbationAnalysis/src/model.py", line 100, in extract_hidden_states
    hidden_states = torch.stack(
torch.OutOfMemoryError: CUDA out of memory. Tried to allocate 27.68 GiB. GPU 0 has a total capacity of 79.32 GiB of which 2.48 GiB is free. Process 3497353 has 76.83 GiB memory in use. Of the allocated memory 53.65 GiB is allocated by PyTorch, and 22.68 GiB is reserved by PyTorch but unallocated. If reserved but unallocated memory is large try setting PYTORCH_CUDA_ALLOC_CONF=expandable_segments:True to avoid fragmentation.  See documentation for Memory Management  (https://pytorch.org/docs/stable/notes/cuda.html#environment-variables)
2026-03-15 14:23:19,012 [INFO] src.sweep: [267/915] Running triplet 981e788486cc135f — chain=subagent-6461dccf triplet=4 (prompts 316→317→318)
2026-03-15 14:23:40,359 [ERROR] src.sweep: Triplet experiment 981e788486cc135f failed.
Traceback (most recent call last):
  File "/root/context/ActivationPerturbationAnalysis/src/sweep.py", line 283, in run_sweep
    records = run_triplet_experiment(
  File "/root/context/ActivationPerturbationAnalysis/src/experiment.py", line 299, in run_triplet_experiment
    full_hidden = extract_hidden_states(model, triplet.seq_full_ids)
  File "/usr/local/lib/python3.10/dist-packages/torch/utils/_contextlib.py", line 116, in decorate_context
    return func(*args, **kwargs)
  File "/root/context/ActivationPerturbationAnalysis/src/model.py", line 100, in extract_hidden_states
    hidden_states = torch.stack(
torch.OutOfMemoryError: CUDA out of memory. Tried to allocate 29.70 GiB. GPU 0 has a total capacity of 79.32 GiB of which 2.48 GiB is free. Process 3497353 has 76.83 GiB memory in use. Of the allocated memory 56.72 GiB is allocated by PyTorch, and 19.61 GiB is reserved by PyTorch but unallocated. If reserved but unallocated memory is large try setting PYTORCH_CUDA_ALLOC_CONF=expandable_segments:True to avoid fragmentation.  See documentation for Memory Management  (https://pytorch.org/docs/stable/notes/cuda.html#environment-variables)
2026-03-15 14:23:40,362 [INFO] src.sweep: [268/915] Running triplet ffdf89bbfc627b72 — chain=subagent-6461dccf triplet=5 (prompts 317→318→319)
2026-03-15 14:24:02,129 [ERROR] src.sweep: Triplet experiment ffdf89bbfc627b72 failed.
Traceback (most recent call last):
  File "/root/context/ActivationPerturbationAnalysis/src/sweep.py", line 283, in run_sweep
    records = run_triplet_experiment(
  File "/root/context/ActivationPerturbationAnalysis/src/experiment.py", line 299, in run_triplet_experiment
    full_hidden = extract_hidden_states(model, triplet.seq_full_ids)
  File "/usr/local/lib/python3.10/dist-packages/torch/utils/_contextlib.py", line 116, in decorate_context
    return func(*args, **kwargs)
  File "/root/context/ActivationPerturbationAnalysis/src/model.py", line 100, in extract_hidden_states
    hidden_states = torch.stack(
torch.OutOfMemoryError: CUDA out of memory. Tried to allocate 30.13 GiB. GPU 0 has a total capacity of 79.32 GiB of which 2.48 GiB is free. Process 3497353 has 76.83 GiB memory in use. Of the allocated memory 57.39 GiB is allocated by PyTorch, and 18.95 GiB is reserved by PyTorch but unallocated. If reserved but unallocated memory is large try setting PYTORCH_CUDA_ALLOC_CONF=expandable_segments:True to avoid fragmentation.  See documentation for Memory Management  (https://pytorch.org/docs/stable/notes/cuda.html#environment-variables)
2026-03-15 14:24:02,132 [INFO] src.sweep: [269/915] Running triplet de5939ac25c7a6d4 — chain=subagent-6461dccf triplet=6 (prompts 318→319→320)
2026-03-15 14:24:24,597 [ERROR] src.sweep: Triplet experiment de5939ac25c7a6d4 failed.
Traceback (most recent call last):
  File "/root/context/ActivationPerturbationAnalysis/src/sweep.py", line 283, in run_sweep
    records = run_triplet_experiment(
  File "/root/context/ActivationPerturbationAnalysis/src/experiment.py", line 299, in run_triplet_experiment
    full_hidden = extract_hidden_states(model, triplet.seq_full_ids)
  File "/usr/local/lib/python3.10/dist-packages/torch/utils/_contextlib.py", line 116, in decorate_context
    return func(*args, **kwargs)
  File "/root/context/ActivationPerturbationAnalysis/src/model.py", line 100, in extract_hidden_states
    hidden_states = torch.stack(
torch.OutOfMemoryError: CUDA out of memory. Tried to allocate 30.82 GiB. GPU 0 has a total capacity of 79.32 GiB of which 2.48 GiB is free. Process 3497353 has 76.83 GiB memory in use. Of the allocated memory 58.44 GiB is allocated by PyTorch, and 17.89 GiB is reserved by PyTorch but unallocated. If reserved but unallocated memory is large try setting PYTORCH_CUDA_ALLOC_CONF=expandable_segments:True to avoid fragmentation.  See documentation for Memory Management  (https://pytorch.org/docs/stable/notes/cuda.html#environment-variables)
2026-03-15 14:24:24,600 [INFO] src.sweep: [270/915] Running triplet 1830cf5716e119cc — chain=subagent-6461dccf triplet=7 (prompts 319→320→321)
2026-03-15 14:24:49,004 [ERROR] src.sweep: Triplet experiment 1830cf5716e119cc failed.
Traceback (most recent call last):
  File "/root/context/ActivationPerturbationAnalysis/src/sweep.py", line 283, in run_sweep
    records = run_triplet_experiment(
  File "/root/context/ActivationPerturbationAnalysis/src/experiment.py", line 299, in run_triplet_experiment
    full_hidden = extract_hidden_states(model, triplet.seq_full_ids)
  File "/usr/local/lib/python3.10/dist-packages/torch/utils/_contextlib.py", line 116, in decorate_context
    return func(*args, **kwargs)
  File "/root/context/ActivationPerturbationAnalysis/src/model.py", line 100, in extract_hidden_states
    hidden_states = torch.stack(
torch.OutOfMemoryError: CUDA out of memory. Tried to allocate 31.40 GiB. GPU 0 has a total capacity of 79.32 GiB of which 2.48 GiB is free. Process 3497353 has 76.83 GiB memory in use. Of the allocated memory 59.32 GiB is allocated by PyTorch, and 17.02 GiB is reserved by PyTorch but unallocated. If reserved but unallocated memory is large try setting PYTORCH_CUDA_ALLOC_CONF=expandable_segments:True to avoid fragmentation.  See documentation for Memory Management  (https://pytorch.org/docs/stable/notes/cuda.html#environment-variables)
2026-03-15 14:24:49,007 [INFO] src.sweep: [271/915] Running triplet ea0f56858644b4df — chain=subagent-67c3d2e5 triplet=0 (prompts 322→323→324)
2026-03-15 14:24:49,903 [INFO] src.sweep: [272/915] Running triplet 7d7771f13f552d1d — chain=subagent-67c3d2e5 triplet=1 (prompts 323→324→325)
2026-03-15 14:24:50,804 [INFO] src.sweep: [273/915] Running triplet 19bb74c41516a5fe — chain=subagent-67c3d2e5 triplet=2 (prompts 324→325→326)
2026-03-15 14:24:51,564 [INFO] src.sweep: [274/915] Running triplet 41a9e1512f8b145a — chain=subagent-67c3d2e5 triplet=3 (prompts 325→326→327)
2026-03-15 14:24:52,403 [INFO] src.sweep: [275/915] Running triplet d4657320129e3891 — chain=subagent-67c3d2e5 triplet=4 (prompts 326→327→328)
2026-03-15 14:24:53,384 [INFO] src.sweep: [276/915] Running triplet 099907cb9e9376c6 — chain=subagent-67c3d2e5 triplet=5 (prompts 327→328→329)
2026-03-15 14:24:54,625 [INFO] src.storage: Flushed 15990 records to Qwen2.5-32B-prompt-diff-results/results_part_000023.parquet.
2026-03-15 14:24:54,629 [INFO] src.sweep: [277/915] Running triplet cf5b209d8984c15d — chain=subagent-67c3d2e5 triplet=6 (prompts 328→329→330)
2026-03-15 14:24:55,850 [INFO] src.sweep: [278/915] Running triplet 1db9a36cacf23fce — chain=subagent-67c3d2e5 triplet=7 (prompts 329→330→331)
2026-03-15 14:24:57,232 [INFO] src.sweep: [279/915] Running triplet 57ff0d448736b590 — chain=subagent-67c3d2e5 triplet=8 (prompts 330→331→332)
2026-03-15 14:24:58,739 [INFO] src.sweep: [280/915] Running triplet 85595578533434f0 — chain=subagent-67c3d2e5 triplet=9 (prompts 331→332→333)
2026-03-15 14:25:00,441 [INFO] src.sweep: [281/915] Running triplet 2785312d12c6a683 — chain=subagent-67c3d2e5 triplet=10 (prompts 332→333→334)
2026-03-15 14:25:02,444 [INFO] src.sweep: [282/915] Running triplet aa93b9e6e672be3b — chain=subagent-67c3d2e5 triplet=11 (prompts 333→334→335)
2026-03-15 14:25:04,356 [INFO] src.sweep: [283/915] Running triplet 9d00226d0e0e84de — chain=subagent-67c3d2e5 triplet=12 (prompts 334→335→336)
2026-03-15 14:25:06,512 [INFO] src.sweep: [284/915] Running triplet 0ef83c48a92dfaa4 — chain=subagent-698313f2 triplet=0 (prompts 337→338→339)
2026-03-15 14:25:07,064 [INFO] src.sweep: [285/915] Running triplet 25a9ada545593e72 — chain=subagent-698313f2 triplet=1 (prompts 338→339→340)
2026-03-15 14:25:07,739 [INFO] src.sweep: [286/915] Running triplet 6abf45c2067cc16e — chain=subagent-698313f2 triplet=2 (prompts 339→340→341)
2026-03-15 14:25:08,498 [INFO] src.storage: Flushed 10075 records to Qwen2.5-32B-prompt-diff-results/results_part_000024.parquet.
2026-03-15 14:25:08,501 [INFO] src.sweep: [287/915] Running triplet 1c30553f5dd7568d — chain=subagent-698313f2 triplet=3 (prompts 340→341→342)
2026-03-15 14:25:09,354 [INFO] src.sweep: [288/915] Running triplet dd0bbbccab30334e — chain=subagent-698313f2 triplet=4 (prompts 341→342→343)
2026-03-15 14:25:10,453 [INFO] src.sweep: [289/915] Running triplet d5cc87c3dd2f7ef0 — chain=subagent-698313f2 triplet=5 (prompts 342→343→344)
2026-03-15 14:25:11,496 [INFO] src.sweep: [290/915] Running triplet 043a92fe94d51c4b — chain=subagent-698313f2 triplet=6 (prompts 343→344→345)
2026-03-15 14:25:12,656 [INFO] src.sweep: [291/915] Running triplet de389dafe3717c3a — chain=subagent-698313f2 triplet=7 (prompts 344→345→346)
2026-03-15 14:25:13,775 [INFO] src.sweep: [292/915] Running triplet cd2a4ff517370c57 — chain=subagent-698313f2 triplet=8 (prompts 345→346→347)
2026-03-15 14:25:16,312 [INFO] src.sweep: [293/915] Running triplet 82d2707d1ed5a1a1 — chain=subagent-698313f2 triplet=9 (prompts 346→347→348)
2026-03-15 14:25:20,204 [INFO] src.sweep: [294/915] Running triplet 8e989d148fcdd2e4 — chain=subagent-698313f2 triplet=10 (prompts 347→348→349)
2026-03-15 14:25:24,846 [INFO] src.sweep: [295/915] Running triplet d15d95b87bf5cdef — chain=subagent-698313f2 triplet=11 (prompts 348→349→350)
2026-03-15 14:25:30,420 [INFO] src.sweep: [296/915] Running triplet fb4edfd6be8e49a2 — chain=subagent-698313f2 triplet=12 (prompts 349→350→351)
2026-03-15 14:25:36,304 [INFO] src.storage: Flushed 13715 records to Qwen2.5-32B-prompt-diff-results/results_part_000025.parquet.
2026-03-15 14:25:36,308 [INFO] src.sweep: [297/915] Running triplet a5b6dcce174fff24 — chain=subagent-737446a0 triplet=0 (prompts 352→353→354)
2026-03-15 14:25:37,311 [INFO] src.sweep: [298/915] Running triplet af76109793321faa — chain=subagent-737446a0 triplet=1 (prompts 353→354→355)
2026-03-15 14:25:38,990 [INFO] src.sweep: [299/915] Running triplet f0045c9eee3d4b02 — chain=subagent-737446a0 triplet=2 (prompts 354→355→356)
2026-03-15 14:25:40,784 [INFO] src.sweep: [300/915] Running triplet a7d8b3c7188af1f6 — chain=subagent-737446a0 triplet=3 (prompts 355→356→357)
2026-03-15 14:25:42,962 [INFO] src.sweep: [301/915] Running triplet 730be186543cd066 — chain=subagent-737446a0 triplet=4 (prompts 356→357→358)
2026-03-15 14:25:45,500 [INFO] src.sweep: [302/915] Running triplet 8128a0359bf1b505 — chain=subagent-737446a0 triplet=5 (prompts 357→358→359)
2026-03-15 14:25:48,542 [INFO] src.sweep: [303/915] Running triplet eb7a44199e3f6863 — chain=subagent-737446a0 triplet=6 (prompts 358→359→360)
2026-03-15 14:25:53,464 [INFO] src.sweep: [304/915] Running triplet 191c6d28c599df75 — chain=subagent-737446a0 triplet=7 (prompts 359→360→361)
2026-03-15 14:25:58,245 [INFO] src.sweep: [305/915] Running triplet 3c1ac01c2c752a3f — chain=subagent-737446a0 triplet=8 (prompts 360→361→362)
2026-03-15 14:26:04,033 [INFO] src.sweep: [306/915] Running triplet dc8945acbdbb10b9 — chain=subagent-737446a0 triplet=9 (prompts 361→362→363)
2026-03-15 14:26:10,213 [INFO] src.storage: Flushed 13780 records to Qwen2.5-32B-prompt-diff-results/results_part_000026.parquet.
2026-03-15 14:26:10,217 [INFO] src.sweep: [307/915] Running triplet 8a324903447796ee — chain=subagent-737446a0 triplet=10 (prompts 362→363→364)
2026-03-15 14:26:16,711 [INFO] src.sweep: [308/915] Running triplet 59445d2faedc4d0f — chain=subagent-737446a0 triplet=11 (prompts 363→364→365)
2026-03-15 14:26:23,685 [INFO] src.sweep: [309/915] Running triplet a005b27db6753055 — chain=subagent-737446a0 triplet=12 (prompts 364→365→366)
2026-03-15 14:26:32,004 [INFO] src.sweep: [310/915] Running triplet 72f226dccfbbbf64 — chain=subagent-74bab567 triplet=0 (prompts 367→368→369)
2026-03-15 14:26:33,259 [INFO] src.sweep: [311/915] Running triplet 9cf2d13fb22afaa3 — chain=subagent-74bab567 triplet=1 (prompts 368→369→370)
2026-03-15 14:28:56,281 [ERROR] src.sweep: Triplet experiment 9cf2d13fb22afaa3 failed.
Traceback (most recent call last):
  File "/root/context/ActivationPerturbationAnalysis/src/sweep.py", line 283, in run_sweep
    records = run_triplet_experiment(
  File "/root/context/ActivationPerturbationAnalysis/src/experiment.py", line 299, in run_triplet_experiment
    full_hidden = extract_hidden_states(model, triplet.seq_full_ids)
  File "/usr/local/lib/python3.10/dist-packages/torch/utils/_contextlib.py", line 116, in decorate_context
    return func(*args, **kwargs)
  File "/root/context/ActivationPerturbationAnalysis/src/model.py", line 95, in extract_hidden_states
    outputs = model(input_ids=input_ids, output_hidden_states=True)
  File "/usr/local/lib/python3.10/dist-packages/torch/nn/modules/module.py", line 1751, in _wrapped_call_impl
    return self._call_impl(*args, **kwargs)
  File "/usr/local/lib/python3.10/dist-packages/torch/nn/modules/module.py", line 1762, in _call_impl
    return forward_call(*args, **kwargs)
  File "/usr/local/lib/python3.10/dist-packages/accelerate/hooks.py", line 175, in new_forward
    output = module._old_forward(*args, **kwargs)
  File "/usr/local/lib/python3.10/dist-packages/transformers/utils/generic.py", line 965, in wrapper
    output = func(self, *args, **kwargs)
  File "/usr/local/lib/python3.10/dist-packages/transformers/utils/deprecation.py", line 172, in wrapped_func
    return func(*args, **kwargs)
  File "/usr/local/lib/python3.10/dist-packages/transformers/models/qwen2/modeling_qwen2.py", line 839, in forward
    logits = self.lm_head(hidden_states[:, slice_indices, :])
  File "/usr/local/lib/python3.10/dist-packages/torch/nn/modules/module.py", line 1751, in _wrapped_call_impl
    return self._call_impl(*args, **kwargs)
  File "/usr/local/lib/python3.10/dist-packages/torch/nn/modules/module.py", line 1762, in _call_impl
    return forward_call(*args, **kwargs)
  File "/usr/local/lib/python3.10/dist-packages/accelerate/hooks.py", line 175, in new_forward
    output = module._old_forward(*args, **kwargs)
  File "/usr/local/lib/python3.10/dist-packages/torch/nn/modules/linear.py", line 125, in forward
    return F.linear(input, self.weight, self.bias)
torch.OutOfMemoryError: CUDA out of memory. Tried to allocate 47.97 GiB. GPU 4 has a total capacity of 79.32 GiB of which 35.37 GiB is free. Process 3497353 has 43.94 GiB memory in use. Of the allocated memory 36.32 GiB is allocated by PyTorch, and 7.12 GiB is reserved by PyTorch but unallocated. If reserved but unallocated memory is large try setting PYTORCH_CUDA_ALLOC_CONF=expandable_segments:True to avoid fragmentation.  See documentation for Memory Management  (https://pytorch.org/docs/stable/notes/cuda.html#environment-variables)
2026-03-15 14:28:56,286 [INFO] src.sweep: [312/915] Running triplet 1bcc78f04b6b53d9 — chain=subagent-74bab567 triplet=2 (prompts 369→370→371)
2026-03-15 14:29:22,022 [ERROR] src.sweep: Triplet experiment 1bcc78f04b6b53d9 failed.
Traceback (most recent call last):
  File "/root/context/ActivationPerturbationAnalysis/src/sweep.py", line 283, in run_sweep
    records = run_triplet_experiment(
  File "/root/context/ActivationPerturbationAnalysis/src/experiment.py", line 299, in run_triplet_experiment
    full_hidden = extract_hidden_states(model, triplet.seq_full_ids)
  File "/usr/local/lib/python3.10/dist-packages/torch/utils/_contextlib.py", line 116, in decorate_context
    return func(*args, **kwargs)
  File "/root/context/ActivationPerturbationAnalysis/src/model.py", line 95, in extract_hidden_states
    outputs = model(input_ids=input_ids, output_hidden_states=True)
  File "/usr/local/lib/python3.10/dist-packages/torch/nn/modules/module.py", line 1751, in _wrapped_call_impl
    return self._call_impl(*args, **kwargs)
  File "/usr/local/lib/python3.10/dist-packages/torch/nn/modules/module.py", line 1762, in _call_impl
    return forward_call(*args, **kwargs)
  File "/usr/local/lib/python3.10/dist-packages/accelerate/hooks.py", line 175, in new_forward
    output = module._old_forward(*args, **kwargs)
  File "/usr/local/lib/python3.10/dist-packages/transformers/utils/generic.py", line 965, in wrapper
    output = func(self, *args, **kwargs)
  File "/usr/local/lib/python3.10/dist-packages/transformers/utils/deprecation.py", line 172, in wrapped_func
    return func(*args, **kwargs)
  File "/usr/local/lib/python3.10/dist-packages/transformers/models/qwen2/modeling_qwen2.py", line 823, in forward
    outputs: BaseModelOutputWithPast = self.model(
  File "/usr/local/lib/python3.10/dist-packages/torch/nn/modules/module.py", line 1751, in _wrapped_call_impl
    return self._call_impl(*args, **kwargs)
  File "/usr/local/lib/python3.10/dist-packages/torch/nn/modules/module.py", line 1762, in _call_impl
    return forward_call(*args, **kwargs)
  File "/usr/local/lib/python3.10/dist-packages/transformers/utils/generic.py", line 965, in wrapper
    output = func(self, *args, **kwargs)
  File "/usr/local/lib/python3.10/dist-packages/transformers/models/qwen2/modeling_qwen2.py", line 549, in forward
    layer_outputs = decoder_layer(
  File "/usr/local/lib/python3.10/dist-packages/torch/nn/modules/module.py", line 1751, in _wrapped_call_impl
    return self._call_impl(*args, **kwargs)
  File "/usr/local/lib/python3.10/dist-packages/torch/nn/modules/module.py", line 1762, in _call_impl
    return forward_call(*args, **kwargs)
  File "/usr/local/lib/python3.10/dist-packages/accelerate/hooks.py", line 175, in new_forward
    output = module._old_forward(*args, **kwargs)
  File "/usr/local/lib/python3.10/dist-packages/transformers/models/qwen2/modeling_qwen2.py", line 278, in forward
    hidden_states = self.mlp(hidden_states)
  File "/usr/local/lib/python3.10/dist-packages/torch/nn/modules/module.py", line 1751, in _wrapped_call_impl
    return self._call_impl(*args, **kwargs)
  File "/usr/local/lib/python3.10/dist-packages/torch/nn/modules/module.py", line 1762, in _call_impl
    return forward_call(*args, **kwargs)
  File "/usr/local/lib/python3.10/dist-packages/accelerate/hooks.py", line 175, in new_forward
    output = module._old_forward(*args, **kwargs)
  File "/usr/local/lib/python3.10/dist-packages/transformers/models/qwen2/modeling_qwen2.py", line 59, in forward
    down_proj = self.down_proj(self.act_fn(self.gate_proj(x)) * self.up_proj(x))
torch.OutOfMemoryError: CUDA out of memory. Tried to allocate 8.74 GiB. GPU 0 has a total capacity of 79.32 GiB of which 5.13 GiB is free. Process 3497353 has 74.18 GiB memory in use. Of the allocated memory 57.19 GiB is allocated by PyTorch, and 16.50 GiB is reserved by PyTorch but unallocated. If reserved but unallocated memory is large try setting PYTORCH_CUDA_ALLOC_CONF=expandable_segments:True to avoid fragmentation.  See documentation for Memory Management  (https://pytorch.org/docs/stable/notes/cuda.html#environment-variables)
2026-03-15 14:29:22,025 [INFO] src.sweep: [313/915] Running triplet 75395f50ffd85799 — chain=subagent-74bab567 triplet=3 (prompts 370→371→372)
2026-03-15 14:29:41,698 [ERROR] src.sweep: Triplet experiment 75395f50ffd85799 failed.
Traceback (most recent call last):
  File "/root/context/ActivationPerturbationAnalysis/src/sweep.py", line 283, in run_sweep
    records = run_triplet_experiment(
  File "/root/context/ActivationPerturbationAnalysis/src/experiment.py", line 299, in run_triplet_experiment
    full_hidden = extract_hidden_states(model, triplet.seq_full_ids)
  File "/usr/local/lib/python3.10/dist-packages/torch/utils/_contextlib.py", line 116, in decorate_context
    return func(*args, **kwargs)
  File "/root/context/ActivationPerturbationAnalysis/src/model.py", line 95, in extract_hidden_states
    outputs = model(input_ids=input_ids, output_hidden_states=True)
  File "/usr/local/lib/python3.10/dist-packages/torch/nn/modules/module.py", line 1751, in _wrapped_call_impl
    return self._call_impl(*args, **kwargs)
  File "/usr/local/lib/python3.10/dist-packages/torch/nn/modules/module.py", line 1762, in _call_impl
    return forward_call(*args, **kwargs)
  File "/usr/local/lib/python3.10/dist-packages/accelerate/hooks.py", line 175, in new_forward
    output = module._old_forward(*args, **kwargs)
  File "/usr/local/lib/python3.10/dist-packages/transformers/utils/generic.py", line 965, in wrapper
    output = func(self, *args, **kwargs)
  File "/usr/local/lib/python3.10/dist-packages/transformers/utils/deprecation.py", line 172, in wrapped_func
    return func(*args, **kwargs)
  File "/usr/local/lib/python3.10/dist-packages/transformers/models/qwen2/modeling_qwen2.py", line 823, in forward
    outputs: BaseModelOutputWithPast = self.model(
  File "/usr/local/lib/python3.10/dist-packages/torch/nn/modules/module.py", line 1751, in _wrapped_call_impl
    return self._call_impl(*args, **kwargs)
  File "/usr/local/lib/python3.10/dist-packages/torch/nn/modules/module.py", line 1762, in _call_impl
    return forward_call(*args, **kwargs)
  File "/usr/local/lib/python3.10/dist-packages/transformers/utils/generic.py", line 965, in wrapper
    output = func(self, *args, **kwargs)
  File "/usr/local/lib/python3.10/dist-packages/transformers/models/qwen2/modeling_qwen2.py", line 549, in forward
    layer_outputs = decoder_layer(
  File "/usr/local/lib/python3.10/dist-packages/torch/nn/modules/module.py", line 1751, in _wrapped_call_impl
    return self._call_impl(*args, **kwargs)
  File "/usr/local/lib/python3.10/dist-packages/torch/nn/modules/module.py", line 1762, in _call_impl
    return forward_call(*args, **kwargs)
  File "/usr/local/lib/python3.10/dist-packages/accelerate/hooks.py", line 175, in new_forward
    output = module._old_forward(*args, **kwargs)
  File "/usr/local/lib/python3.10/dist-packages/transformers/models/qwen2/modeling_qwen2.py", line 278, in forward
    hidden_states = self.mlp(hidden_states)
  File "/usr/local/lib/python3.10/dist-packages/torch/nn/modules/module.py", line 1751, in _wrapped_call_impl
    return self._call_impl(*args, **kwargs)
  File "/usr/local/lib/python3.10/dist-packages/torch/nn/modules/module.py", line 1762, in _call_impl
    return forward_call(*args, **kwargs)
  File "/usr/local/lib/python3.10/dist-packages/accelerate/hooks.py", line 175, in new_forward
    output = module._old_forward(*args, **kwargs)
  File "/usr/local/lib/python3.10/dist-packages/transformers/models/qwen2/modeling_qwen2.py", line 59, in forward
    down_proj = self.down_proj(self.act_fn(self.gate_proj(x)) * self.up_proj(x))
torch.OutOfMemoryError: CUDA out of memory. Tried to allocate 13.05 GiB. GPU 0 has a total capacity of 79.32 GiB of which 4.24 GiB is free. Process 3497353 has 75.07 GiB memory in use. Of the allocated memory 56.06 GiB is allocated by PyTorch, and 18.52 GiB is reserved by PyTorch but unallocated. If reserved but unallocated memory is large try setting PYTORCH_CUDA_ALLOC_CONF=expandable_segments:True to avoid fragmentation.  See documentation for Memory Management  (https://pytorch.org/docs/stable/notes/cuda.html#environment-variables)
2026-03-15 14:29:41,705 [INFO] src.sweep: [314/915] Running triplet 70d83f45f8d07b82 — chain=subagent-78a2e67f triplet=0 (prompts 373→374→375)
2026-03-15 14:29:43,834 [INFO] src.sweep: [315/915] Running triplet 87f09df1c98dce13 — chain=subagent-78a2e67f triplet=1 (prompts 374→375→376)
2026-03-15 14:29:46,906 [INFO] src.sweep: [316/915] Running triplet 9c9b94286f3ee4fe — chain=subagent-78a2e67f triplet=2 (prompts 375→376→377)
2026-03-15 14:29:52,194 [INFO] src.sweep: [317/915] Running triplet 1f3abc39d4f44273 — chain=subagent-78a2e67f triplet=3 (prompts 376→377→378)
2026-03-15 14:29:57,919 [INFO] src.sweep: [318/915] Running triplet 151dc33b8e194956 — chain=subagent-78a2e67f triplet=4 (prompts 377→378→379)
2026-03-15 14:30:06,409 [INFO] src.sweep: [319/915] Running triplet 8367f816115bb61e — chain=subagent-78a2e67f triplet=5 (prompts 378→379→380)
2026-03-15 14:30:16,642 [INFO] src.storage: Flushed 18980 records to Qwen2.5-32B-prompt-diff-results/results_part_000027.parquet.
2026-03-15 14:30:16,646 [INFO] src.sweep: [320/915] Running triplet 525f7f89b2fc7d3d — chain=subagent-78a2e67f triplet=6 (prompts 379→380→381)
2026-03-15 14:30:29,122 [INFO] src.sweep: [321/915] Running triplet 7ccec20c70f4389f — chain=subagent-78a2e67f triplet=7 (prompts 380→381→382)
2026-03-15 14:30:44,691 [INFO] src.sweep: [322/915] Running triplet 6b9f1aec3243aecb — chain=subagent-78a2e67f triplet=8 (prompts 381→382→383)
2026-03-15 14:30:59,977 [INFO] src.sweep: [323/915] Running triplet 3c4f998cde933d38 — chain=subagent-78a2e67f triplet=9 (prompts 382→383→384)
2026-03-15 14:31:20,044 [INFO] src.sweep: [324/915] Running triplet f7c40f8ebb51b6a1 — chain=subagent-78a2e67f triplet=10 (prompts 383→384→385)
2026-03-15 14:31:39,234 [INFO] src.sweep: [325/915] Running triplet 53bc7eb03cdcb067 — chain=subagent-78a2e67f triplet=11 (prompts 384→385→386)
2026-03-15 14:32:00,393 [INFO] src.sweep: [326/915] Running triplet c3da4fc645e7e36d — chain=subagent-78a2e67f triplet=12 (prompts 385→386→387)
2026-03-15 14:32:22,055 [INFO] src.sweep: [327/915] Running triplet a80d3921e3f90255 — chain=subagent-7e2465c5 triplet=0 (prompts 388→389→390)
2026-03-15 14:32:22,688 [INFO] src.sweep: [328/915] Running triplet 6e3d1fde5e4027a6 — chain=subagent-7e2465c5 triplet=1 (prompts 389→390→391)
2026-03-15 14:32:23,406 [INFO] src.sweep: [329/915] Running triplet 9daec97a1d7d9f10 — chain=subagent-7e2465c5 triplet=2 (prompts 390→391→392)
2026-03-15 14:32:24,134 [INFO] src.storage: Flushed 16900 records to Qwen2.5-32B-prompt-diff-results/results_part_000028.parquet.
2026-03-15 14:32:24,138 [INFO] src.sweep: [330/915] Running triplet 2b3bebda5db2e2da — chain=subagent-7e2465c5 triplet=3 (prompts 391→392→393)
2026-03-15 14:32:24,977 [INFO] src.sweep: [331/915] Running triplet 0ed8627c18c8646e — chain=subagent-7e2465c5 triplet=4 (prompts 392→393→394)
2026-03-15 14:32:26,394 [INFO] src.sweep: [332/915] Running triplet 3a5f7aa1ff713e36 — chain=subagent-7e2465c5 triplet=5 (prompts 393→394→395)
2026-03-15 14:32:27,718 [INFO] src.sweep: [333/915] Running triplet cd2043827d79c5d7 — chain=subagent-7e2465c5 triplet=6 (prompts 394→395→396)
2026-03-15 14:32:29,925 [INFO] src.sweep: [334/915] Running triplet 8af9875a3b5ea111 — chain=subagent-7e2465c5 triplet=7 (prompts 395→396→397)
2026-03-15 14:32:31,798 [INFO] src.sweep: [335/915] Running triplet 14e3c3733bb56f7b — chain=subagent-7e2465c5 triplet=8 (prompts 396→397→398)
2026-03-15 14:32:34,061 [INFO] src.sweep: [336/915] Running triplet 3cf26f7c8a2fc08f — chain=subagent-7e2465c5 triplet=9 (prompts 397→398→399)
2026-03-15 14:32:36,518 [INFO] src.sweep: [337/915] Running triplet d8894559a9d5bdaa — chain=subagent-7e2465c5 triplet=10 (prompts 398→399→400)
2026-03-15 14:32:39,100 [INFO] src.sweep: [338/915] Running triplet f91bab8cc7d21b52 — chain=subagent-7e2465c5 triplet=11 (prompts 399→400→401)
2026-03-15 14:32:41,635 [INFO] src.sweep: [339/915] Running triplet eeb57ca86381aa48 — chain=subagent-7e2465c5 triplet=12 (prompts 400→401→402)
2026-03-15 14:32:44,365 [INFO] src.storage: Flushed 10595 records to Qwen2.5-32B-prompt-diff-results/results_part_000029.parquet.
2026-03-15 14:32:44,367 [INFO] src.sweep: [340/915] Running triplet 8f4e56ede154ca30 — chain=subagent-823a903b triplet=0 (prompts 403→404→405)
2026-03-15 14:32:45,420 [INFO] src.sweep: [341/915] Running triplet 93c0dafcaedb80ef — chain=subagent-823a903b triplet=1 (prompts 404→405→406)
2026-03-15 14:32:48,111 [INFO] src.sweep: [342/915] Running triplet 1c34a13af8ceb990 — chain=subagent-823a903b triplet=2 (prompts 405→406→407)
2026-03-15 14:32:51,837 [INFO] src.sweep: [343/915] Running triplet 825308524344f1fe — chain=subagent-823a903b triplet=3 (prompts 406→407→408)
2026-03-15 14:32:57,867 [INFO] src.sweep: [344/915] Running triplet 15e67c2c9047c7bd — chain=subagent-823a903b triplet=4 (prompts 407→408→409)
2026-03-15 14:33:04,603 [INFO] src.sweep: [345/915] Running triplet 104beeaa0c23b853 — chain=subagent-823a903b triplet=5 (prompts 408→409→410)
2026-03-15 14:33:13,821 [INFO] src.sweep: [346/915] Running triplet 07bdec2d37c8d58c — chain=subagent-823a903b triplet=6 (prompts 409→410→411)
2026-03-15 14:33:24,424 [INFO] src.sweep: [347/915] Running triplet 79ef9532b5ca75fa — chain=subagent-823a903b triplet=7 (prompts 410→411→412)
2026-03-15 14:33:37,688 [INFO] src.sweep: [348/915] Running triplet 786c41c49fcd5a8e — chain=subagent-823a903b triplet=8 (prompts 411→412→413)
2026-03-15 14:33:54,567 [INFO] src.sweep: [349/915] Running triplet 2e47d41cb299a87d — chain=subagent-823a903b triplet=9 (prompts 412→413→414)
2026-03-15 14:34:12,393 [INFO] src.storage: Flushed 24245 records to Qwen2.5-32B-prompt-diff-results/results_part_000030.parquet.
2026-03-15 14:34:12,399 [INFO] src.sweep: [350/915] Running triplet fe8491dd657bed14 — chain=subagent-823a903b triplet=10 (prompts 413→414→415)
2026-03-15 14:34:33,381 [INFO] src.sweep: [351/915] Running triplet 778b07a225a10409 — chain=subagent-823a903b triplet=11 (prompts 414→415→416)
2026-03-15 14:34:56,132 [INFO] src.sweep: [352/915] Running triplet 731381cabba8b1a4 — chain=subagent-823a903b triplet=12 (prompts 415→416→417)
2026-03-15 14:35:20,373 [ERROR] src.sweep: Triplet experiment 731381cabba8b1a4 failed.
Traceback (most recent call last):
  File "/root/context/ActivationPerturbationAnalysis/src/sweep.py", line 283, in run_sweep
    records = run_triplet_experiment(
  File "/root/context/ActivationPerturbationAnalysis/src/experiment.py", line 305, in run_triplet_experiment
    skip_hidden = extract_hidden_states(model, triplet.seq_skip_ids)
  File "/usr/local/lib/python3.10/dist-packages/torch/utils/_contextlib.py", line 116, in decorate_context
    return func(*args, **kwargs)
  File "/root/context/ActivationPerturbationAnalysis/src/model.py", line 100, in extract_hidden_states
    hidden_states = torch.stack(
torch.OutOfMemoryError: CUDA out of memory. Tried to allocate 18.42 GiB. GPU 0 has a total capacity of 79.32 GiB of which 17.07 GiB is free. Process 3497353 has 62.24 GiB memory in use. Of the allocated memory 59.23 GiB is allocated by PyTorch, and 2.51 GiB is reserved by PyTorch but unallocated. If reserved but unallocated memory is large try setting PYTORCH_CUDA_ALLOC_CONF=expandable_segments:True to avoid fragmentation.  See documentation for Memory Management  (https://pytorch.org/docs/stable/notes/cuda.html#environment-variables)
2026-03-15 14:35:20,375 [INFO] src.sweep: [353/915] Running triplet e1fd4b0a522a1d78 — chain=subagent-844015f8 triplet=0 (prompts 418→419→420)
2026-03-15 14:35:21,218 [INFO] src.sweep: [354/915] Running triplet 38e5823de6d81a3c — chain=subagent-844015f8 triplet=1 (prompts 419→420→421)
2026-03-15 14:35:22,037 [INFO] src.sweep: [355/915] Running triplet 9c4a72af797e0564 — chain=subagent-844015f8 triplet=2 (prompts 420→421→422)
2026-03-15 14:35:23,708 [INFO] src.sweep: [356/915] Running triplet 5d48f7bcc4a9a4ef — chain=subagent-844015f8 triplet=3 (prompts 421→422→423)
2026-03-15 14:35:24,960 [INFO] src.sweep: [357/915] Running triplet 91c9d39d52d7d87b — chain=subagent-844015f8 triplet=4 (prompts 422→423→424)
2026-03-15 14:35:26,815 [INFO] src.sweep: [358/915] Running triplet ccd8cd2d9d0eeeb5 — chain=subagent-844015f8 triplet=5 (prompts 423→424→425)
2026-03-15 14:35:28,997 [INFO] src.sweep: [359/915] Running triplet 38d10c3c49cd24b6 — chain=subagent-844015f8 triplet=6 (prompts 424→425→426)
2026-03-15 14:35:31,352 [INFO] src.sweep: [360/915] Running triplet 644c6ef92970034d — chain=subagent-844015f8 triplet=7 (prompts 425→426→427)
2026-03-15 14:35:33,783 [INFO] src.storage: Flushed 13455 records to Qwen2.5-32B-prompt-diff-results/results_part_000031.parquet.
2026-03-15 14:35:33,786 [INFO] src.sweep: [361/915] Running triplet 306d9d3f6141318b — chain=subagent-844015f8 triplet=8 (prompts 426→427→428)
2026-03-15 14:35:37,260 [INFO] src.sweep: [362/915] Running triplet 5f8dd3b267befd5b — chain=subagent-844015f8 triplet=9 (prompts 427→428→429)
2026-03-15 14:35:41,315 [INFO] src.sweep: [363/915] Running triplet 43cf15b793f827f4 — chain=subagent-844015f8 triplet=10 (prompts 428→429→430)
2026-03-15 14:35:45,919 [INFO] src.sweep: [364/915] Running triplet dfcf137063802d80 — chain=subagent-85910e20 triplet=0 (prompts 431→432→433)
2026-03-15 14:35:46,810 [INFO] src.sweep: [365/915] Running triplet 4d6147bab992c67b — chain=subagent-85910e20 triplet=1 (prompts 432→433→434)
2026-03-15 14:35:47,916 [INFO] src.sweep: [366/915] Running triplet 75a075a32dea02f3 — chain=subagent-85910e20 triplet=2 (prompts 433→434→435)
2026-03-15 14:35:49,120 [INFO] src.sweep: [367/915] Running triplet 99d6ca5731e13334 — chain=subagent-85910e20 triplet=3 (prompts 434→435→436)
2026-03-15 14:35:50,434 [INFO] src.sweep: [368/915] Running triplet ba37f94ca1026883 — chain=subagent-85910e20 triplet=4 (prompts 435→436→437)
2026-03-15 14:35:51,764 [INFO] src.sweep: [369/915] Running triplet 91d75d8efd0f2851 — chain=subagent-85910e20 triplet=5 (prompts 436→437→438)
2026-03-15 14:35:53,280 [INFO] src.sweep: [370/915] Running triplet ea806b28f9479894 — chain=subagent-85910e20 triplet=6 (prompts 437→438→439)
2026-03-15 14:35:55,445 [INFO] src.storage: Flushed 12350 records to Qwen2.5-32B-prompt-diff-results/results_part_000032.parquet.
2026-03-15 14:35:55,448 [INFO] src.sweep: [371/915] Running triplet 0b82946b12d5c5e6 — chain=subagent-85910e20 triplet=7 (prompts 438→439→440)
2026-03-15 14:35:59,455 [INFO] src.sweep: [372/915] Running triplet f59959fbaf0bc839 — chain=subagent-85910e20 triplet=8 (prompts 439→440→441)
2026-03-15 14:36:03,735 [INFO] src.sweep: [373/915] Running triplet 6924a2abea99cbd1 — chain=subagent-85910e20 triplet=9 (prompts 440→441→442)
2026-03-15 14:36:09,494 [INFO] src.sweep: [374/915] Running triplet fc5b9bafe4d4ded8 — chain=subagent-85910e20 triplet=10 (prompts 441→442→443)
2026-03-15 14:36:16,242 [INFO] src.sweep: [375/915] Running triplet 9a22114c6c813d77 — chain=subagent-85910e20 triplet=11 (prompts 442→443→444)
2026-03-15 14:36:24,233 [INFO] src.sweep: [376/915] Running triplet 6fbf255a28a483ea — chain=subagent-85910e20 triplet=12 (prompts 443→444→445)
2026-03-15 14:36:33,781 [INFO] src.sweep: [377/915] Running triplet 01c6fb3cd600e584 — chain=subagent-8823ce44 triplet=0 (prompts 446→447→448)
2026-03-15 14:36:34,580 [INFO] src.sweep: [378/915] Running triplet 1ab9169528b78ad2 — chain=subagent-8823ce44 triplet=1 (prompts 447→448→449)
2026-03-15 14:36:45,827 [INFO] src.sweep: [379/915] Running triplet d0fb2c4545e14623 — chain=subagent-8823ce44 triplet=2 (prompts 448→449→450)
2026-03-15 14:36:52,678 [INFO] src.sweep: [380/915] Running triplet 332479f07f7c7599 — chain=subagent-8823ce44 triplet=3 (prompts 449→450→451)
2026-03-15 14:37:04,727 [INFO] src.storage: Flushed 26260 records to Qwen2.5-32B-prompt-diff-results/results_part_000033.parquet.
2026-03-15 14:37:04,733 [INFO] src.sweep: [381/915] Running triplet 8a515195661bebfd — chain=subagent-8823ce44 triplet=4 (prompts 450→451→452)
2026-03-15 14:37:17,823 [INFO] src.sweep: [382/915] Running triplet b0ed1302d1120696 — chain=subagent-8823ce44 triplet=5 (prompts 451→452→453)
2026-03-15 14:37:42,233 [ERROR] src.sweep: Triplet experiment b0ed1302d1120696 failed.
Traceback (most recent call last):
  File "/root/context/ActivationPerturbationAnalysis/src/sweep.py", line 283, in run_sweep
    records = run_triplet_experiment(
  File "/root/context/ActivationPerturbationAnalysis/src/experiment.py", line 305, in run_triplet_experiment
    skip_hidden = extract_hidden_states(model, triplet.seq_skip_ids)
  File "/usr/local/lib/python3.10/dist-packages/torch/utils/_contextlib.py", line 116, in decorate_context
    return func(*args, **kwargs)
  File "/root/context/ActivationPerturbationAnalysis/src/model.py", line 100, in extract_hidden_states
    hidden_states = torch.stack(
torch.OutOfMemoryError: CUDA out of memory. Tried to allocate 18.93 GiB. GPU 0 has a total capacity of 79.32 GiB of which 17.20 GiB is free. Process 3497353 has 62.11 GiB memory in use. Of the allocated memory 59.98 GiB is allocated by PyTorch, and 1.64 GiB is reserved by PyTorch but unallocated. If reserved but unallocated memory is large try setting PYTORCH_CUDA_ALLOC_CONF=expandable_segments:True to avoid fragmentation.  See documentation for Memory Management  (https://pytorch.org/docs/stable/notes/cuda.html#environment-variables)
2026-03-15 14:37:42,235 [INFO] src.sweep: [383/915] Running triplet d4d4c7d07554666d — chain=subagent-8823ce44 triplet=6 (prompts 452→453→454)
2026-03-15 14:38:03,796 [INFO] src.sweep: [384/915] Running triplet c49ff0d7f210ce97 — chain=subagent-8823ce44 triplet=7 (prompts 453→454→455)
2026-03-15 14:38:30,829 [ERROR] src.sweep: Triplet experiment c49ff0d7f210ce97 failed.
Traceback (most recent call last):
  File "/root/context/ActivationPerturbationAnalysis/src/sweep.py", line 283, in run_sweep
    records = run_triplet_experiment(
  File "/root/context/ActivationPerturbationAnalysis/src/experiment.py", line 305, in run_triplet_experiment
    skip_hidden = extract_hidden_states(model, triplet.seq_skip_ids)
  File "/usr/local/lib/python3.10/dist-packages/torch/utils/_contextlib.py", line 116, in decorate_context
    return func(*args, **kwargs)
  File "/root/context/ActivationPerturbationAnalysis/src/model.py", line 100, in extract_hidden_states
    hidden_states = torch.stack(
torch.OutOfMemoryError: CUDA out of memory. Tried to allocate 20.34 GiB. GPU 0 has a total capacity of 79.32 GiB of which 12.67 GiB is free. Process 3497353 has 66.64 GiB memory in use. Of the allocated memory 63.91 GiB is allocated by PyTorch, and 2.24 GiB is reserved by PyTorch but unallocated. If reserved but unallocated memory is large try setting PYTORCH_CUDA_ALLOC_CONF=expandable_segments:True to avoid fragmentation.  See documentation for Memory Management  (https://pytorch.org/docs/stable/notes/cuda.html#environment-variables)
2026-03-15 14:38:30,831 [INFO] src.sweep: [385/915] Running triplet d55c52cef6220c95 — chain=subagent-8823ce44 triplet=8 (prompts 454→455→456)
2026-03-15 14:38:58,242 [ERROR] src.sweep: Triplet experiment d55c52cef6220c95 failed.
Traceback (most recent call last):
  File "/root/context/ActivationPerturbationAnalysis/src/sweep.py", line 283, in run_sweep
    records = run_triplet_experiment(
  File "/root/context/ActivationPerturbationAnalysis/src/experiment.py", line 305, in run_triplet_experiment
    skip_hidden = extract_hidden_states(model, triplet.seq_skip_ids)
  File "/usr/local/lib/python3.10/dist-packages/torch/utils/_contextlib.py", line 116, in decorate_context
    return func(*args, **kwargs)
  File "/root/context/ActivationPerturbationAnalysis/src/model.py", line 100, in extract_hidden_states
    hidden_states = torch.stack(
torch.OutOfMemoryError: CUDA out of memory. Tried to allocate 20.85 GiB. GPU 0 has a total capacity of 79.32 GiB of which 2.71 GiB is free. Process 3497353 has 76.60 GiB memory in use. Of the allocated memory 64.75 GiB is allocated by PyTorch, and 11.36 GiB is reserved by PyTorch but unallocated. If reserved but unallocated memory is large try setting PYTORCH_CUDA_ALLOC_CONF=expandable_segments:True to avoid fragmentation.  See documentation for Memory Management  (https://pytorch.org/docs/stable/notes/cuda.html#environment-variables)
2026-03-15 14:38:58,244 [INFO] src.sweep: [386/915] Running triplet 6e4c17fba3dac023 — chain=subagent-8823ce44 triplet=9 (prompts 455→456→457)
2026-03-15 14:39:28,179 [ERROR] src.sweep: Triplet experiment 6e4c17fba3dac023 failed.
Traceback (most recent call last):
  File "/root/context/ActivationPerturbationAnalysis/src/sweep.py", line 283, in run_sweep
    records = run_triplet_experiment(
  File "/root/context/ActivationPerturbationAnalysis/src/experiment.py", line 305, in run_triplet_experiment
    skip_hidden = extract_hidden_states(model, triplet.seq_skip_ids)
  File "/usr/local/lib/python3.10/dist-packages/torch/utils/_contextlib.py", line 116, in decorate_context
    return func(*args, **kwargs)
  File "/root/context/ActivationPerturbationAnalysis/src/model.py", line 100, in extract_hidden_states
    hidden_states = torch.stack(
torch.OutOfMemoryError: CUDA out of memory. Tried to allocate 22.39 GiB. GPU 0 has a total capacity of 79.32 GiB of which 1.76 GiB is free. Process 3497353 has 77.55 GiB memory in use. Of the allocated memory 68.06 GiB is allocated by PyTorch, and 9.00 GiB is reserved by PyTorch but unallocated. If reserved but unallocated memory is large try setting PYTORCH_CUDA_ALLOC_CONF=expandable_segments:True to avoid fragmentation.  See documentation for Memory Management  (https://pytorch.org/docs/stable/notes/cuda.html#environment-variables)
2026-03-15 14:39:28,181 [INFO] src.sweep: [387/915] Running triplet 3993280c48c7ee43 — chain=subagent-8823ce44 triplet=10 (prompts 456→457→458)
2026-03-15 14:39:46,059 [ERROR] src.sweep: Triplet experiment 3993280c48c7ee43 failed.
Traceback (most recent call last):
  File "/root/context/ActivationPerturbationAnalysis/src/sweep.py", line 283, in run_sweep
    records = run_triplet_experiment(
  File "/root/context/ActivationPerturbationAnalysis/src/experiment.py", line 299, in run_triplet_experiment
    full_hidden = extract_hidden_states(model, triplet.seq_full_ids)
  File "/usr/local/lib/python3.10/dist-packages/torch/utils/_contextlib.py", line 116, in decorate_context
    return func(*args, **kwargs)
  File "/root/context/ActivationPerturbationAnalysis/src/model.py", line 100, in extract_hidden_states
    hidden_states = torch.stack(
torch.OutOfMemoryError: CUDA out of memory. Tried to allocate 24.84 GiB. GPU 0 has a total capacity of 79.32 GiB of which 24.55 GiB is free. Process 3497353 has 54.76 GiB memory in use. Of the allocated memory 49.31 GiB is allocated by PyTorch, and 4.95 GiB is reserved by PyTorch but unallocated. If reserved but unallocated memory is large try setting PYTORCH_CUDA_ALLOC_CONF=expandable_segments:True to avoid fragmentation.  See documentation for Memory Management  (https://pytorch.org/docs/stable/notes/cuda.html#environment-variables)
2026-03-15 14:39:46,061 [INFO] src.sweep: [388/915] Running triplet 3ac0c5a02e10efa4 — chain=subagent-8823ce44 triplet=11 (prompts 457→458→459)
2026-03-15 14:40:03,078 [ERROR] src.sweep: Triplet experiment 3ac0c5a02e10efa4 failed.
Traceback (most recent call last):
  File "/root/context/ActivationPerturbationAnalysis/src/sweep.py", line 283, in run_sweep
    records = run_triplet_experiment(
  File "/root/context/ActivationPerturbationAnalysis/src/experiment.py", line 299, in run_triplet_experiment
    full_hidden = extract_hidden_states(model, triplet.seq_full_ids)
  File "/usr/local/lib/python3.10/dist-packages/torch/utils/_contextlib.py", line 116, in decorate_context
    return func(*args, **kwargs)
  File "/root/context/ActivationPerturbationAnalysis/src/model.py", line 100, in extract_hidden_states
    hidden_states = torch.stack(
torch.OutOfMemoryError: CUDA out of memory. Tried to allocate 25.72 GiB. GPU 0 has a total capacity of 79.32 GiB of which 24.55 GiB is free. Process 3497353 has 54.76 GiB memory in use. Of the allocated memory 50.67 GiB is allocated by PyTorch, and 3.60 GiB is reserved by PyTorch but unallocated. If reserved but unallocated memory is large try setting PYTORCH_CUDA_ALLOC_CONF=expandable_segments:True to avoid fragmentation.  See documentation for Memory Management  (https://pytorch.org/docs/stable/notes/cuda.html#environment-variables)
2026-03-15 14:40:03,080 [INFO] src.sweep: [389/915] Running triplet d2646bc618263185 — chain=subagent-8823ce44 triplet=12 (prompts 458→459→460)
2026-03-15 14:40:30,339 [ERROR] src.sweep: Triplet experiment d2646bc618263185 failed.
Traceback (most recent call last):
  File "/root/context/ActivationPerturbationAnalysis/src/sweep.py", line 283, in run_sweep
    records = run_triplet_experiment(
  File "/root/context/ActivationPerturbationAnalysis/src/experiment.py", line 299, in run_triplet_experiment
    full_hidden = extract_hidden_states(model, triplet.seq_full_ids)
  File "/usr/local/lib/python3.10/dist-packages/torch/utils/_contextlib.py", line 116, in decorate_context
    return func(*args, **kwargs)
  File "/root/context/ActivationPerturbationAnalysis/src/model.py", line 100, in extract_hidden_states
    hidden_states = torch.stack(
torch.OutOfMemoryError: CUDA out of memory. Tried to allocate 34.66 GiB. GPU 0 has a total capacity of 79.32 GiB of which 13.32 GiB is free. Process 3497353 has 65.99 GiB memory in use. Of the allocated memory 64.30 GiB is allocated by PyTorch, and 1.20 GiB is reserved by PyTorch but unallocated. If reserved but unallocated memory is large try setting PYTORCH_CUDA_ALLOC_CONF=expandable_segments:True to avoid fragmentation.  See documentation for Memory Management  (https://pytorch.org/docs/stable/notes/cuda.html#environment-variables)
2026-03-15 14:40:30,342 [INFO] src.sweep: [390/915] Running triplet 5ad05ae6e94bd6f7 — chain=subagent-8ad176c2 triplet=0 (prompts 461→462→463)
2026-03-15 14:40:31,135 [INFO] src.sweep: [391/915] Running triplet 02f6159c38196f7a — chain=subagent-8ad176c2 triplet=1 (prompts 462→463→464)
2026-03-15 14:40:31,960 [INFO] src.sweep: [392/915] Running triplet 7d76b0848a4079ad — chain=subagent-8ad176c2 triplet=2 (prompts 463→464→465)
2026-03-15 14:40:32,800 [INFO] src.sweep: [393/915] Running triplet 5c8e555fc2b5aee0 — chain=subagent-8ad176c2 triplet=3 (prompts 464→465→466)
2026-03-15 14:40:33,516 [INFO] src.sweep: [394/915] Running triplet e912d5184ca4b25a — chain=subagent-8ad176c2 triplet=4 (prompts 465→466→467)
2026-03-15 14:40:34,326 [INFO] src.sweep: [395/915] Running triplet b6373c1acaa478c2 — chain=subagent-8ad176c2 triplet=5 (prompts 466→467→468)
2026-03-15 14:40:35,313 [INFO] src.sweep: [396/915] Running triplet a9508d9bdf7a6f20 — chain=subagent-8ad176c2 triplet=6 (prompts 467→468→469)
2026-03-15 14:40:36,772 [INFO] src.sweep: [397/915] Running triplet 5bf8f76fc5a1ed19 — chain=subagent-8ad176c2 triplet=7 (prompts 468→469→470)
2026-03-15 14:40:38,251 [INFO] src.storage: Flushed 11635 records to Qwen2.5-32B-prompt-diff-results/results_part_000034.parquet.
2026-03-15 14:40:38,254 [INFO] src.sweep: [398/915] Running triplet bf707fd7debfb3d4 — chain=subagent-8ad176c2 triplet=8 (prompts 469→470→471)
2026-03-15 14:40:40,031 [INFO] src.sweep: [399/915] Running triplet bbae7e799b814a4e — chain=subagent-8ad176c2 triplet=9 (prompts 470→471→472)
2026-03-15 14:40:42,002 [INFO] src.sweep: [400/915] Running triplet df2c8eb9bd5559cf — chain=subagent-8ad176c2 triplet=10 (prompts 471→472→473)
2026-03-15 14:40:43,990 [INFO] src.sweep: [401/915] Running triplet bfc9a491884024b9 — chain=subagent-8ad176c2 triplet=11 (prompts 472→473→474)
2026-03-15 14:40:46,087 [INFO] src.sweep: [402/915] Running triplet f7727c7500cc98aa — chain=subagent-8ad176c2 triplet=12 (prompts 473→474→475)
2026-03-15 14:40:48,325 [INFO] src.sweep: [403/915] Running triplet ca0b925d9c445531 — chain=subagent-8f49eae2 triplet=0 (prompts 476→477→478)
2026-03-15 14:40:49,408 [INFO] src.sweep: [404/915] Running triplet 7c304b796eaa9117 — chain=subagent-8f49eae2 triplet=1 (prompts 477→478→479)
2026-03-15 14:40:50,790 [INFO] src.sweep: [405/915] Running triplet c4960ad158730c92 — chain=subagent-8f49eae2 triplet=2 (prompts 478→479→480)
2026-03-15 14:40:53,111 [INFO] src.sweep: [406/915] Running triplet a0e34d9511e527cb — chain=subagent-8f49eae2 triplet=3 (prompts 479→480→481)
2026-03-15 14:40:56,516 [INFO] src.sweep: [407/915] Running triplet 4fdf53b173bb62e3 — chain=subagent-8f49eae2 triplet=4 (prompts 480→481→482)
2026-03-15 14:41:01,917 [INFO] src.storage: Flushed 14495 records to Qwen2.5-32B-prompt-diff-results/results_part_000035.parquet.
2026-03-15 14:41:01,920 [INFO] src.sweep: [408/915] Running triplet d0c75442e3e1f87c — chain=subagent-8f49eae2 triplet=5 (prompts 481→482→483)
2026-03-15 14:41:07,668 [INFO] src.sweep: [409/915] Running triplet 9ae2c47a3bbfb6b2 — chain=subagent-8f49eae2 triplet=6 (prompts 482→483→484)
2026-03-15 14:41:18,174 [INFO] src.sweep: [410/915] Running triplet 42b8432eb8cf934e — chain=subagent-8f49eae2 triplet=7 (prompts 483→484→485)
2026-03-15 14:41:34,444 [INFO] src.sweep: [411/915] Running triplet 966f4264ad2e8c4e — chain=subagent-8f49eae2 triplet=8 (prompts 484→485→486)
2026-03-15 14:41:51,280 [INFO] src.sweep: [412/915] Running triplet 07280629aedbf443 — chain=subagent-8f49eae2 triplet=9 (prompts 485→486→487)
2026-03-15 14:42:12,327 [INFO] src.sweep: [413/915] Running triplet 5a4b40d40c51bfa0 — chain=subagent-8f49eae2 triplet=10 (prompts 486→487→488)
2026-03-15 14:42:34,622 [INFO] src.sweep: [414/915] Running triplet 7bc8617b24bf7c7a — chain=subagent-8f49eae2 triplet=11 (prompts 487→488→489)
2026-03-15 14:42:58,058 [INFO] src.sweep: [415/915] Running triplet e021f55c146bb0ea — chain=subagent-8f49eae2 triplet=12 (prompts 488→489→490)
2026-03-15 14:43:22,120 [INFO] src.sweep: [416/915] Running triplet 78199734220c0bf9 — chain=subagent-9105439c triplet=0 (prompts 491→492→493)
2026-03-15 14:43:23,131 [INFO] src.sweep: [417/915] Running triplet 3b597b1b9ccacb9c — chain=subagent-9105439c triplet=1 (prompts 492→493→494)
2026-03-15 14:43:24,395 [INFO] src.storage: Flushed 23725 records to Qwen2.5-32B-prompt-diff-results/results_part_000036.parquet.
2026-03-15 14:43:24,401 [INFO] src.sweep: [418/915] Running triplet 420ef38321e92f0f — chain=subagent-91772991 triplet=0 (prompts 495→496→497)
2026-03-15 14:43:25,025 [INFO] src.sweep: [419/915] Running triplet 471c7a4fb90d19b1 — chain=subagent-91772991 triplet=1 (prompts 496→497→498)
2026-03-15 14:43:25,710 [INFO] src.sweep: [420/915] Running triplet 5407d42b53e60391 — chain=subagent-91772991 triplet=2 (prompts 497→498→499)
2026-03-15 14:43:26,491 [INFO] src.sweep: [421/915] Running triplet cdb52ac546cef2ec — chain=subagent-91772991 triplet=3 (prompts 498→499→500)
2026-03-15 14:43:27,366 [INFO] src.sweep: [422/915] Running triplet 760e0e5e9e5cc3ec — chain=subagent-91772991 triplet=4 (prompts 499→500→501)
2026-03-15 14:43:28,370 [INFO] src.sweep: [423/915] Running triplet 4cbfd6e374cef872 — chain=subagent-91772991 triplet=5 (prompts 500→501→502)
2026-03-15 14:43:29,349 [INFO] src.sweep: [424/915] Running triplet d841fc6dc643caef — chain=subagent-91772991 triplet=6 (prompts 501→502→503)
2026-03-15 14:43:30,372 [INFO] src.sweep: [425/915] Running triplet 49e87b642ddda0a2 — chain=subagent-91772991 triplet=7 (prompts 502→503→504)
2026-03-15 14:43:31,515 [INFO] src.sweep: [426/915] Running triplet 5884504b36893c64 — chain=subagent-949accbc triplet=0 (prompts 505→506→507)
2026-03-15 14:43:32,915 [INFO] src.sweep: [427/915] Running triplet 656e450dd987fcc7 — chain=subagent-949accbc triplet=1 (prompts 506→507→508)
2026-03-15 14:43:35,176 [INFO] src.storage: Flushed 11050 records to Qwen2.5-32B-prompt-diff-results/results_part_000037.parquet.
2026-03-15 14:43:35,179 [INFO] src.sweep: [428/915] Running triplet 19535394916a6ba0 — chain=subagent-949accbc triplet=2 (prompts 507→508→509)
2026-03-15 14:43:38,758 [INFO] src.sweep: [429/915] Running triplet 9cf54a17a0985807 — chain=subagent-949accbc triplet=3 (prompts 508→509→510)
2026-03-15 14:43:42,792 [INFO] src.sweep: [430/915] Running triplet 51f50cad93bd2e11 — chain=subagent-949accbc triplet=4 (prompts 509→510→511)
2026-03-15 14:43:48,335 [INFO] src.sweep: [431/915] Running triplet ae7533fc33a0f6e9 — chain=subagent-949accbc triplet=5 (prompts 510→511→512)
2026-03-15 14:43:54,889 [INFO] src.sweep: [432/915] Running triplet 9416ec7fa5f388c8 — chain=subagent-949accbc triplet=6 (prompts 511→512→513)
2026-03-15 14:44:02,203 [INFO] src.sweep: [433/915] Running triplet bf36a0b2e621d5f6 — chain=subagent-949accbc triplet=7 (prompts 512→513→514)
2026-03-15 14:44:10,994 [INFO] src.sweep: [434/915] Running triplet 5ffd0b81cbf679c4 — chain=subagent-949accbc triplet=8 (prompts 513→514→515)
2026-03-15 14:44:20,593 [INFO] src.sweep: [435/915] Running triplet ea438a360234530a — chain=subagent-949accbc triplet=9 (prompts 514→515→516)
2026-03-15 14:44:30,300 [INFO] src.sweep: [436/915] Running triplet 2b7606d94635353f — chain=subagent-949accbc triplet=10 (prompts 515→516→517)
2026-03-15 14:44:41,615 [INFO] src.sweep: [437/915] Running triplet e9d67253c85e0759 — chain=subagent-949accbc triplet=11 (prompts 516→517→518)
2026-03-15 14:44:53,911 [INFO] src.storage: Flushed 18005 records to Qwen2.5-32B-prompt-diff-results/results_part_000038.parquet.
2026-03-15 14:44:53,915 [INFO] src.sweep: [438/915] Running triplet 716b54612165983a — chain=subagent-949accbc triplet=12 (prompts 517→518→519)
2026-03-15 14:45:06,991 [INFO] src.sweep: [439/915] Running triplet ae6110002591a5af — chain=subagent-95d0fd16 triplet=0 (prompts 520→521→522)
2026-03-15 14:45:08,657 [INFO] src.sweep: [440/915] Running triplet 02b14cb713a82abc — chain=subagent-95d0fd16 triplet=1 (prompts 521→522→523)
2026-03-15 14:45:10,587 [INFO] src.sweep: [441/915] Running triplet 1d3d012420b96078 — chain=subagent-95d0fd16 triplet=2 (prompts 522→523→524)
2026-03-15 14:45:13,641 [INFO] src.sweep: [442/915] Running triplet f296bd5f6a5a2927 — chain=subagent-95d0fd16 triplet=3 (prompts 523→524→525)
2026-03-15 14:45:16,968 [INFO] src.sweep: [443/915] Running triplet 548e1a028dca4420 — chain=subagent-95d0fd16 triplet=4 (prompts 524→525→526)
2026-03-15 14:45:21,072 [INFO] src.sweep: [444/915] Running triplet a365492da16c681b — chain=subagent-95d0fd16 triplet=5 (prompts 525→526→527)
2026-03-15 14:45:25,302 [INFO] src.sweep: [445/915] Running triplet 0bbea3cedf10f455 — chain=subagent-95d0fd16 triplet=6 (prompts 526→527→528)
2026-03-15 14:45:30,500 [INFO] src.sweep: [446/915] Running triplet 9f0f93c7b4159c2b — chain=subagent-95d0fd16 triplet=7 (prompts 527→528→529)
2026-03-15 14:45:36,178 [INFO] src.sweep: [447/915] Running triplet 1a41cea6aa6d771b — chain=subagent-95d0fd16 triplet=8 (prompts 528→529→530)
2026-03-15 14:45:42,500 [INFO] src.storage: Flushed 14755 records to Qwen2.5-32B-prompt-diff-results/results_part_000039.parquet.
2026-03-15 14:45:42,504 [INFO] src.sweep: [448/915] Running triplet a10399b80e04fa32 — chain=subagent-95d0fd16 triplet=9 (prompts 529→530→531)
2026-03-15 14:45:49,412 [INFO] src.sweep: [449/915] Running triplet a77f7fd8e546f0b1 — chain=subagent-95d0fd16 triplet=10 (prompts 530→531→532)
2026-03-15 14:45:56,976 [INFO] src.sweep: [450/915] Running triplet 068b3a509904494b — chain=subagent-95d0fd16 triplet=11 (prompts 531→532→533)
2026-03-15 14:46:05,135 [INFO] src.sweep: [451/915] Running triplet 0389dde102837b07 — chain=subagent-95d0fd16 triplet=12 (prompts 532→533→534)
2026-03-15 14:46:14,237 [INFO] src.sweep: [452/915] Running triplet 48917cd8188901c1 — chain=subagent-9a10097b triplet=0 (prompts 535→536→537)
2026-03-15 14:46:16,207 [INFO] src.sweep: [453/915] Running triplet 9941ed2c1248492c — chain=subagent-9a10097b triplet=1 (prompts 536→537→538)
2026-03-15 14:46:18,583 [INFO] src.sweep: [454/915] Running triplet dab4317872ed07dc — chain=subagent-9a10097b triplet=2 (prompts 537→538→539)
2026-03-15 14:46:22,027 [INFO] src.sweep: [455/915] Running triplet 770cb0884fb5795e — chain=subagent-9a10097b triplet=3 (prompts 538→539→540)
2026-03-15 14:46:27,251 [INFO] src.sweep: [456/915] Running triplet 0b33a4abe3a125d0 — chain=subagent-9a10097b triplet=4 (prompts 539→540→541)
2026-03-15 14:46:33,406 [INFO] src.sweep: [457/915] Running triplet 0c4b72c5a85781c3 — chain=subagent-9a10097b triplet=5 (prompts 540→541→542)
2026-03-15 14:46:40,653 [INFO] src.storage: Flushed 17745 records to Qwen2.5-32B-prompt-diff-results/results_part_000040.parquet.
2026-03-15 14:46:40,657 [INFO] src.sweep: [458/915] Running triplet ec87a27932b63da4 — chain=subagent-9a10097b triplet=6 (prompts 541→542→543)
2026-03-15 14:46:49,257 [INFO] src.sweep: [459/915] Running triplet 98687aac35ce31b6 — chain=subagent-9a10097b triplet=7 (prompts 542→543→544)
2026-03-15 14:46:59,055 [INFO] src.sweep: [460/915] Running triplet d9550eb6f7b1da3c — chain=subagent-9a10097b triplet=8 (prompts 543→544→545)
2026-03-15 14:47:08,848 [INFO] src.sweep: [461/915] Running triplet 8dc0102a13fa9777 — chain=subagent-9a10097b triplet=9 (prompts 544→545→546)
2026-03-15 14:47:21,182 [INFO] src.sweep: [462/915] Running triplet 962bb42ad84cd173 — chain=subagent-9a10097b triplet=10 (prompts 545→546→547)
2026-03-15 14:47:34,214 [INFO] src.sweep: [463/915] Running triplet 2818d21f1cbe6efe — chain=subagent-9a10097b triplet=11 (prompts 546→547→548)
2026-03-15 14:47:48,825 [INFO] src.sweep: [464/915] Running triplet 621f44b75821c57c — chain=subagent-9a10097b triplet=12 (prompts 547→548→549)
2026-03-15 14:48:04,910 [INFO] src.sweep: [465/915] Running triplet a85d225975d7026d — chain=subagent-9a2ca2f9 triplet=0 (prompts 550→551→552)
2026-03-15 14:48:06,600 [INFO] src.sweep: [466/915] Running triplet c94cc14bc0b44486 — chain=subagent-9a2ca2f9 triplet=1 (prompts 551→552→553)
2026-03-15 14:48:09,233 [INFO] src.sweep: [467/915] Running triplet 1922a3de7823ad18 — chain=subagent-9a2ca2f9 triplet=2 (prompts 552→553→554)
2026-03-15 14:48:12,182 [INFO] src.storage: Flushed 16380 records to Qwen2.5-32B-prompt-diff-results/results_part_000041.parquet.
2026-03-15 14:48:12,186 [INFO] src.sweep: [468/915] Running triplet 5e65a75148e588e4 — chain=subagent-9a2ca2f9 triplet=3 (prompts 553→554→555)
2026-03-15 14:48:15,004 [INFO] src.sweep: [469/915] Running triplet 329339b66044df23 — chain=subagent-9a2ca2f9 triplet=4 (prompts 554→555→556)
2026-03-15 14:48:17,998 [INFO] src.sweep: [470/915] Running triplet d0ca45dab635b015 — chain=subagent-9a2ca2f9 triplet=5 (prompts 555→556→557)
2026-03-15 14:48:21,049 [INFO] src.sweep: [471/915] Running triplet d1f61dd98d99a02a — chain=subagent-9a2ca2f9 triplet=6 (prompts 556→557→558)
2026-03-15 14:48:44,127 [ERROR] src.sweep: Triplet experiment d1f61dd98d99a02a failed.
Traceback (most recent call last):
  File "/root/context/ActivationPerturbationAnalysis/src/sweep.py", line 283, in run_sweep
    records = run_triplet_experiment(
  File "/root/context/ActivationPerturbationAnalysis/src/experiment.py", line 311, in run_triplet_experiment
    records = compute_distance_buckets(
  File "/usr/local/lib/python3.10/dist-packages/torch/utils/_contextlib.py", line 116, in decorate_context
    return func(*args, **kwargs)
  File "/root/context/ActivationPerturbationAnalysis/src/metrics.py", line 116, in compute_distance_buckets
    all_sim = F.cosine_similarity(orig_post, pert_post, dim=-1)
torch.OutOfMemoryError: CUDA out of memory. Tried to allocate 15.12 GiB. GPU 0 has a total capacity of 79.32 GiB of which 1.39 GiB is free. Process 3497353 has 77.92 GiB memory in use. Of the allocated memory 77.42 GiB is allocated by PyTorch, and 10.07 MiB is reserved by PyTorch but unallocated. If reserved but unallocated memory is large try setting PYTORCH_CUDA_ALLOC_CONF=expandable_segments:True to avoid fragmentation.  See documentation for Memory Management  (https://pytorch.org/docs/stable/notes/cuda.html#environment-variables)
2026-03-15 14:48:44,128 [INFO] src.sweep: [472/915] Running triplet 5296ddaf3b27805c — chain=subagent-9a2ca2f9 triplet=7 (prompts 557→558→559)
2026-03-15 14:48:58,454 [INFO] src.sweep: [473/915] Running triplet dab5d9ed62773951 — chain=subagent-9a2ca2f9 triplet=8 (prompts 558→559→560)
2026-03-15 14:49:21,321 [INFO] src.sweep: [474/915] Running triplet e6d5b6da9ee8e5a3 — chain=subagent-9a2ca2f9 triplet=9 (prompts 559→560→561)
2026-03-15 14:49:44,352 [INFO] src.sweep: [475/915] Running triplet 73580a6b34c0a383 — chain=subagent-9a2ca2f9 triplet=10 (prompts 560→561→562)
2026-03-15 14:50:07,401 [INFO] src.sweep: [476/915] Running triplet aaa550efcc15d492 — chain=subagent-9a2ca2f9 triplet=11 (prompts 561→562→563)
2026-03-15 14:50:30,602 [INFO] src.sweep: [477/915] Running triplet 284dec3874ef51ac — chain=subagent-9a2ca2f9 triplet=12 (prompts 562→563→564)
2026-03-15 14:50:53,778 [INFO] src.sweep: [478/915] Running triplet ae51a9b88f4cd04f — chain=subagent-9d61c99e triplet=0 (prompts 565→566→567)
2026-03-15 14:50:58,678 [INFO] src.storage: Flushed 10985 records to Qwen2.5-32B-prompt-diff-results/results_part_000042.parquet.
2026-03-15 14:50:58,681 [INFO] src.sweep: [479/915] Running triplet fcb06e41249c187a — chain=subagent-9d61c99e triplet=1 (prompts 566→567→568)
2026-03-15 14:51:08,861 [INFO] src.sweep: [480/915] Running triplet eeb377f648574590 — chain=subagent-9d61c99e triplet=2 (prompts 567→568→569)
2026-03-15 14:51:23,224 [INFO] src.sweep: [481/915] Running triplet d821442a59f374a2 — chain=subagent-9d61c99e triplet=3 (prompts 568→569→570)
2026-03-15 14:51:40,962 [INFO] src.sweep: [482/915] Running triplet 87524256f1175e98 — chain=subagent-9d61c99e triplet=4 (prompts 569→570→571)
2026-03-15 14:52:04,540 [INFO] src.sweep: [483/915] Running triplet a06adccad164041b — chain=subagent-9d61c99e triplet=5 (prompts 570→571→572)
2026-03-15 14:52:30,189 [ERROR] src.sweep: Triplet experiment a06adccad164041b failed.
Traceback (most recent call last):
  File "/root/context/ActivationPerturbationAnalysis/src/sweep.py", line 283, in run_sweep
    records = run_triplet_experiment(
  File "/root/context/ActivationPerturbationAnalysis/src/experiment.py", line 305, in run_triplet_experiment
    skip_hidden = extract_hidden_states(model, triplet.seq_skip_ids)
  File "/usr/local/lib/python3.10/dist-packages/torch/utils/_contextlib.py", line 116, in decorate_context
    return func(*args, **kwargs)
  File "/root/context/ActivationPerturbationAnalysis/src/model.py", line 100, in extract_hidden_states
    hidden_states = torch.stack(
torch.OutOfMemoryError: CUDA out of memory. Tried to allocate 18.28 GiB. GPU 0 has a total capacity of 79.32 GiB of which 13.86 GiB is free. Process 3497353 has 65.45 GiB memory in use. Of the allocated memory 60.99 GiB is allocated by PyTorch, and 3.97 GiB is reserved by PyTorch but unallocated. If reserved but unallocated memory is large try setting PYTORCH_CUDA_ALLOC_CONF=expandable_segments:True to avoid fragmentation.  See documentation for Memory Management  (https://pytorch.org/docs/stable/notes/cuda.html#environment-variables)
2026-03-15 14:52:30,192 [INFO] src.sweep: [484/915] Running triplet d7000360c09d772e — chain=subagent-9d61c99e triplet=6 (prompts 571→572→573)
2026-03-15 14:53:00,651 [ERROR] src.sweep: Triplet experiment d7000360c09d772e failed.
Traceback (most recent call last):
  File "/root/context/ActivationPerturbationAnalysis/src/sweep.py", line 283, in run_sweep
    records = run_triplet_experiment(
  File "/root/context/ActivationPerturbationAnalysis/src/experiment.py", line 305, in run_triplet_experiment
    skip_hidden = extract_hidden_states(model, triplet.seq_skip_ids)
  File "/usr/local/lib/python3.10/dist-packages/torch/utils/_contextlib.py", line 116, in decorate_context
    return func(*args, **kwargs)
  File "/root/context/ActivationPerturbationAnalysis/src/model.py", line 100, in extract_hidden_states
    hidden_states = torch.stack(
torch.OutOfMemoryError: CUDA out of memory. Tried to allocate 21.76 GiB. GPU 0 has a total capacity of 79.32 GiB of which 1.78 GiB is free. Process 3497353 has 77.53 GiB memory in use. Of the allocated memory 68.39 GiB is allocated by PyTorch, and 8.65 GiB is reserved by PyTorch but unallocated. If reserved but unallocated memory is large try setting PYTORCH_CUDA_ALLOC_CONF=expandable_segments:True to avoid fragmentation.  See documentation for Memory Management  (https://pytorch.org/docs/stable/notes/cuda.html#environment-variables)
2026-03-15 14:53:00,653 [INFO] src.sweep: [485/915] Running triplet 547de5e13b7ae868 — chain=subagent-9d61c99e triplet=7 (prompts 572→573→574)
2026-03-15 14:53:27,491 [ERROR] src.sweep: Triplet experiment 547de5e13b7ae868 failed.
Traceback (most recent call last):
  File "/root/context/ActivationPerturbationAnalysis/src/sweep.py", line 283, in run_sweep
    records = run_triplet_experiment(
  File "/root/context/ActivationPerturbationAnalysis/src/experiment.py", line 299, in run_triplet_experiment
    full_hidden = extract_hidden_states(model, triplet.seq_full_ids)
  File "/usr/local/lib/python3.10/dist-packages/torch/utils/_contextlib.py", line 116, in decorate_context
    return func(*args, **kwargs)
  File "/root/context/ActivationPerturbationAnalysis/src/model.py", line 100, in extract_hidden_states
    hidden_states = torch.stack(
torch.OutOfMemoryError: CUDA out of memory. Tried to allocate 35.23 GiB. GPU 0 has a total capacity of 79.32 GiB of which 1.78 GiB is free. Process 3497353 has 77.53 GiB memory in use. Of the allocated memory 65.17 GiB is allocated by PyTorch, and 11.87 GiB is reserved by PyTorch but unallocated. If reserved but unallocated memory is large try setting PYTORCH_CUDA_ALLOC_CONF=expandable_segments:True to avoid fragmentation.  See documentation for Memory Management  (https://pytorch.org/docs/stable/notes/cuda.html#environment-variables)
2026-03-15 14:53:27,494 [INFO] src.sweep: [486/915] Running triplet 429144fee5bea045 — chain=subagent-9e9ab5d8 triplet=0 (prompts 575→576→577)
2026-03-15 14:53:33,032 [INFO] src.sweep: [487/915] Running triplet c152b0ff56ff3303 — chain=subagent-9e9ab5d8 triplet=1 (prompts 576→577→578)
2026-03-15 14:53:40,112 [INFO] src.sweep: [488/915] Running triplet f895eae5a9713fc5 — chain=subagent-9e9ab5d8 triplet=2 (prompts 577→578→579)
2026-03-15 14:53:55,314 [INFO] src.sweep: [489/915] Running triplet 041dae9d0bdfbccc — chain=subagent-9e9ab5d8 triplet=3 (prompts 578→579→580)
2026-03-15 14:54:10,433 [INFO] src.sweep: [490/915] Running triplet 081269c06d0b3545 — chain=subagent-9e9ab5d8 triplet=4 (prompts 579→580→581)
2026-03-15 14:54:31,855 [INFO] src.sweep: [491/915] Running triplet 2d8dec15c07953ea — chain=subagent-9e9ab5d8 triplet=5 (prompts 580→581→582)
2026-03-15 14:54:54,561 [INFO] src.storage: Flushed 40690 records to Qwen2.5-32B-prompt-diff-results/results_part_000043.parquet.
2026-03-15 14:54:54,570 [INFO] src.sweep: [492/915] Running triplet 46c5172c5928f451 — chain=subagent-9e9ab5d8 triplet=6 (prompts 581→582→583)
2026-03-15 14:55:25,765 [ERROR] src.sweep: Triplet experiment 46c5172c5928f451 failed.
Traceback (most recent call last):
  File "/root/context/ActivationPerturbationAnalysis/src/sweep.py", line 283, in run_sweep
    records = run_triplet_experiment(
  File "/root/context/ActivationPerturbationAnalysis/src/experiment.py", line 305, in run_triplet_experiment
    skip_hidden = extract_hidden_states(model, triplet.seq_skip_ids)
  File "/usr/local/lib/python3.10/dist-packages/torch/utils/_contextlib.py", line 116, in decorate_context
    return func(*args, **kwargs)
  File "/root/context/ActivationPerturbationAnalysis/src/model.py", line 100, in extract_hidden_states
    hidden_states = torch.stack(
torch.OutOfMemoryError: CUDA out of memory. Tried to allocate 22.86 GiB. GPU 0 has a total capacity of 79.32 GiB of which 6.06 GiB is free. Process 3497353 has 73.26 GiB memory in use. Of the allocated memory 70.32 GiB is allocated by PyTorch, and 2.45 GiB is reserved by PyTorch but unallocated. If reserved but unallocated memory is large try setting PYTORCH_CUDA_ALLOC_CONF=expandable_segments:True to avoid fragmentation.  See documentation for Memory Management  (https://pytorch.org/docs/stable/notes/cuda.html#environment-variables)
2026-03-15 14:55:25,767 [INFO] src.sweep: [493/915] Running triplet 10bfc03973920389 — chain=subagent-9e9ab5d8 triplet=7 (prompts 582→583→584)
2026-03-15 14:55:43,635 [ERROR] src.sweep: Triplet experiment 10bfc03973920389 failed.
Traceback (most recent call last):
  File "/root/context/ActivationPerturbationAnalysis/src/sweep.py", line 283, in run_sweep
    records = run_triplet_experiment(
  File "/root/context/ActivationPerturbationAnalysis/src/experiment.py", line 299, in run_triplet_experiment
    full_hidden = extract_hidden_states(model, triplet.seq_full_ids)
  File "/usr/local/lib/python3.10/dist-packages/torch/utils/_contextlib.py", line 116, in decorate_context
    return func(*args, **kwargs)
  File "/root/context/ActivationPerturbationAnalysis/src/model.py", line 100, in extract_hidden_states
    hidden_states = torch.stack(
torch.OutOfMemoryError: CUDA out of memory. Tried to allocate 25.55 GiB. GPU 0 has a total capacity of 79.32 GiB of which 19.04 GiB is free. Process 3497353 has 60.27 GiB memory in use. Of the allocated memory 50.40 GiB is allocated by PyTorch, and 9.38 GiB is reserved by PyTorch but unallocated. If reserved but unallocated memory is large try setting PYTORCH_CUDA_ALLOC_CONF=expandable_segments:True to avoid fragmentation.  See documentation for Memory Management  (https://pytorch.org/docs/stable/notes/cuda.html#environment-variables)
2026-03-15 14:55:43,637 [INFO] src.sweep: [494/915] Running triplet b51c1a112210e0ca — chain=subagent-9e9ab5d8 triplet=8 (prompts 583→584→585)
2026-03-15 14:56:01,395 [ERROR] src.sweep: Triplet experiment b51c1a112210e0ca failed.
Traceback (most recent call last):
  File "/root/context/ActivationPerturbationAnalysis/src/sweep.py", line 283, in run_sweep
    records = run_triplet_experiment(
  File "/root/context/ActivationPerturbationAnalysis/src/experiment.py", line 299, in run_triplet_experiment
    full_hidden = extract_hidden_states(model, triplet.seq_full_ids)
  File "/usr/local/lib/python3.10/dist-packages/torch/utils/_contextlib.py", line 116, in decorate_context
    return func(*args, **kwargs)
  File "/root/context/ActivationPerturbationAnalysis/src/model.py", line 100, in extract_hidden_states
    hidden_states = torch.stack(
torch.OutOfMemoryError: CUDA out of memory. Tried to allocate 25.81 GiB. GPU 0 has a total capacity of 79.32 GiB of which 19.04 GiB is free. Process 3497353 has 60.27 GiB memory in use. Of the allocated memory 50.81 GiB is allocated by PyTorch, and 8.97 GiB is reserved by PyTorch but unallocated. If reserved but unallocated memory is large try setting PYTORCH_CUDA_ALLOC_CONF=expandable_segments:True to avoid fragmentation.  See documentation for Memory Management  (https://pytorch.org/docs/stable/notes/cuda.html#environment-variables)
2026-03-15 14:56:01,398 [INFO] src.sweep: [495/915] Running triplet 6423a3cbc384f944 — chain=subagent-9e9ab5d8 triplet=9 (prompts 584→585→586)
2026-03-15 14:56:20,545 [ERROR] src.sweep: Triplet experiment 6423a3cbc384f944 failed.
Traceback (most recent call last):
  File "/root/context/ActivationPerturbationAnalysis/src/sweep.py", line 283, in run_sweep
    records = run_triplet_experiment(
  File "/root/context/ActivationPerturbationAnalysis/src/experiment.py", line 299, in run_triplet_experiment
    full_hidden = extract_hidden_states(model, triplet.seq_full_ids)
  File "/usr/local/lib/python3.10/dist-packages/torch/utils/_contextlib.py", line 116, in decorate_context
    return func(*args, **kwargs)
  File "/root/context/ActivationPerturbationAnalysis/src/model.py", line 100, in extract_hidden_states
    hidden_states = torch.stack(
torch.OutOfMemoryError: CUDA out of memory. Tried to allocate 27.32 GiB. GPU 0 has a total capacity of 79.32 GiB of which 19.41 GiB is free. Process 3497353 has 59.90 GiB memory in use. Of the allocated memory 53.11 GiB is allocated by PyTorch, and 6.29 GiB is reserved by PyTorch but unallocated. If reserved but unallocated memory is large try setting PYTORCH_CUDA_ALLOC_CONF=expandable_segments:True to avoid fragmentation.  See documentation for Memory Management  (https://pytorch.org/docs/stable/notes/cuda.html#environment-variables)
2026-03-15 14:56:20,547 [INFO] src.sweep: [496/915] Running triplet b1477b51638d924b — chain=subagent-9e9ab5d8 triplet=10 (prompts 585→586→587)
2026-03-15 14:56:45,856 [ERROR] src.sweep: Triplet experiment b1477b51638d924b failed.
Traceback (most recent call last):
  File "/root/context/ActivationPerturbationAnalysis/src/sweep.py", line 283, in run_sweep
    records = run_triplet_experiment(
  File "/root/context/ActivationPerturbationAnalysis/src/experiment.py", line 299, in run_triplet_experiment
    full_hidden = extract_hidden_states(model, triplet.seq_full_ids)
  File "/usr/local/lib/python3.10/dist-packages/torch/utils/_contextlib.py", line 116, in decorate_context
    return func(*args, **kwargs)
  File "/root/context/ActivationPerturbationAnalysis/src/model.py", line 100, in extract_hidden_states
    hidden_states = torch.stack(
torch.OutOfMemoryError: CUDA out of memory. Tried to allocate 32.98 GiB. GPU 0 has a total capacity of 79.32 GiB of which 14.84 GiB is free. Process 3497353 has 64.47 GiB memory in use. Of the allocated memory 61.73 GiB is allocated by PyTorch, and 2.24 GiB is reserved by PyTorch but unallocated. If reserved but unallocated memory is large try setting PYTORCH_CUDA_ALLOC_CONF=expandable_segments:True to avoid fragmentation.  See documentation for Memory Management  (https://pytorch.org/docs/stable/notes/cuda.html#environment-variables)
2026-03-15 14:56:45,858 [INFO] src.sweep: [497/915] Running triplet 4eb62a81b23c68d9 — chain=subagent-9e9ab5d8 triplet=11 (prompts 586→587→588)
2026-03-15 14:57:12,112 [ERROR] src.sweep: Triplet experiment 4eb62a81b23c68d9 failed.
Traceback (most recent call last):
  File "/root/context/ActivationPerturbationAnalysis/src/sweep.py", line 283, in run_sweep
    records = run_triplet_experiment(
  File "/root/context/ActivationPerturbationAnalysis/src/experiment.py", line 299, in run_triplet_experiment
    full_hidden = extract_hidden_states(model, triplet.seq_full_ids)
  File "/usr/local/lib/python3.10/dist-packages/torch/utils/_contextlib.py", line 116, in decorate_context
    return func(*args, **kwargs)
  File "/root/context/ActivationPerturbationAnalysis/src/model.py", line 100, in extract_hidden_states
    hidden_states = torch.stack(
torch.OutOfMemoryError: CUDA out of memory. Tried to allocate 34.58 GiB. GPU 0 has a total capacity of 79.32 GiB of which 12.00 GiB is free. Process 3497353 has 67.31 GiB memory in use. Of the allocated memory 64.16 GiB is allocated by PyTorch, and 2.65 GiB is reserved by PyTorch but unallocated. If reserved but unallocated memory is large try setting PYTORCH_CUDA_ALLOC_CONF=expandable_segments:True to avoid fragmentation.  See documentation for Memory Management  (https://pytorch.org/docs/stable/notes/cuda.html#environment-variables)
2026-03-15 14:57:12,115 [INFO] src.sweep: [498/915] Running triplet 0f80a21d48354750 — chain=subagent-a0c92e52 triplet=0 (prompts 589→590→591)
2026-03-15 14:57:13,914 [INFO] src.sweep: [499/915] Running triplet 582548b04aee83f6 — chain=subagent-a0c92e52 triplet=1 (prompts 590→591→592)
2026-03-15 14:58:38,075 [ERROR] src.sweep: Triplet experiment 582548b04aee83f6 failed.
Traceback (most recent call last):
  File "/root/context/ActivationPerturbationAnalysis/src/sweep.py", line 283, in run_sweep
    records = run_triplet_experiment(
  File "/root/context/ActivationPerturbationAnalysis/src/experiment.py", line 299, in run_triplet_experiment
    full_hidden = extract_hidden_states(model, triplet.seq_full_ids)
  File "/usr/local/lib/python3.10/dist-packages/torch/utils/_contextlib.py", line 116, in decorate_context
    return func(*args, **kwargs)
  File "/root/context/ActivationPerturbationAnalysis/src/model.py", line 95, in extract_hidden_states
    outputs = model(input_ids=input_ids, output_hidden_states=True)
  File "/usr/local/lib/python3.10/dist-packages/torch/nn/modules/module.py", line 1751, in _wrapped_call_impl
    return self._call_impl(*args, **kwargs)
  File "/usr/local/lib/python3.10/dist-packages/torch/nn/modules/module.py", line 1762, in _call_impl
    return forward_call(*args, **kwargs)
  File "/usr/local/lib/python3.10/dist-packages/accelerate/hooks.py", line 176, in new_forward
    return module._hf_hook.post_forward(module, output)
  File "/usr/local/lib/python3.10/dist-packages/accelerate/hooks.py", line 400, in post_forward
    output = send_to_device(output, self.input_device, skip_keys=self.skip_keys)
  File "/usr/local/lib/python3.10/dist-packages/accelerate/utils/operations.py", line 178, in send_to_device
    {
  File "/usr/local/lib/python3.10/dist-packages/accelerate/utils/operations.py", line 179, in <dictcomp>
    k: t if k in skip_keys else send_to_device(t, device, non_blocking=non_blocking, skip_keys=skip_keys)
  File "/usr/local/lib/python3.10/dist-packages/accelerate/utils/operations.py", line 169, in send_to_device
    return honor_type(
  File "/usr/local/lib/python3.10/dist-packages/accelerate/utils/operations.py", line 81, in honor_type
    return type(obj)(generator)
  File "/usr/local/lib/python3.10/dist-packages/accelerate/utils/operations.py", line 170, in <genexpr>
    tensor, (send_to_device(t, device, non_blocking=non_blocking, skip_keys=skip_keys) for t in tensor)
  File "/usr/local/lib/python3.10/dist-packages/accelerate/utils/operations.py", line 153, in send_to_device
    return tensor.to(device, non_blocking=non_blocking)
torch.OutOfMemoryError: CUDA out of memory. Tried to allocate 1.17 GiB. GPU 0 has a total capacity of 79.32 GiB of which 111.00 MiB is free. Process 3497353 has 79.20 GiB memory in use. Of the allocated memory 78.22 GiB is allocated by PyTorch, and 497.79 MiB is reserved by PyTorch but unallocated. If reserved but unallocated memory is large try setting PYTORCH_CUDA_ALLOC_CONF=expandable_segments:True to avoid fragmentation.  See documentation for Memory Management  (https://pytorch.org/docs/stable/notes/cuda.html#environment-variables)
2026-03-15 14:58:38,079 [INFO] src.sweep: [500/915] Running triplet d550397b5abc918b — chain=subagent-a0c92e52 triplet=2 (prompts 591→592→593)
2026-03-15 15:00:05,689 [ERROR] src.sweep: Triplet experiment d550397b5abc918b failed.
Traceback (most recent call last):
  File "/root/context/ActivationPerturbationAnalysis/src/sweep.py", line 283, in run_sweep
    records = run_triplet_experiment(
  File "/root/context/ActivationPerturbationAnalysis/src/experiment.py", line 299, in run_triplet_experiment
    full_hidden = extract_hidden_states(model, triplet.seq_full_ids)
  File "/usr/local/lib/python3.10/dist-packages/torch/utils/_contextlib.py", line 116, in decorate_context
    return func(*args, **kwargs)
  File "/root/context/ActivationPerturbationAnalysis/src/model.py", line 95, in extract_hidden_states
    outputs = model(input_ids=input_ids, output_hidden_states=True)
  File "/usr/local/lib/python3.10/dist-packages/torch/nn/modules/module.py", line 1751, in _wrapped_call_impl
    return self._call_impl(*args, **kwargs)
  File "/usr/local/lib/python3.10/dist-packages/torch/nn/modules/module.py", line 1762, in _call_impl
    return forward_call(*args, **kwargs)
  File "/usr/local/lib/python3.10/dist-packages/accelerate/hooks.py", line 176, in new_forward
    return module._hf_hook.post_forward(module, output)
  File "/usr/local/lib/python3.10/dist-packages/accelerate/hooks.py", line 400, in post_forward
    output = send_to_device(output, self.input_device, skip_keys=self.skip_keys)
  File "/usr/local/lib/python3.10/dist-packages/accelerate/utils/operations.py", line 178, in send_to_device
    {
  File "/usr/local/lib/python3.10/dist-packages/accelerate/utils/operations.py", line 179, in <dictcomp>
    k: t if k in skip_keys else send_to_device(t, device, non_blocking=non_blocking, skip_keys=skip_keys)
  File "/usr/local/lib/python3.10/dist-packages/accelerate/utils/operations.py", line 153, in send_to_device
    return tensor.to(device, non_blocking=non_blocking)
torch.OutOfMemoryError: CUDA out of memory. Tried to allocate 35.03 GiB. GPU 0 has a total capacity of 79.32 GiB of which 9.47 GiB is free. Process 3497353 has 69.84 GiB memory in use. Of the allocated memory 30.79 GiB is allocated by PyTorch, and 38.55 GiB is reserved by PyTorch but unallocated. If reserved but unallocated memory is large try setting PYTORCH_CUDA_ALLOC_CONF=expandable_segments:True to avoid fragmentation.  See documentation for Memory Management  (https://pytorch.org/docs/stable/notes/cuda.html#environment-variables)
2026-03-15 15:00:05,693 [INFO] src.sweep: [501/915] Running triplet 9bdd1e14f796fbbe — chain=subagent-a0c92e52 triplet=3 (prompts 592→593→594)
2026-03-15 15:01:34,166 [ERROR] src.sweep: Triplet experiment 9bdd1e14f796fbbe failed.
Traceback (most recent call last):
  File "/root/context/ActivationPerturbationAnalysis/src/sweep.py", line 283, in run_sweep
    records = run_triplet_experiment(
  File "/root/context/ActivationPerturbationAnalysis/src/experiment.py", line 299, in run_triplet_experiment
    full_hidden = extract_hidden_states(model, triplet.seq_full_ids)
  File "/usr/local/lib/python3.10/dist-packages/torch/utils/_contextlib.py", line 116, in decorate_context
    return func(*args, **kwargs)
  File "/root/context/ActivationPerturbationAnalysis/src/model.py", line 95, in extract_hidden_states
    outputs = model(input_ids=input_ids, output_hidden_states=True)
  File "/usr/local/lib/python3.10/dist-packages/torch/nn/modules/module.py", line 1751, in _wrapped_call_impl
    return self._call_impl(*args, **kwargs)
  File "/usr/local/lib/python3.10/dist-packages/torch/nn/modules/module.py", line 1762, in _call_impl
    return forward_call(*args, **kwargs)
  File "/usr/local/lib/python3.10/dist-packages/accelerate/hooks.py", line 176, in new_forward
    return module._hf_hook.post_forward(module, output)
  File "/usr/local/lib/python3.10/dist-packages/accelerate/hooks.py", line 400, in post_forward
    output = send_to_device(output, self.input_device, skip_keys=self.skip_keys)
  File "/usr/local/lib/python3.10/dist-packages/accelerate/utils/operations.py", line 178, in send_to_device
    {
  File "/usr/local/lib/python3.10/dist-packages/accelerate/utils/operations.py", line 179, in <dictcomp>
    k: t if k in skip_keys else send_to_device(t, device, non_blocking=non_blocking, skip_keys=skip_keys)
  File "/usr/local/lib/python3.10/dist-packages/accelerate/utils/operations.py", line 153, in send_to_device
    return tensor.to(device, non_blocking=non_blocking)
torch.OutOfMemoryError: CUDA out of memory. Tried to allocate 35.45 GiB. GPU 0 has a total capacity of 79.32 GiB of which 9.47 GiB is free. Process 3497353 has 69.84 GiB memory in use. Of the allocated memory 31.03 GiB is allocated by PyTorch, and 38.32 GiB is reserved by PyTorch but unallocated. If reserved but unallocated memory is large try setting PYTORCH_CUDA_ALLOC_CONF=expandable_segments:True to avoid fragmentation.  See documentation for Memory Management  (https://pytorch.org/docs/stable/notes/cuda.html#environment-variables)
2026-03-15 15:01:34,171 [INFO] src.sweep: [502/915] Running triplet 4105db9be09dc79e — chain=subagent-a0c92e52 triplet=4 (prompts 593→594→595)
2026-03-15 15:03:04,638 [ERROR] src.sweep: Triplet experiment 4105db9be09dc79e failed.
Traceback (most recent call last):
  File "/root/context/ActivationPerturbationAnalysis/src/sweep.py", line 283, in run_sweep
    records = run_triplet_experiment(
  File "/root/context/ActivationPerturbationAnalysis/src/experiment.py", line 299, in run_triplet_experiment
    full_hidden = extract_hidden_states(model, triplet.seq_full_ids)
  File "/usr/local/lib/python3.10/dist-packages/torch/utils/_contextlib.py", line 116, in decorate_context
    return func(*args, **kwargs)
  File "/root/context/ActivationPerturbationAnalysis/src/model.py", line 95, in extract_hidden_states
    outputs = model(input_ids=input_ids, output_hidden_states=True)
  File "/usr/local/lib/python3.10/dist-packages/torch/nn/modules/module.py", line 1751, in _wrapped_call_impl
    return self._call_impl(*args, **kwargs)
  File "/usr/local/lib/python3.10/dist-packages/torch/nn/modules/module.py", line 1762, in _call_impl
    return forward_call(*args, **kwargs)
  File "/usr/local/lib/python3.10/dist-packages/accelerate/hooks.py", line 175, in new_forward
    output = module._old_forward(*args, **kwargs)
  File "/usr/local/lib/python3.10/dist-packages/transformers/utils/generic.py", line 965, in wrapper
    output = func(self, *args, **kwargs)
  File "/usr/local/lib/python3.10/dist-packages/transformers/utils/deprecation.py", line 172, in wrapped_func
    return func(*args, **kwargs)
  File "/usr/local/lib/python3.10/dist-packages/transformers/models/qwen2/modeling_qwen2.py", line 839, in forward
    logits = self.lm_head(hidden_states[:, slice_indices, :])
  File "/usr/local/lib/python3.10/dist-packages/torch/nn/modules/module.py", line 1751, in _wrapped_call_impl
    return self._call_impl(*args, **kwargs)
  File "/usr/local/lib/python3.10/dist-packages/torch/nn/modules/module.py", line 1762, in _call_impl
    return forward_call(*args, **kwargs)
  File "/usr/local/lib/python3.10/dist-packages/accelerate/hooks.py", line 175, in new_forward
    output = module._old_forward(*args, **kwargs)
  File "/usr/local/lib/python3.10/dist-packages/torch/nn/modules/linear.py", line 125, in forward
    return F.linear(input, self.weight, self.bias)
torch.OutOfMemoryError: CUDA out of memory. Tried to allocate 36.16 GiB. GPU 4 has a total capacity of 79.32 GiB of which 8.74 GiB is free. Process 3497353 has 70.57 GiB memory in use. Of the allocated memory 30.20 GiB is allocated by PyTorch, and 39.87 GiB is reserved by PyTorch but unallocated. If reserved but unallocated memory is large try setting PYTORCH_CUDA_ALLOC_CONF=expandable_segments:True to avoid fragmentation.  See documentation for Memory Management  (https://pytorch.org/docs/stable/notes/cuda.html#environment-variables)
2026-03-15 15:03:04,643 [INFO] src.sweep: [503/915] Running triplet 92184e04ddbc330d — chain=subagent-a0c92e52 triplet=5 (prompts 594→595→596)
2026-03-15 15:04:36,491 [ERROR] src.sweep: Triplet experiment 92184e04ddbc330d failed.
Traceback (most recent call last):
  File "/root/context/ActivationPerturbationAnalysis/src/sweep.py", line 283, in run_sweep
    records = run_triplet_experiment(
  File "/root/context/ActivationPerturbationAnalysis/src/experiment.py", line 299, in run_triplet_experiment
    full_hidden = extract_hidden_states(model, triplet.seq_full_ids)
  File "/usr/local/lib/python3.10/dist-packages/torch/utils/_contextlib.py", line 116, in decorate_context
    return func(*args, **kwargs)
  File "/root/context/ActivationPerturbationAnalysis/src/model.py", line 95, in extract_hidden_states
    outputs = model(input_ids=input_ids, output_hidden_states=True)
  File "/usr/local/lib/python3.10/dist-packages/torch/nn/modules/module.py", line 1751, in _wrapped_call_impl
    return self._call_impl(*args, **kwargs)
  File "/usr/local/lib/python3.10/dist-packages/torch/nn/modules/module.py", line 1762, in _call_impl
    return forward_call(*args, **kwargs)
  File "/usr/local/lib/python3.10/dist-packages/accelerate/hooks.py", line 175, in new_forward
    output = module._old_forward(*args, **kwargs)
  File "/usr/local/lib/python3.10/dist-packages/transformers/utils/generic.py", line 965, in wrapper
    output = func(self, *args, **kwargs)
  File "/usr/local/lib/python3.10/dist-packages/transformers/utils/deprecation.py", line 172, in wrapped_func
    return func(*args, **kwargs)
  File "/usr/local/lib/python3.10/dist-packages/transformers/models/qwen2/modeling_qwen2.py", line 839, in forward
    logits = self.lm_head(hidden_states[:, slice_indices, :])
  File "/usr/local/lib/python3.10/dist-packages/torch/nn/modules/module.py", line 1751, in _wrapped_call_impl
    return self._call_impl(*args, **kwargs)
  File "/usr/local/lib/python3.10/dist-packages/torch/nn/modules/module.py", line 1762, in _call_impl
    return forward_call(*args, **kwargs)
  File "/usr/local/lib/python3.10/dist-packages/accelerate/hooks.py", line 175, in new_forward
    output = module._old_forward(*args, **kwargs)
  File "/usr/local/lib/python3.10/dist-packages/torch/nn/modules/linear.py", line 125, in forward
    return F.linear(input, self.weight, self.bias)
torch.OutOfMemoryError: CUDA out of memory. Tried to allocate 36.51 GiB. GPU 4 has a total capacity of 79.32 GiB of which 8.74 GiB is free. Process 3497353 has 70.57 GiB memory in use. Of the allocated memory 30.38 GiB is allocated by PyTorch, and 39.69 GiB is reserved by PyTorch but unallocated. If reserved but unallocated memory is large try setting PYTORCH_CUDA_ALLOC_CONF=expandable_segments:True to avoid fragmentation.  See documentation for Memory Management  (https://pytorch.org/docs/stable/notes/cuda.html#environment-variables)
2026-03-15 15:04:36,496 [INFO] src.sweep: [504/915] Running triplet a51960016f911b1a — chain=subagent-a0c92e52 triplet=6 (prompts 595→596→597)
2026-03-15 15:06:11,310 [ERROR] src.sweep: Triplet experiment a51960016f911b1a failed.
Traceback (most recent call last):
  File "/root/context/ActivationPerturbationAnalysis/src/sweep.py", line 283, in run_sweep
    records = run_triplet_experiment(
  File "/root/context/ActivationPerturbationAnalysis/src/experiment.py", line 299, in run_triplet_experiment
    full_hidden = extract_hidden_states(model, triplet.seq_full_ids)
  File "/usr/local/lib/python3.10/dist-packages/torch/utils/_contextlib.py", line 116, in decorate_context
    return func(*args, **kwargs)
  File "/root/context/ActivationPerturbationAnalysis/src/model.py", line 95, in extract_hidden_states
    outputs = model(input_ids=input_ids, output_hidden_states=True)
  File "/usr/local/lib/python3.10/dist-packages/torch/nn/modules/module.py", line 1751, in _wrapped_call_impl
    return self._call_impl(*args, **kwargs)
  File "/usr/local/lib/python3.10/dist-packages/torch/nn/modules/module.py", line 1762, in _call_impl
    return forward_call(*args, **kwargs)
  File "/usr/local/lib/python3.10/dist-packages/accelerate/hooks.py", line 175, in new_forward
    output = module._old_forward(*args, **kwargs)
  File "/usr/local/lib/python3.10/dist-packages/transformers/utils/generic.py", line 965, in wrapper
    output = func(self, *args, **kwargs)
  File "/usr/local/lib/python3.10/dist-packages/transformers/utils/deprecation.py", line 172, in wrapped_func
    return func(*args, **kwargs)
  File "/usr/local/lib/python3.10/dist-packages/transformers/models/qwen2/modeling_qwen2.py", line 839, in forward
    logits = self.lm_head(hidden_states[:, slice_indices, :])
  File "/usr/local/lib/python3.10/dist-packages/torch/nn/modules/module.py", line 1751, in _wrapped_call_impl
    return self._call_impl(*args, **kwargs)
  File "/usr/local/lib/python3.10/dist-packages/torch/nn/modules/module.py", line 1762, in _call_impl
    return forward_call(*args, **kwargs)
  File "/usr/local/lib/python3.10/dist-packages/accelerate/hooks.py", line 175, in new_forward
    output = module._old_forward(*args, **kwargs)
  File "/usr/local/lib/python3.10/dist-packages/torch/nn/modules/linear.py", line 125, in forward
    return F.linear(input, self.weight, self.bias)
torch.OutOfMemoryError: CUDA out of memory. Tried to allocate 37.01 GiB. GPU 4 has a total capacity of 79.32 GiB of which 8.74 GiB is free. Process 3497353 has 70.57 GiB memory in use. Of the allocated memory 30.64 GiB is allocated by PyTorch, and 39.43 GiB is reserved by PyTorch but unallocated. If reserved but unallocated memory is large try setting PYTORCH_CUDA_ALLOC_CONF=expandable_segments:True to avoid fragmentation.  See documentation for Memory Management  (https://pytorch.org/docs/stable/notes/cuda.html#environment-variables)
2026-03-15 15:06:11,316 [INFO] src.sweep: [505/915] Running triplet 56b80d8ed7c84bf0 — chain=subagent-a0c92e52 triplet=7 (prompts 596→597→598)
2026-03-15 15:07:45,582 [ERROR] src.sweep: Triplet experiment 56b80d8ed7c84bf0 failed.
Traceback (most recent call last):
  File "/root/context/ActivationPerturbationAnalysis/src/sweep.py", line 283, in run_sweep
    records = run_triplet_experiment(
  File "/root/context/ActivationPerturbationAnalysis/src/experiment.py", line 299, in run_triplet_experiment
    full_hidden = extract_hidden_states(model, triplet.seq_full_ids)
  File "/usr/local/lib/python3.10/dist-packages/torch/utils/_contextlib.py", line 116, in decorate_context
    return func(*args, **kwargs)
  File "/root/context/ActivationPerturbationAnalysis/src/model.py", line 95, in extract_hidden_states
    outputs = model(input_ids=input_ids, output_hidden_states=True)
  File "/usr/local/lib/python3.10/dist-packages/torch/nn/modules/module.py", line 1751, in _wrapped_call_impl
    return self._call_impl(*args, **kwargs)
  File "/usr/local/lib/python3.10/dist-packages/torch/nn/modules/module.py", line 1762, in _call_impl
    return forward_call(*args, **kwargs)
  File "/usr/local/lib/python3.10/dist-packages/accelerate/hooks.py", line 175, in new_forward
    output = module._old_forward(*args, **kwargs)
  File "/usr/local/lib/python3.10/dist-packages/transformers/utils/generic.py", line 965, in wrapper
    output = func(self, *args, **kwargs)
  File "/usr/local/lib/python3.10/dist-packages/transformers/utils/deprecation.py", line 172, in wrapped_func
    return func(*args, **kwargs)
  File "/usr/local/lib/python3.10/dist-packages/transformers/models/qwen2/modeling_qwen2.py", line 839, in forward
    logits = self.lm_head(hidden_states[:, slice_indices, :])
  File "/usr/local/lib/python3.10/dist-packages/torch/nn/modules/module.py", line 1751, in _wrapped_call_impl
    return self._call_impl(*args, **kwargs)
  File "/usr/local/lib/python3.10/dist-packages/torch/nn/modules/module.py", line 1762, in _call_impl
    return forward_call(*args, **kwargs)
  File "/usr/local/lib/python3.10/dist-packages/accelerate/hooks.py", line 175, in new_forward
    output = module._old_forward(*args, **kwargs)
  File "/usr/local/lib/python3.10/dist-packages/torch/nn/modules/linear.py", line 125, in forward
    return F.linear(input, self.weight, self.bias)
torch.OutOfMemoryError: CUDA out of memory. Tried to allocate 37.45 GiB. GPU 4 has a total capacity of 79.32 GiB of which 8.74 GiB is free. Process 3497353 has 70.57 GiB memory in use. Of the allocated memory 30.87 GiB is allocated by PyTorch, and 39.21 GiB is reserved by PyTorch but unallocated. If reserved but unallocated memory is large try setting PYTORCH_CUDA_ALLOC_CONF=expandable_segments:True to avoid fragmentation.  See documentation for Memory Management  (https://pytorch.org/docs/stable/notes/cuda.html#environment-variables)
2026-03-15 15:07:45,586 [INFO] src.sweep: [506/915] Running triplet b7e5d4a2db919e5b — chain=subagent-a0c92e52 triplet=8 (prompts 597→598→599)
2026-03-15 15:09:24,184 [ERROR] src.sweep: Triplet experiment b7e5d4a2db919e5b failed.
Traceback (most recent call last):
  File "/root/context/ActivationPerturbationAnalysis/src/sweep.py", line 283, in run_sweep
    records = run_triplet_experiment(
  File "/root/context/ActivationPerturbationAnalysis/src/experiment.py", line 299, in run_triplet_experiment
    full_hidden = extract_hidden_states(model, triplet.seq_full_ids)
  File "/usr/local/lib/python3.10/dist-packages/torch/utils/_contextlib.py", line 116, in decorate_context
    return func(*args, **kwargs)
  File "/root/context/ActivationPerturbationAnalysis/src/model.py", line 95, in extract_hidden_states
    outputs = model(input_ids=input_ids, output_hidden_states=True)
  File "/usr/local/lib/python3.10/dist-packages/torch/nn/modules/module.py", line 1751, in _wrapped_call_impl
    return self._call_impl(*args, **kwargs)
  File "/usr/local/lib/python3.10/dist-packages/torch/nn/modules/module.py", line 1762, in _call_impl
    return forward_call(*args, **kwargs)
  File "/usr/local/lib/python3.10/dist-packages/accelerate/hooks.py", line 175, in new_forward
    output = module._old_forward(*args, **kwargs)
  File "/usr/local/lib/python3.10/dist-packages/transformers/utils/generic.py", line 965, in wrapper
    output = func(self, *args, **kwargs)
  File "/usr/local/lib/python3.10/dist-packages/transformers/utils/deprecation.py", line 172, in wrapped_func
    return func(*args, **kwargs)
  File "/usr/local/lib/python3.10/dist-packages/transformers/models/qwen2/modeling_qwen2.py", line 839, in forward
    logits = self.lm_head(hidden_states[:, slice_indices, :])
  File "/usr/local/lib/python3.10/dist-packages/torch/nn/modules/module.py", line 1751, in _wrapped_call_impl
    return self._call_impl(*args, **kwargs)
  File "/usr/local/lib/python3.10/dist-packages/torch/nn/modules/module.py", line 1762, in _call_impl
    return forward_call(*args, **kwargs)
  File "/usr/local/lib/python3.10/dist-packages/accelerate/hooks.py", line 175, in new_forward
    output = module._old_forward(*args, **kwargs)
  File "/usr/local/lib/python3.10/dist-packages/torch/nn/modules/linear.py", line 125, in forward
    return F.linear(input, self.weight, self.bias)
torch.OutOfMemoryError: CUDA out of memory. Tried to allocate 38.16 GiB. GPU 4 has a total capacity of 79.32 GiB of which 8.74 GiB is free. Process 3497353 has 70.57 GiB memory in use. Of the allocated memory 31.24 GiB is allocated by PyTorch, and 38.84 GiB is reserved by PyTorch but unallocated. If reserved but unallocated memory is large try setting PYTORCH_CUDA_ALLOC_CONF=expandable_segments:True to avoid fragmentation.  See documentation for Memory Management  (https://pytorch.org/docs/stable/notes/cuda.html#environment-variables)
2026-03-15 15:09:24,189 [INFO] src.sweep: [507/915] Running triplet 0ef4bf0712c6f299 — chain=subagent-a0c92e52 triplet=9 (prompts 598→599→600)
2026-03-15 15:11:06,749 [ERROR] src.sweep: Triplet experiment 0ef4bf0712c6f299 failed.
Traceback (most recent call last):
  File "/root/context/ActivationPerturbationAnalysis/src/sweep.py", line 283, in run_sweep
    records = run_triplet_experiment(
  File "/root/context/ActivationPerturbationAnalysis/src/experiment.py", line 299, in run_triplet_experiment
    full_hidden = extract_hidden_states(model, triplet.seq_full_ids)
  File "/usr/local/lib/python3.10/dist-packages/torch/utils/_contextlib.py", line 116, in decorate_context
    return func(*args, **kwargs)
  File "/root/context/ActivationPerturbationAnalysis/src/model.py", line 95, in extract_hidden_states
    outputs = model(input_ids=input_ids, output_hidden_states=True)
  File "/usr/local/lib/python3.10/dist-packages/torch/nn/modules/module.py", line 1751, in _wrapped_call_impl
    return self._call_impl(*args, **kwargs)
  File "/usr/local/lib/python3.10/dist-packages/torch/nn/modules/module.py", line 1762, in _call_impl
    return forward_call(*args, **kwargs)
  File "/usr/local/lib/python3.10/dist-packages/accelerate/hooks.py", line 175, in new_forward
    output = module._old_forward(*args, **kwargs)
  File "/usr/local/lib/python3.10/dist-packages/transformers/utils/generic.py", line 965, in wrapper
    output = func(self, *args, **kwargs)
  File "/usr/local/lib/python3.10/dist-packages/transformers/utils/deprecation.py", line 172, in wrapped_func
    return func(*args, **kwargs)
  File "/usr/local/lib/python3.10/dist-packages/transformers/models/qwen2/modeling_qwen2.py", line 839, in forward
    logits = self.lm_head(hidden_states[:, slice_indices, :])
  File "/usr/local/lib/python3.10/dist-packages/torch/nn/modules/module.py", line 1751, in _wrapped_call_impl
    return self._call_impl(*args, **kwargs)
  File "/usr/local/lib/python3.10/dist-packages/torch/nn/modules/module.py", line 1762, in _call_impl
    return forward_call(*args, **kwargs)
  File "/usr/local/lib/python3.10/dist-packages/accelerate/hooks.py", line 175, in new_forward
    output = module._old_forward(*args, **kwargs)
  File "/usr/local/lib/python3.10/dist-packages/torch/nn/modules/linear.py", line 125, in forward
    return F.linear(input, self.weight, self.bias)
torch.OutOfMemoryError: CUDA out of memory. Tried to allocate 38.63 GiB. GPU 4 has a total capacity of 79.32 GiB of which 9.91 GiB is free. Process 3497353 has 69.40 GiB memory in use. Of the allocated memory 31.48 GiB is allocated by PyTorch, and 37.42 GiB is reserved by PyTorch but unallocated. If reserved but unallocated memory is large try setting PYTORCH_CUDA_ALLOC_CONF=expandable_segments:True to avoid fragmentation.  See documentation for Memory Management  (https://pytorch.org/docs/stable/notes/cuda.html#environment-variables)
2026-03-15 15:11:06,753 [INFO] src.sweep: [508/915] Running triplet 3006865defc3bb71 — chain=subagent-a0c92e52 triplet=10 (prompts 599→600→601)
2026-03-15 15:12:48,988 [ERROR] src.sweep: Triplet experiment 3006865defc3bb71 failed.
Traceback (most recent call last):
  File "/root/context/ActivationPerturbationAnalysis/src/sweep.py", line 283, in run_sweep
    records = run_triplet_experiment(
  File "/root/context/ActivationPerturbationAnalysis/src/experiment.py", line 299, in run_triplet_experiment
    full_hidden = extract_hidden_states(model, triplet.seq_full_ids)
  File "/usr/local/lib/python3.10/dist-packages/torch/utils/_contextlib.py", line 116, in decorate_context
    return func(*args, **kwargs)
  File "/root/context/ActivationPerturbationAnalysis/src/model.py", line 95, in extract_hidden_states
    outputs = model(input_ids=input_ids, output_hidden_states=True)
  File "/usr/local/lib/python3.10/dist-packages/torch/nn/modules/module.py", line 1751, in _wrapped_call_impl
    return self._call_impl(*args, **kwargs)
  File "/usr/local/lib/python3.10/dist-packages/torch/nn/modules/module.py", line 1762, in _call_impl
    return forward_call(*args, **kwargs)
  File "/usr/local/lib/python3.10/dist-packages/accelerate/hooks.py", line 175, in new_forward
    output = module._old_forward(*args, **kwargs)
  File "/usr/local/lib/python3.10/dist-packages/transformers/utils/generic.py", line 965, in wrapper
    output = func(self, *args, **kwargs)
  File "/usr/local/lib/python3.10/dist-packages/transformers/utils/deprecation.py", line 172, in wrapped_func
    return func(*args, **kwargs)
  File "/usr/local/lib/python3.10/dist-packages/transformers/models/qwen2/modeling_qwen2.py", line 839, in forward
    logits = self.lm_head(hidden_states[:, slice_indices, :])
  File "/usr/local/lib/python3.10/dist-packages/torch/nn/modules/module.py", line 1751, in _wrapped_call_impl
    return self._call_impl(*args, **kwargs)
  File "/usr/local/lib/python3.10/dist-packages/torch/nn/modules/module.py", line 1762, in _call_impl
    return forward_call(*args, **kwargs)
  File "/usr/local/lib/python3.10/dist-packages/accelerate/hooks.py", line 175, in new_forward
    output = module._old_forward(*args, **kwargs)
  File "/usr/local/lib/python3.10/dist-packages/torch/nn/modules/linear.py", line 125, in forward
    return F.linear(input, self.weight, self.bias)
torch.OutOfMemoryError: CUDA out of memory. Tried to allocate 39.32 GiB. GPU 4 has a total capacity of 79.32 GiB of which 9.91 GiB is free. Process 3497353 has 69.40 GiB memory in use. Of the allocated memory 31.84 GiB is allocated by PyTorch, and 37.06 GiB is reserved by PyTorch but unallocated. If reserved but unallocated memory is large try setting PYTORCH_CUDA_ALLOC_CONF=expandable_segments:True to avoid fragmentation.  See documentation for Memory Management  (https://pytorch.org/docs/stable/notes/cuda.html#environment-variables)
2026-03-15 15:12:48,993 [INFO] src.sweep: [509/915] Running triplet 2cbfcf00f23cd6a3 — chain=subagent-a0c92e52 triplet=11 (prompts 600→601→602)
2026-03-15 15:14:36,079 [ERROR] src.sweep: Triplet experiment 2cbfcf00f23cd6a3 failed.
Traceback (most recent call last):
  File "/root/context/ActivationPerturbationAnalysis/src/sweep.py", line 283, in run_sweep
    records = run_triplet_experiment(
  File "/root/context/ActivationPerturbationAnalysis/src/experiment.py", line 299, in run_triplet_experiment
    full_hidden = extract_hidden_states(model, triplet.seq_full_ids)
  File "/usr/local/lib/python3.10/dist-packages/torch/utils/_contextlib.py", line 116, in decorate_context
    return func(*args, **kwargs)
  File "/root/context/ActivationPerturbationAnalysis/src/model.py", line 95, in extract_hidden_states
    outputs = model(input_ids=input_ids, output_hidden_states=True)
  File "/usr/local/lib/python3.10/dist-packages/torch/nn/modules/module.py", line 1751, in _wrapped_call_impl
    return self._call_impl(*args, **kwargs)
  File "/usr/local/lib/python3.10/dist-packages/torch/nn/modules/module.py", line 1762, in _call_impl
    return forward_call(*args, **kwargs)
  File "/usr/local/lib/python3.10/dist-packages/accelerate/hooks.py", line 175, in new_forward
    output = module._old_forward(*args, **kwargs)
  File "/usr/local/lib/python3.10/dist-packages/transformers/utils/generic.py", line 965, in wrapper
    output = func(self, *args, **kwargs)
  File "/usr/local/lib/python3.10/dist-packages/transformers/utils/deprecation.py", line 172, in wrapped_func
    return func(*args, **kwargs)
  File "/usr/local/lib/python3.10/dist-packages/transformers/models/qwen2/modeling_qwen2.py", line 839, in forward
    logits = self.lm_head(hidden_states[:, slice_indices, :])
  File "/usr/local/lib/python3.10/dist-packages/torch/nn/modules/module.py", line 1751, in _wrapped_call_impl
    return self._call_impl(*args, **kwargs)
  File "/usr/local/lib/python3.10/dist-packages/torch/nn/modules/module.py", line 1762, in _call_impl
    return forward_call(*args, **kwargs)
  File "/usr/local/lib/python3.10/dist-packages/accelerate/hooks.py", line 175, in new_forward
    output = module._old_forward(*args, **kwargs)
  File "/usr/local/lib/python3.10/dist-packages/torch/nn/modules/linear.py", line 125, in forward
    return F.linear(input, self.weight, self.bias)
torch.OutOfMemoryError: CUDA out of memory. Tried to allocate 40.03 GiB. GPU 4 has a total capacity of 79.32 GiB of which 9.91 GiB is free. Process 3497353 has 69.40 GiB memory in use. Of the allocated memory 32.21 GiB is allocated by PyTorch, and 36.69 GiB is reserved by PyTorch but unallocated. If reserved but unallocated memory is large try setting PYTORCH_CUDA_ALLOC_CONF=expandable_segments:True to avoid fragmentation.  See documentation for Memory Management  (https://pytorch.org/docs/stable/notes/cuda.html#environment-variables)
2026-03-15 15:14:36,085 [INFO] src.sweep: [510/915] Running triplet 63a7ab0500f393b8 — chain=subagent-a0c92e52 triplet=12 (prompts 601→602→603)
2026-03-15 15:16:27,799 [ERROR] src.sweep: Triplet experiment 63a7ab0500f393b8 failed.
Traceback (most recent call last):
  File "/root/context/ActivationPerturbationAnalysis/src/sweep.py", line 283, in run_sweep
    records = run_triplet_experiment(
  File "/root/context/ActivationPerturbationAnalysis/src/experiment.py", line 299, in run_triplet_experiment
    full_hidden = extract_hidden_states(model, triplet.seq_full_ids)
  File "/usr/local/lib/python3.10/dist-packages/torch/utils/_contextlib.py", line 116, in decorate_context
    return func(*args, **kwargs)
  File "/root/context/ActivationPerturbationAnalysis/src/model.py", line 95, in extract_hidden_states
    outputs = model(input_ids=input_ids, output_hidden_states=True)
  File "/usr/local/lib/python3.10/dist-packages/torch/nn/modules/module.py", line 1751, in _wrapped_call_impl
    return self._call_impl(*args, **kwargs)
  File "/usr/local/lib/python3.10/dist-packages/torch/nn/modules/module.py", line 1762, in _call_impl
    return forward_call(*args, **kwargs)
  File "/usr/local/lib/python3.10/dist-packages/accelerate/hooks.py", line 175, in new_forward
    output = module._old_forward(*args, **kwargs)
  File "/usr/local/lib/python3.10/dist-packages/transformers/utils/generic.py", line 965, in wrapper
    output = func(self, *args, **kwargs)
  File "/usr/local/lib/python3.10/dist-packages/transformers/utils/deprecation.py", line 172, in wrapped_func
    return func(*args, **kwargs)
  File "/usr/local/lib/python3.10/dist-packages/transformers/models/qwen2/modeling_qwen2.py", line 839, in forward
    logits = self.lm_head(hidden_states[:, slice_indices, :])
  File "/usr/local/lib/python3.10/dist-packages/torch/nn/modules/module.py", line 1751, in _wrapped_call_impl
    return self._call_impl(*args, **kwargs)
  File "/usr/local/lib/python3.10/dist-packages/torch/nn/modules/module.py", line 1762, in _call_impl
    return forward_call(*args, **kwargs)
  File "/usr/local/lib/python3.10/dist-packages/accelerate/hooks.py", line 175, in new_forward
    output = module._old_forward(*args, **kwargs)
  File "/usr/local/lib/python3.10/dist-packages/torch/nn/modules/linear.py", line 125, in forward
    return F.linear(input, self.weight, self.bias)
torch.OutOfMemoryError: CUDA out of memory. Tried to allocate 40.88 GiB. GPU 4 has a total capacity of 79.32 GiB of which 9.91 GiB is free. Process 3497353 has 69.40 GiB memory in use. Of the allocated memory 32.64 GiB is allocated by PyTorch, and 36.26 GiB is reserved by PyTorch but unallocated. If reserved but unallocated memory is large try setting PYTORCH_CUDA_ALLOC_CONF=expandable_segments:True to avoid fragmentation.  See documentation for Memory Management  (https://pytorch.org/docs/stable/notes/cuda.html#environment-variables)
2026-03-15 15:16:27,805 [INFO] src.sweep: [511/915] Running triplet 88b1238716b7372c — chain=subagent-a389b21e triplet=0 (prompts 604→605→606)
2026-03-15 15:16:29,829 [INFO] src.sweep: [512/915] Running triplet 9fd3bbe3e8bc9e9b — chain=subagent-a389b21e triplet=1 (prompts 605→606→607)
2026-03-15 15:16:33,428 [INFO] src.sweep: [513/915] Running triplet f9b0288a47579308 — chain=subagent-a389b21e triplet=2 (prompts 606→607→608)
2026-03-15 15:16:37,676 [INFO] src.sweep: [514/915] Running triplet 70f4809ea201ce31 — chain=subagent-a389b21e triplet=3 (prompts 607→608→609)
2026-03-15 15:16:43,718 [INFO] src.sweep: [515/915] Running triplet 290d2dbf7f2d9073 — chain=subagent-a43ec3e6 triplet=0 (prompts 610→611→612)
2026-03-15 15:16:45,778 [INFO] src.sweep: [516/915] Running triplet 8d03a17cfbbad333 — chain=subagent-a43ec3e6 triplet=1 (prompts 611→612→613)
2026-03-15 15:16:49,456 [INFO] src.sweep: [517/915] Running triplet 31da8f75e292d49f — chain=subagent-a43ec3e6 triplet=2 (prompts 612→613→614)
2026-03-15 15:16:54,282 [INFO] src.sweep: [518/915] Running triplet 6fee97f37732e43d — chain=subagent-a43ec3e6 triplet=3 (prompts 613→614→615)
2026-03-15 15:17:00,213 [INFO] src.sweep: [519/915] Running triplet 948f1580139c2756 — chain=subagent-a43ec3e6 triplet=4 (prompts 614→615→616)
2026-03-15 15:17:07,384 [INFO] src.storage: Flushed 20150 records to Qwen2.5-32B-prompt-diff-results/results_part_000044.parquet.
2026-03-15 15:17:07,390 [INFO] src.sweep: [520/915] Running triplet 9d08e9bd03bd0110 — chain=subagent-a43ec3e6 triplet=5 (prompts 615→616→617)
2026-03-15 15:17:17,467 [INFO] src.sweep: [521/915] Running triplet a2e343367618c8fe — chain=subagent-a43ec3e6 triplet=6 (prompts 616→617→618)
2026-03-15 15:17:27,911 [INFO] src.sweep: [522/915] Running triplet 1320f67c99dce91b — chain=subagent-a43ec3e6 triplet=7 (prompts 617→618→619)
2026-03-15 15:17:42,884 [INFO] src.sweep: [523/915] Running triplet 0c2a672b93bdef9b — chain=subagent-a43ec3e6 triplet=8 (prompts 618→619→620)
2026-03-15 15:17:58,458 [INFO] src.sweep: [524/915] Running triplet f7415962e56019c5 — chain=subagent-a43ec3e6 triplet=9 (prompts 619→620→621)
2026-03-15 15:18:17,251 [INFO] src.sweep: [525/915] Running triplet 2afb27eadfbb769f — chain=subagent-a43ec3e6 triplet=10 (prompts 620→621→622)
2026-03-15 15:18:37,922 [INFO] src.sweep: [526/915] Running triplet 0c86a3100e794b8e — chain=subagent-a43ec3e6 triplet=11 (prompts 621→622→623)
2026-03-15 15:19:01,363 [INFO] src.sweep: [527/915] Running triplet eec01cd6e733967f — chain=subagent-a43ec3e6 triplet=12 (prompts 622→623→624)
2026-03-15 15:19:27,553 [ERROR] src.sweep: Triplet experiment eec01cd6e733967f failed.
Traceback (most recent call last):
  File "/root/context/ActivationPerturbationAnalysis/src/sweep.py", line 283, in run_sweep
    records = run_triplet_experiment(
  File "/root/context/ActivationPerturbationAnalysis/src/experiment.py", line 305, in run_triplet_experiment
    skip_hidden = extract_hidden_states(model, triplet.seq_skip_ids)
  File "/usr/local/lib/python3.10/dist-packages/torch/utils/_contextlib.py", line 116, in decorate_context
    return func(*args, **kwargs)
  File "/root/context/ActivationPerturbationAnalysis/src/model.py", line 100, in extract_hidden_states
    hidden_states = torch.stack(
torch.OutOfMemoryError: CUDA out of memory. Tried to allocate 19.55 GiB. GPU 0 has a total capacity of 79.32 GiB of which 12.88 GiB is free. Process 3497353 has 66.43 GiB memory in use. Of the allocated memory 62.59 GiB is allocated by PyTorch, and 3.35 GiB is reserved by PyTorch but unallocated. If reserved but unallocated memory is large try setting PYTORCH_CUDA_ALLOC_CONF=expandable_segments:True to avoid fragmentation.  See documentation for Memory Management  (https://pytorch.org/docs/stable/notes/cuda.html#environment-variables)
2026-03-15 15:19:27,556 [INFO] src.sweep: [528/915] Running triplet e80a962e9fd4c8c1 — chain=subagent-a770addf triplet=0 (prompts 625→626→627)
2026-03-15 15:19:28,666 [INFO] src.sweep: [529/915] Running triplet 863ffca4276c34c6 — chain=subagent-a770addf triplet=1 (prompts 626→627→628)
2026-03-15 15:19:30,874 [INFO] src.sweep: [530/915] Running triplet aa6895657d323f1c — chain=subagent-a770addf triplet=2 (prompts 627→628→629)
2026-03-15 15:19:32,799 [INFO] src.storage: Flushed 23140 records to Qwen2.5-32B-prompt-diff-results/results_part_000045.parquet.
2026-03-15 15:19:32,804 [INFO] src.sweep: [531/915] Running triplet be027e286596153f — chain=subagent-a770addf triplet=3 (prompts 628→629→630)
2026-03-15 15:19:35,703 [INFO] src.sweep: [532/915] Running triplet ef1b1d7ae4b8fd29 — chain=subagent-a770addf triplet=4 (prompts 629→630→631)
2026-03-15 15:19:38,625 [INFO] src.sweep: [533/915] Running triplet 9379a39d6b8df08d — chain=subagent-a770addf triplet=5 (prompts 630→631→632)
2026-03-15 15:19:42,327 [INFO] src.sweep: [534/915] Running triplet 4493d25445be5f9b — chain=subagent-a770addf triplet=6 (prompts 631→632→633)
2026-03-15 15:19:47,749 [INFO] src.sweep: [535/915] Running triplet 35895596a366fb00 — chain=subagent-a770addf triplet=7 (prompts 632→633→634)
2026-03-15 15:19:53,398 [INFO] src.sweep: [536/915] Running triplet dcf23735803dca40 — chain=subagent-a770addf triplet=8 (prompts 633→634→635)
2026-03-15 15:20:00,959 [INFO] src.sweep: [537/915] Running triplet 461aec6aed2a7098 — chain=subagent-a770addf triplet=9 (prompts 634→635→636)
2026-03-15 15:20:08,971 [INFO] src.sweep: [538/915] Running triplet 4725b80d9ecf1abb — chain=subagent-a770addf triplet=10 (prompts 635→636→637)
2026-03-15 15:20:18,460 [INFO] src.sweep: [539/915] Running triplet 4f3050764aa2ae33 — chain=subagent-a770addf triplet=11 (prompts 636→637→638)
2026-03-15 15:20:29,062 [INFO] src.sweep: [540/915] Running triplet 7e4db58e7f270be2 — chain=subagent-a770addf triplet=12 (prompts 637→638→639)
2026-03-15 15:20:39,754 [INFO] src.storage: Flushed 16900 records to Qwen2.5-32B-prompt-diff-results/results_part_000046.parquet.
2026-03-15 15:20:39,759 [INFO] src.sweep: [541/915] Running triplet 131d4ad50627e201 — chain=subagent-aa21f027 triplet=0 (prompts 640→641→642)
2026-03-15 15:20:40,692 [INFO] src.sweep: [542/915] Running triplet 291545f961ae6f58 — chain=subagent-aa21f027 triplet=1 (prompts 641→642→643)
2026-03-15 15:20:42,106 [INFO] src.sweep: [543/915] Running triplet e546d28fc505b4c1 — chain=subagent-aa21f027 triplet=2 (prompts 642→643→644)
2026-03-15 15:20:43,367 [INFO] src.sweep: [544/915] Running triplet e68bc332b6f86dad — chain=subagent-aa21f027 triplet=3 (prompts 643→644→645)
2026-03-15 15:20:44,874 [INFO] src.sweep: [545/915] Running triplet c733ff52b4c86e95 — chain=subagent-aa21f027 triplet=4 (prompts 644→645→646)
2026-03-15 15:20:46,937 [INFO] src.sweep: [546/915] Running triplet 0ffe2bc3ed7ba62d — chain=subagent-aa21f027 triplet=5 (prompts 645→646→647)
2026-03-15 15:20:49,348 [INFO] src.sweep: [547/915] Running triplet acd45dc78014fa1a — chain=subagent-aa21f027 triplet=6 (prompts 646→647→648)
2026-03-15 15:20:52,559 [INFO] src.sweep: [548/915] Running triplet e027459799f9709d — chain=subagent-aa21f027 triplet=7 (prompts 647→648→649)
2026-03-15 15:20:55,668 [INFO] src.sweep: [549/915] Running triplet d7e314c2b2af5cc6 — chain=subagent-aa21f027 triplet=8 (prompts 648→649→650)
2026-03-15 15:20:59,769 [INFO] src.sweep: [550/915] Running triplet b5b62f7ea06e09ed — chain=subagent-aa21f027 triplet=9 (prompts 649→650→651)
2026-03-15 15:21:03,829 [INFO] src.storage: Flushed 12415 records to Qwen2.5-32B-prompt-diff-results/results_part_000047.parquet.
2026-03-15 15:21:03,833 [INFO] src.sweep: [551/915] Running triplet 0ca9fcb7e960a81f — chain=subagent-aa21f027 triplet=10 (prompts 650→651→652)
2026-03-15 15:21:09,260 [INFO] src.sweep: [552/915] Running triplet d57ef8e20b1e697e — chain=subagent-aa21f027 triplet=11 (prompts 651→652→653)
2026-03-15 15:21:15,511 [INFO] src.sweep: [553/915] Running triplet 309e0fcc57fbf6cf — chain=subagent-aa21f027 triplet=12 (prompts 652→653→654)
2026-03-15 15:21:21,756 [INFO] src.sweep: [554/915] Running triplet d780e259746280fc — chain=subagent-aa99f81f triplet=0 (prompts 655→656→657)
2026-03-15 15:21:23,905 [INFO] src.sweep: [555/915] Running triplet bcf372fbebdc9fde — chain=subagent-aa99f81f triplet=1 (prompts 656→657→658)
2026-03-15 15:21:25,865 [INFO] src.sweep: [556/915] Running triplet bef4dcfa5fc3528a — chain=subagent-aa99f81f triplet=2 (prompts 657→658→659)
2026-03-15 15:21:28,820 [INFO] src.sweep: [557/915] Running triplet 27e51bdb1ead30da — chain=subagent-aa99f81f triplet=3 (prompts 658→659→660)
2026-03-15 15:21:31,774 [INFO] src.sweep: [558/915] Running triplet f8c82b9b46cb15d4 — chain=subagent-aa99f81f triplet=4 (prompts 659→660→661)
2026-03-15 15:21:35,348 [INFO] src.sweep: [559/915] Running triplet 9078430068a2e6a4 — chain=subagent-aa99f81f triplet=5 (prompts 660→661→662)
2026-03-15 15:21:38,845 [INFO] src.sweep: [560/915] Running triplet 2154e3377a152d70 — chain=subagent-aa99f81f triplet=6 (prompts 661→662→663)
2026-03-15 15:21:43,213 [INFO] src.storage: Flushed 14430 records to Qwen2.5-32B-prompt-diff-results/results_part_000048.parquet.
2026-03-15 15:21:43,218 [INFO] src.sweep: [561/915] Running triplet 0c16e1f3ef249ef7 — chain=subagent-aa99f81f triplet=7 (prompts 662→663→664)
2026-03-15 15:21:47,365 [INFO] src.sweep: [562/915] Running triplet e081ef8bd3dce53d — chain=subagent-aa99f81f triplet=8 (prompts 663→664→665)
2026-03-15 15:21:52,523 [INFO] src.sweep: [563/915] Running triplet 86e6fffa61d6c8c8 — chain=subagent-aa99f81f triplet=9 (prompts 664→665→666)
2026-03-15 15:21:57,356 [INFO] src.sweep: [564/915] Running triplet 5dfda2587abfcd6b — chain=subagent-aa99f81f triplet=10 (prompts 665→666→667)
2026-03-15 15:22:03,384 [INFO] src.sweep: [565/915] Running triplet caf707a228ddf16b — chain=subagent-aa99f81f triplet=11 (prompts 666→667→668)
2026-03-15 15:22:11,340 [INFO] src.sweep: [566/915] Running triplet f00c5a62111149ec — chain=subagent-aa99f81f triplet=12 (prompts 667→668→669)
2026-03-15 15:22:19,099 [INFO] src.sweep: [567/915] Running triplet cd62f2712655e4bf — chain=subagent-ac168c8f triplet=0 (prompts 670→671→672)
2026-03-15 15:22:21,037 [INFO] src.sweep: [568/915] Running triplet 18a00348ceb530e0 — chain=subagent-ac168c8f triplet=1 (prompts 671→672→673)
2026-03-15 15:22:23,938 [INFO] src.sweep: [569/915] Running triplet c2fe8a460b9ebbba — chain=subagent-ac168c8f triplet=2 (prompts 672→673→674)
2026-03-15 15:22:26,970 [INFO] src.sweep: [570/915] Running triplet 8ab573e74689dcbc — chain=subagent-ac2e490d triplet=0 (prompts 675→676→677)
2026-03-15 15:22:28,029 [INFO] src.storage: Flushed 15795 records to Qwen2.5-32B-prompt-diff-results/results_part_000049.parquet.
2026-03-15 15:22:28,033 [INFO] src.sweep: [571/915] Running triplet 996c2ea0e4de5567 — chain=subagent-ac2e490d triplet=1 (prompts 676→677→678)
2026-03-15 15:22:29,268 [INFO] src.sweep: [572/915] Running triplet 7fad8ac832d0f4f7 — chain=subagent-ac2e490d triplet=2 (prompts 677→678→679)
2026-03-15 15:22:31,762 [INFO] src.sweep: [573/915] Running triplet a4fd22a020d4af26 — chain=subagent-ac2e490d triplet=3 (prompts 678→679→680)
2026-03-15 15:22:35,544 [INFO] src.sweep: [574/915] Running triplet b6c2ab1ea47fa13d — chain=subagent-ac2e490d triplet=4 (prompts 679→680→681)
2026-03-15 15:22:40,982 [INFO] src.sweep: [575/915] Running triplet ec9a6bf9c45adacb — chain=subagent-ac2e490d triplet=5 (prompts 680→681→682)
2026-03-15 15:22:48,948 [INFO] src.sweep: [576/915] Running triplet 42d2764eb65b3e57 — chain=subagent-ac2e490d triplet=6 (prompts 681→682→683)
2026-03-15 15:22:58,449 [INFO] src.sweep: [577/915] Running triplet dcdd06060e7df47b — chain=subagent-ac2e490d triplet=7 (prompts 682→683→684)
2026-03-15 15:23:10,399 [INFO] src.sweep: [578/915] Running triplet 5e5f38983e209d3d — chain=subagent-ac2e490d triplet=8 (prompts 683→684→685)
2026-03-15 15:23:24,240 [INFO] src.sweep: [579/915] Running triplet f52ccf2ccef6386f — chain=subagent-ac2e490d triplet=9 (prompts 684→685→686)
2026-03-15 15:23:44,243 [INFO] src.sweep: [580/915] Running triplet f3eab85c4f22ed73 — chain=subagent-ac2e490d triplet=10 (prompts 685→686→687)
2026-03-15 15:24:02,572 [INFO] src.storage: Flushed 24245 records to Qwen2.5-32B-prompt-diff-results/results_part_000050.parquet.
2026-03-15 15:24:02,579 [INFO] src.sweep: [581/915] Running triplet c1d3917d96d101ed — chain=subagent-ac2e490d triplet=11 (prompts 686→687→688)
2026-03-15 15:24:23,163 [INFO] src.sweep: [582/915] Running triplet 3f0840205498cc76 — chain=subagent-ac2e490d triplet=12 (prompts 687→688→689)
2026-03-15 15:24:46,022 [INFO] src.sweep: [583/915] Running triplet 02325c8bef578254 — chain=subagent-aca62fef triplet=0 (prompts 690→691→692)
2026-03-15 15:24:47,097 [INFO] src.sweep: [584/915] Running triplet f7b44e4a521a19df — chain=subagent-aca62fef triplet=1 (prompts 691→692→693)
2026-03-15 15:24:48,359 [INFO] src.sweep: [585/915] Running triplet 9b7be352220041cf — chain=subagent-aca62fef triplet=2 (prompts 692→693→694)
2026-03-15 15:24:51,236 [INFO] src.sweep: [586/915] Running triplet 8a90d164eba84254 — chain=subagent-aca62fef triplet=3 (prompts 693→694→695)
2026-03-15 15:24:55,973 [INFO] src.sweep: [587/915] Running triplet d6ed38c7bdbee54f — chain=subagent-aca62fef triplet=4 (prompts 694→695→696)
2026-03-15 15:25:03,864 [INFO] src.sweep: [588/915] Running triplet 542795a955cef7fc — chain=subagent-aca62fef triplet=5 (prompts 695→696→697)
2026-03-15 15:25:15,953 [INFO] src.sweep: [589/915] Running triplet 7de71ff8d5cb67cd — chain=subagent-aca62fef triplet=6 (prompts 696→697→698)
2026-03-15 15:25:33,227 [INFO] src.sweep: [590/915] Running triplet 5e66a61cf782c9a3 — chain=subagent-aca62fef triplet=7 (prompts 697→698→699)
2026-03-15 15:25:51,273 [INFO] src.storage: Flushed 28665 records to Qwen2.5-32B-prompt-diff-results/results_part_000051.parquet.
2026-03-15 15:25:51,280 [INFO] src.sweep: [591/915] Running triplet 9f95013e44615c09 — chain=subagent-afc89da3 triplet=0 (prompts 700→701→702)
2026-03-15 15:25:52,730 [INFO] src.sweep: [592/915] Running triplet a56d8435440aa16a — chain=subagent-afc89da3 triplet=1 (prompts 701→702→703)
2026-03-15 15:25:54,502 [INFO] src.sweep: [593/915] Running triplet 387e2d4270116388 — chain=subagent-afc89da3 triplet=2 (prompts 702→703→704)
2026-03-15 15:25:57,260 [INFO] src.sweep: [594/915] Running triplet 15a2adcbf071212d — chain=subagent-afc89da3 triplet=3 (prompts 703→704→705)
2026-03-15 15:26:00,075 [INFO] src.sweep: [595/915] Running triplet 62ac726a0596746b — chain=subagent-afc89da3 triplet=4 (prompts 704→705→706)
2026-03-15 15:26:03,285 [INFO] src.sweep: [596/915] Running triplet 52fc68080f076869 — chain=subagent-afc89da3 triplet=5 (prompts 705→706→707)
2026-03-15 15:26:07,485 [INFO] src.sweep: [597/915] Running triplet 2128da13a30c2458 — chain=subagent-afc89da3 triplet=6 (prompts 706→707→708)
2026-03-15 15:26:13,173 [INFO] src.sweep: [598/915] Running triplet cff448a2f6165025 — chain=subagent-afc89da3 triplet=7 (prompts 707→708→709)
2026-03-15 15:26:21,101 [INFO] src.sweep: [599/915] Running triplet cdc7c2ce8f955de9 — chain=subagent-afc89da3 triplet=8 (prompts 708→709→710)
2026-03-15 15:26:32,436 [INFO] src.sweep: [600/915] Running triplet 97ef4ea5bde9f68e — chain=subagent-afc89da3 triplet=9 (prompts 709→710→711)
2026-03-15 15:26:48,436 [INFO] src.storage: Flushed 23400 records to Qwen2.5-32B-prompt-diff-results/results_part_000052.parquet.
2026-03-15 15:26:48,442 [INFO] src.sweep: [601/915] Running triplet e2712f10fedf831e — chain=subagent-afc89da3 triplet=10 (prompts 710→711→712)
2026-03-15 15:27:05,403 [INFO] src.sweep: [602/915] Running triplet b61b71833e5b031e — chain=subagent-afc89da3 triplet=11 (prompts 711→712→713)
2026-03-15 15:27:24,836 [INFO] src.sweep: [603/915] Running triplet e00556fbfaf986ac — chain=subagent-afc89da3 triplet=12 (prompts 712→713→714)
2026-03-15 15:27:51,199 [ERROR] src.sweep: Triplet experiment e00556fbfaf986ac failed.
Traceback (most recent call last):
  File "/root/context/ActivationPerturbationAnalysis/src/sweep.py", line 283, in run_sweep
    records = run_triplet_experiment(
  File "/root/context/ActivationPerturbationAnalysis/src/experiment.py", line 305, in run_triplet_experiment
    skip_hidden = extract_hidden_states(model, triplet.seq_skip_ids)
  File "/usr/local/lib/python3.10/dist-packages/torch/utils/_contextlib.py", line 116, in decorate_context
    return func(*args, **kwargs)
  File "/root/context/ActivationPerturbationAnalysis/src/model.py", line 100, in extract_hidden_states
    hidden_states = torch.stack(
torch.OutOfMemoryError: CUDA out of memory. Tried to allocate 20.31 GiB. GPU 0 has a total capacity of 79.32 GiB of which 14.06 GiB is free. Process 3497353 has 65.25 GiB memory in use. Of the allocated memory 63.17 GiB is allocated by PyTorch, and 1.58 GiB is reserved by PyTorch but unallocated. If reserved but unallocated memory is large try setting PYTORCH_CUDA_ALLOC_CONF=expandable_segments:True to avoid fragmentation.  See documentation for Memory Management  (https://pytorch.org/docs/stable/notes/cuda.html#environment-variables)
2026-03-15 15:27:51,201 [INFO] src.sweep: [604/915] Running triplet d48027dac1ff1fb1 — chain=subagent-b041f224 triplet=0 (prompts 715→716→717)
2026-03-15 15:27:52,706 [INFO] src.sweep: [605/915] Running triplet 7a3b98e0bd73a6b3 — chain=subagent-b041f224 triplet=1 (prompts 716→717→718)
2026-03-15 15:27:55,114 [INFO] src.sweep: [606/915] Running triplet cab52cbdb3cad1dc — chain=subagent-b041f224 triplet=2 (prompts 717→718→719)
2026-03-15 15:27:57,686 [INFO] src.sweep: [607/915] Running triplet fd5a89ea0af39146 — chain=subagent-b041f224 triplet=3 (prompts 718→719→720)
2026-03-15 15:28:00,349 [INFO] src.sweep: [608/915] Running triplet a66fea85d794359c — chain=subagent-b041f224 triplet=4 (prompts 719→720→721)
2026-03-15 15:28:04,215 [INFO] src.sweep: [609/915] Running triplet 81309c505b151c90 — chain=subagent-b041f224 triplet=5 (prompts 720→721→722)
2026-03-15 15:28:07,737 [INFO] src.sweep: [610/915] Running triplet a1a386e680a71d48 — chain=subagent-b041f224 triplet=6 (prompts 721→722→723)
2026-03-15 15:28:11,780 [INFO] src.sweep: [611/915] Running triplet 3cfbbbe96211b944 — chain=subagent-b041f224 triplet=7 (prompts 722→723→724)
2026-03-15 15:28:17,120 [INFO] src.storage: Flushed 14170 records to Qwen2.5-32B-prompt-diff-results/results_part_000053.parquet.
2026-03-15 15:28:17,125 [INFO] src.sweep: [612/915] Running triplet 415969e7c7d0167f — chain=subagent-b041f224 triplet=8 (prompts 723→724→725)
2026-03-15 15:28:22,855 [INFO] src.sweep: [613/915] Running triplet 9bdc318334f1adb5 — chain=subagent-b041f224 triplet=9 (prompts 724→725→726)
2026-03-15 15:28:29,550 [INFO] src.sweep: [614/915] Running triplet 2c65f96b30ef2685 — chain=subagent-b041f224 triplet=10 (prompts 725→726→727)
2026-03-15 15:28:36,877 [INFO] src.sweep: [615/915] Running triplet 2c3bafc01e14797a — chain=subagent-b041f224 triplet=11 (prompts 726→727→728)
2026-03-15 15:28:45,631 [INFO] src.sweep: [616/915] Running triplet 0b1c7af3508c0193 — chain=subagent-b041f224 triplet=12 (prompts 727→728→729)
2026-03-15 15:28:55,200 [INFO] src.sweep: [617/915] Running triplet 9dc32363fac87f4d — chain=subagent-b3a89a4e triplet=0 (prompts 730→731→732)
2026-03-15 15:28:57,710 [INFO] src.sweep: [618/915] Running triplet ad87a6bfebfeb1da — chain=subagent-b3a89a4e triplet=1 (prompts 731→732→733)
2026-03-15 15:29:01,054 [INFO] src.sweep: [619/915] Running triplet de11ead6399e165d — chain=subagent-b3a89a4e triplet=2 (prompts 732→733→734)
2026-03-15 15:29:05,985 [INFO] src.sweep: [620/915] Running triplet 9a1d0f0df4c90cc4 — chain=subagent-b3a89a4e triplet=3 (prompts 733→734→735)
2026-03-15 15:29:13,275 [INFO] src.sweep: [621/915] Running triplet c508e9b52a7e1bd1 — chain=subagent-b3a89a4e triplet=4 (prompts 734→735→736)
2026-03-15 15:29:22,800 [INFO] src.storage: Flushed 21840 records to Qwen2.5-32B-prompt-diff-results/results_part_000054.parquet.
2026-03-15 15:29:22,806 [INFO] src.sweep: [622/915] Running triplet aaeabda748268d0e — chain=subagent-b3a89a4e triplet=5 (prompts 735→736→737)
2026-03-15 15:29:33,064 [INFO] src.sweep: [623/915] Running triplet adc2a5f206abee14 — chain=subagent-b3a89a4e triplet=6 (prompts 736→737→738)
2026-03-15 15:29:44,210 [INFO] src.sweep: [624/915] Running triplet b887596b8921aa1c — chain=subagent-b3a89a4e triplet=7 (prompts 737→738→739)
2026-03-15 15:29:58,023 [INFO] src.sweep: [625/915] Running triplet 9b266c9d5d5b285e — chain=subagent-b3a89a4e triplet=8 (prompts 738→739→740)
2026-03-15 15:30:13,116 [INFO] src.sweep: [626/915] Running triplet d26f9a75e108cd3b — chain=subagent-b3a89a4e triplet=9 (prompts 739→740→741)
2026-03-15 15:30:30,064 [INFO] src.sweep: [627/915] Running triplet 9ed3765b7f8a1d52 — chain=subagent-b3a89a4e triplet=10 (prompts 740→741→742)
2026-03-15 15:30:49,437 [INFO] src.sweep: [628/915] Running triplet 5ed3c8bf71ffcc82 — chain=subagent-b3a89a4e triplet=11 (prompts 741→742→743)
2026-03-15 15:31:10,859 [INFO] src.sweep: [629/915] Running triplet 0717b2f3b739ce9d — chain=subagent-b3a89a4e triplet=12 (prompts 742→743→744)
2026-03-15 15:31:34,342 [ERROR] src.sweep: Triplet experiment 0717b2f3b739ce9d failed.
Traceback (most recent call last):
  File "/root/context/ActivationPerturbationAnalysis/src/sweep.py", line 283, in run_sweep
    records = run_triplet_experiment(
  File "/root/context/ActivationPerturbationAnalysis/src/experiment.py", line 305, in run_triplet_experiment
    skip_hidden = extract_hidden_states(model, triplet.seq_skip_ids)
  File "/usr/local/lib/python3.10/dist-packages/torch/utils/_contextlib.py", line 116, in decorate_context
    return func(*args, **kwargs)
  File "/root/context/ActivationPerturbationAnalysis/src/model.py", line 100, in extract_hidden_states
    hidden_states = torch.stack(
torch.OutOfMemoryError: CUDA out of memory. Tried to allocate 17.93 GiB. GPU 0 has a total capacity of 79.32 GiB of which 17.92 GiB is free. Process 3497353 has 61.39 GiB memory in use. Of the allocated memory 58.15 GiB is allocated by PyTorch, and 2.74 GiB is reserved by PyTorch but unallocated. If reserved but unallocated memory is large try setting PYTORCH_CUDA_ALLOC_CONF=expandable_segments:True to avoid fragmentation.  See documentation for Memory Management  (https://pytorch.org/docs/stable/notes/cuda.html#environment-variables)
2026-03-15 15:31:34,344 [INFO] src.sweep: [630/915] Running triplet bd55e8f65d836fa0 — chain=subagent-b497beac triplet=0 (prompts 745→746→747)
2026-03-15 15:31:36,363 [INFO] src.sweep: [631/915] Running triplet 351672de99cb72f6 — chain=subagent-b497beac triplet=1 (prompts 746→747→748)
2026-03-15 15:31:39,284 [INFO] src.sweep: [632/915] Running triplet ab90d483358800f9 — chain=subagent-b497beac triplet=2 (prompts 747→748→749)
2026-03-15 15:31:43,432 [INFO] src.storage: Flushed 20995 records to Qwen2.5-32B-prompt-diff-results/results_part_000055.parquet.
2026-03-15 15:31:43,437 [INFO] src.sweep: [633/915] Running triplet a858505f60669a52 — chain=subagent-b497beac triplet=3 (prompts 748→749→750)
2026-03-15 15:31:47,982 [INFO] src.sweep: [634/915] Running triplet 68015a68d20dfeef — chain=subagent-b497beac triplet=4 (prompts 749→750→751)
2026-03-15 15:31:54,009 [INFO] src.sweep: [635/915] Running triplet 750797801ee01882 — chain=subagent-b497beac triplet=5 (prompts 750→751→752)
2026-03-15 15:32:00,255 [INFO] src.sweep: [636/915] Running triplet 7b664b9bcece4ec1 — chain=subagent-b497beac triplet=6 (prompts 751→752→753)
2026-03-15 15:32:07,300 [INFO] src.sweep: [637/915] Running triplet 59265e13ee406a38 — chain=subagent-b497beac triplet=7 (prompts 752→753→754)
2026-03-15 15:32:14,728 [INFO] src.sweep: [638/915] Running triplet ae47776dfb8ac041 — chain=subagent-b497beac triplet=8 (prompts 753→754→755)
2026-03-15 15:32:22,887 [INFO] src.sweep: [639/915] Running triplet e3bd3e2a167fd30d — chain=subagent-b497beac triplet=9 (prompts 754→755→756)
2026-03-15 15:32:31,576 [INFO] src.sweep: [640/915] Running triplet 20a301a82104e9f1 — chain=subagent-b497beac triplet=10 (prompts 755→756→757)
2026-03-15 15:32:41,321 [INFO] src.sweep: [641/915] Running triplet bee06f9e90dd4146 — chain=subagent-b497beac triplet=11 (prompts 756→757→758)
2026-03-15 15:32:51,414 [INFO] src.sweep: [642/915] Running triplet f9fade973ac68ded — chain=subagent-b497beac triplet=12 (prompts 757→758→759)
2026-03-15 15:33:02,253 [INFO] src.storage: Flushed 14300 records to Qwen2.5-32B-prompt-diff-results/results_part_000056.parquet.
2026-03-15 15:33:02,258 [INFO] src.sweep: [643/915] Running triplet 82dae2e73d040b0f — chain=subagent-b89bd38c triplet=0 (prompts 760→761→762)
2026-03-15 15:33:03,116 [INFO] src.sweep: [644/915] Running triplet 5e793bd277e4f777 — chain=subagent-b89bd38c triplet=1 (prompts 761→762→763)
2026-03-15 15:33:04,773 [INFO] src.sweep: [645/915] Running triplet 3a501ca8688b75b2 — chain=subagent-b89bd38c triplet=2 (prompts 762→763→764)
2026-03-15 15:33:07,891 [INFO] src.sweep: [646/915] Running triplet 2d051e5437098c22 — chain=subagent-b89bd38c triplet=3 (prompts 763→764→765)
2026-03-15 15:33:13,200 [INFO] src.sweep: [647/915] Running triplet a0b92d4b71591a90 — chain=subagent-b89bd38c triplet=4 (prompts 764→765→766)
2026-03-15 15:33:18,038 [INFO] src.sweep: [648/915] Running triplet d62e786c9a10956a — chain=subagent-b89bd38c triplet=5 (prompts 765→766→767)
2026-03-15 15:33:25,025 [INFO] src.sweep: [649/915] Running triplet 3c91ac712c94511c — chain=subagent-b89bd38c triplet=6 (prompts 766→767→768)
2026-03-15 15:33:35,980 [INFO] src.sweep: [650/915] Running triplet b03d9a82e43cb128 — chain=subagent-b89bd38c triplet=7 (prompts 767→768→769)
2026-03-15 15:33:46,277 [INFO] src.sweep: [651/915] Running triplet d8d708839c21b18a — chain=subagent-b89bd38c triplet=8 (prompts 768→769→770)
2026-03-15 15:33:59,085 [INFO] src.sweep: [652/915] Running triplet 3ba290333ffa160a — chain=subagent-b89bd38c triplet=9 (prompts 769→770→771)
2026-03-15 15:34:12,963 [INFO] src.storage: Flushed 20540 records to Qwen2.5-32B-prompt-diff-results/results_part_000057.parquet.
2026-03-15 15:34:12,968 [INFO] src.sweep: [653/915] Running triplet 0f618e4077b9439b — chain=subagent-b89bd38c triplet=10 (prompts 770→771→772)
2026-03-15 15:34:27,779 [INFO] src.sweep: [654/915] Running triplet c7f164fa6a03ffb1 — chain=subagent-b89bd38c triplet=11 (prompts 771→772→773)
2026-03-15 15:34:43,984 [INFO] src.sweep: [655/915] Running triplet 16d502c86e591acb — chain=subagent-b89bd38c triplet=12 (prompts 772→773→774)
2026-03-15 15:35:04,558 [INFO] src.sweep: [656/915] Running triplet e4b446dcf2ff96ec — chain=subagent-bc291018 triplet=0 (prompts 775→776→777)
2026-03-15 15:35:05,815 [INFO] src.sweep: [657/915] Running triplet 8b05eb2b1e7fab01 — chain=subagent-bc291018 triplet=1 (prompts 776→777→778)
2026-03-15 15:35:08,691 [INFO] src.sweep: [658/915] Running triplet 5471b98d1d3ab2a0 — chain=subagent-bc291018 triplet=2 (prompts 777→778→779)
2026-03-15 15:35:10,996 [INFO] src.sweep: [659/915] Running triplet 9fe3028834e8b68c — chain=subagent-bc291018 triplet=3 (prompts 778→779→780)
2026-03-15 15:35:14,074 [INFO] src.sweep: [660/915] Running triplet 6bc207a6a38fbcd0 — chain=subagent-bc291018 triplet=4 (prompts 779→780→781)
2026-03-15 15:35:17,968 [INFO] src.sweep: [661/915] Running triplet ed672224c67fee39 — chain=subagent-bc291018 triplet=5 (prompts 780→781→782)
2026-03-15 15:35:21,612 [INFO] src.sweep: [662/915] Running triplet 4dd637fdb6132254 — chain=subagent-bc291018 triplet=6 (prompts 781→782→783)
2026-03-15 15:35:25,812 [INFO] src.storage: Flushed 16835 records to Qwen2.5-32B-prompt-diff-results/results_part_000058.parquet.
2026-03-15 15:35:25,817 [INFO] src.sweep: [663/915] Running triplet 14791f3faad9b6be — chain=subagent-bc291018 triplet=7 (prompts 782→783→784)
2026-03-15 15:35:30,640 [INFO] src.sweep: [664/915] Running triplet aa5c731ff62df88d — chain=subagent-bc291018 triplet=8 (prompts 783→784→785)
2026-03-15 15:35:35,411 [INFO] src.sweep: [665/915] Running triplet 753d07c64663033c — chain=subagent-bc291018 triplet=9 (prompts 784→785→786)
2026-03-15 15:35:40,916 [INFO] src.sweep: [666/915] Running triplet 2bf44daf2aac9b25 — chain=subagent-bc291018 triplet=10 (prompts 785→786→787)
2026-03-15 15:35:46,117 [INFO] src.sweep: [667/915] Running triplet 25fb593d1d0304f1 — chain=subagent-bc291018 triplet=11 (prompts 786→787→788)
2026-03-15 15:35:52,097 [INFO] src.sweep: [668/915] Running triplet 0e28ab7da85671d8 — chain=subagent-bc291018 triplet=12 (prompts 787→788→789)
2026-03-15 15:35:58,335 [INFO] src.sweep: [669/915] Running triplet 0cf14640be5546d3 — chain=subagent-c3a0431a triplet=0 (prompts 790→791→792)
2026-03-15 15:36:00,366 [INFO] src.sweep: [670/915] Running triplet 08eb7a268cba27aa — chain=subagent-c437e3c1 triplet=0 (prompts 793→794→795)
2026-03-15 15:36:00,951 [INFO] src.sweep: [671/915] Running triplet 0faf3920bce04066 — chain=subagent-c437e3c1 triplet=1 (prompts 794→795→796)
2026-03-15 15:36:01,655 [INFO] src.sweep: [672/915] Running triplet 62bfaba34c2f2c70 — chain=subagent-c437e3c1 triplet=2 (prompts 795→796→797)
2026-03-15 15:36:02,523 [INFO] src.storage: Flushed 11960 records to Qwen2.5-32B-prompt-diff-results/results_part_000059.parquet.
2026-03-15 15:36:02,527 [INFO] src.sweep: [673/915] Running triplet abf32badb572a107 — chain=subagent-c437e3c1 triplet=3 (prompts 796→797→798)
2026-03-15 15:36:03,383 [INFO] src.sweep: [674/915] Running triplet 50471feae979296b — chain=subagent-c437e3c1 triplet=4 (prompts 797→798→799)
2026-03-15 15:36:06,009 [INFO] src.sweep: [675/915] Running triplet 669b93a87acbba5e — chain=subagent-c437e3c1 triplet=5 (prompts 798→799→800)
2026-03-15 15:36:40,292 [ERROR] src.sweep: Triplet experiment 669b93a87acbba5e failed.
Traceback (most recent call last):
  File "/root/context/ActivationPerturbationAnalysis/src/sweep.py", line 283, in run_sweep
    records = run_triplet_experiment(
  File "/root/context/ActivationPerturbationAnalysis/src/experiment.py", line 305, in run_triplet_experiment
    skip_hidden = extract_hidden_states(model, triplet.seq_skip_ids)
  File "/usr/local/lib/python3.10/dist-packages/torch/utils/_contextlib.py", line 116, in decorate_context
    return func(*args, **kwargs)
  File "/root/context/ActivationPerturbationAnalysis/src/model.py", line 100, in extract_hidden_states
    hidden_states = torch.stack(
torch.OutOfMemoryError: CUDA out of memory. Tried to allocate 24.44 GiB. GPU 0 has a total capacity of 79.32 GiB of which 885.00 MiB is free. Process 3497353 has 78.45 GiB memory in use. Of the allocated memory 74.77 GiB is allocated by PyTorch, and 3.18 GiB is reserved by PyTorch but unallocated. If reserved but unallocated memory is large try setting PYTORCH_CUDA_ALLOC_CONF=expandable_segments:True to avoid fragmentation.  See documentation for Memory Management  (https://pytorch.org/docs/stable/notes/cuda.html#environment-variables)
2026-03-15 15:36:40,293 [INFO] src.sweep: [676/915] Running triplet 8f1e8102a694715c — chain=subagent-c437e3c1 triplet=6 (prompts 799→800→801)
2026-03-15 15:37:01,472 [ERROR] src.sweep: Triplet experiment 8f1e8102a694715c failed.
Traceback (most recent call last):
  File "/root/context/ActivationPerturbationAnalysis/src/sweep.py", line 283, in run_sweep
    records = run_triplet_experiment(
  File "/root/context/ActivationPerturbationAnalysis/src/experiment.py", line 299, in run_triplet_experiment
    full_hidden = extract_hidden_states(model, triplet.seq_full_ids)
  File "/usr/local/lib/python3.10/dist-packages/torch/utils/_contextlib.py", line 116, in decorate_context
    return func(*args, **kwargs)
  File "/root/context/ActivationPerturbationAnalysis/src/model.py", line 100, in extract_hidden_states
    hidden_states = torch.stack(
torch.OutOfMemoryError: CUDA out of memory. Tried to allocate 28.17 GiB. GPU 0 has a total capacity of 79.32 GiB of which 14.95 GiB is free. Process 3497353 has 64.36 GiB memory in use. Of the allocated memory 54.39 GiB is allocated by PyTorch, and 9.48 GiB is reserved by PyTorch but unallocated. If reserved but unallocated memory is large try setting PYTORCH_CUDA_ALLOC_CONF=expandable_segments:True to avoid fragmentation.  See documentation for Memory Management  (https://pytorch.org/docs/stable/notes/cuda.html#environment-variables)
2026-03-15 15:37:01,474 [INFO] src.sweep: [677/915] Running triplet 18f50b8e781c6f00 — chain=subagent-c437e3c1 triplet=7 (prompts 800→801→802)
2026-03-15 15:37:21,908 [ERROR] src.sweep: Triplet experiment 18f50b8e781c6f00 failed.
Traceback (most recent call last):
  File "/root/context/ActivationPerturbationAnalysis/src/sweep.py", line 283, in run_sweep
    records = run_triplet_experiment(
  File "/root/context/ActivationPerturbationAnalysis/src/experiment.py", line 299, in run_triplet_experiment
    full_hidden = extract_hidden_states(model, triplet.seq_full_ids)
  File "/usr/local/lib/python3.10/dist-packages/torch/utils/_contextlib.py", line 116, in decorate_context
    return func(*args, **kwargs)
  File "/root/context/ActivationPerturbationAnalysis/src/model.py", line 100, in extract_hidden_states
    hidden_states = torch.stack(
torch.OutOfMemoryError: CUDA out of memory. Tried to allocate 28.60 GiB. GPU 0 has a total capacity of 79.32 GiB of which 14.95 GiB is free. Process 3497353 has 64.36 GiB memory in use. Of the allocated memory 55.06 GiB is allocated by PyTorch, and 8.81 GiB is reserved by PyTorch but unallocated. If reserved but unallocated memory is large try setting PYTORCH_CUDA_ALLOC_CONF=expandable_segments:True to avoid fragmentation.  See documentation for Memory Management  (https://pytorch.org/docs/stable/notes/cuda.html#environment-variables)
2026-03-15 15:37:21,911 [INFO] src.sweep: [678/915] Running triplet d158b76b34917b64 — chain=subagent-c437e3c1 triplet=8 (prompts 801→802→803)
2026-03-15 15:37:42,467 [ERROR] src.sweep: Triplet experiment d158b76b34917b64 failed.
Traceback (most recent call last):
  File "/root/context/ActivationPerturbationAnalysis/src/sweep.py", line 283, in run_sweep
    records = run_triplet_experiment(
  File "/root/context/ActivationPerturbationAnalysis/src/experiment.py", line 299, in run_triplet_experiment
    full_hidden = extract_hidden_states(model, triplet.seq_full_ids)
  File "/usr/local/lib/python3.10/dist-packages/torch/utils/_contextlib.py", line 116, in decorate_context
    return func(*args, **kwargs)
  File "/root/context/ActivationPerturbationAnalysis/src/model.py", line 100, in extract_hidden_states
    hidden_states = torch.stack(
torch.OutOfMemoryError: CUDA out of memory. Tried to allocate 28.63 GiB. GPU 0 has a total capacity of 79.32 GiB of which 14.95 GiB is free. Process 3497353 has 64.36 GiB memory in use. Of the allocated memory 55.10 GiB is allocated by PyTorch, and 8.76 GiB is reserved by PyTorch but unallocated. If reserved but unallocated memory is large try setting PYTORCH_CUDA_ALLOC_CONF=expandable_segments:True to avoid fragmentation.  See documentation for Memory Management  (https://pytorch.org/docs/stable/notes/cuda.html#environment-variables)
2026-03-15 15:37:42,469 [INFO] src.sweep: [679/915] Running triplet 8ac7c4c7e959a138 — chain=subagent-c437e3c1 triplet=9 (prompts 802→803→804)
2026-03-15 15:38:04,186 [ERROR] src.sweep: Triplet experiment 8ac7c4c7e959a138 failed.
Traceback (most recent call last):
  File "/root/context/ActivationPerturbationAnalysis/src/sweep.py", line 283, in run_sweep
    records = run_triplet_experiment(
  File "/root/context/ActivationPerturbationAnalysis/src/experiment.py", line 299, in run_triplet_experiment
    full_hidden = extract_hidden_states(model, triplet.seq_full_ids)
  File "/usr/local/lib/python3.10/dist-packages/torch/utils/_contextlib.py", line 116, in decorate_context
    return func(*args, **kwargs)
  File "/root/context/ActivationPerturbationAnalysis/src/model.py", line 100, in extract_hidden_states
    hidden_states = torch.stack(
torch.OutOfMemoryError: CUDA out of memory. Tried to allocate 28.66 GiB. GPU 0 has a total capacity of 79.32 GiB of which 14.95 GiB is free. Process 3497353 has 64.36 GiB memory in use. Of the allocated memory 55.14 GiB is allocated by PyTorch, and 8.73 GiB is reserved by PyTorch but unallocated. If reserved but unallocated memory is large try setting PYTORCH_CUDA_ALLOC_CONF=expandable_segments:True to avoid fragmentation.  See documentation for Memory Management  (https://pytorch.org/docs/stable/notes/cuda.html#environment-variables)
2026-03-15 15:38:04,188 [INFO] src.sweep: [680/915] Running triplet 304d738f303d19f8 — chain=subagent-c437e3c1 triplet=10 (prompts 803→804→805)
2026-03-15 15:38:24,673 [ERROR] src.sweep: Triplet experiment 304d738f303d19f8 failed.
Traceback (most recent call last):
  File "/root/context/ActivationPerturbationAnalysis/src/sweep.py", line 283, in run_sweep
    records = run_triplet_experiment(
  File "/root/context/ActivationPerturbationAnalysis/src/experiment.py", line 299, in run_triplet_experiment
    full_hidden = extract_hidden_states(model, triplet.seq_full_ids)
  File "/usr/local/lib/python3.10/dist-packages/torch/utils/_contextlib.py", line 116, in decorate_context
    return func(*args, **kwargs)
  File "/root/context/ActivationPerturbationAnalysis/src/model.py", line 100, in extract_hidden_states
    hidden_states = torch.stack(
torch.OutOfMemoryError: CUDA out of memory. Tried to allocate 28.68 GiB. GPU 0 has a total capacity of 79.32 GiB of which 15.75 GiB is free. Process 3497353 has 63.56 GiB memory in use. Of the allocated memory 55.18 GiB is allocated by PyTorch, and 7.89 GiB is reserved by PyTorch but unallocated. If reserved but unallocated memory is large try setting PYTORCH_CUDA_ALLOC_CONF=expandable_segments:True to avoid fragmentation.  See documentation for Memory Management  (https://pytorch.org/docs/stable/notes/cuda.html#environment-variables)
2026-03-15 15:38:24,676 [INFO] src.sweep: [681/915] Running triplet 3122d716c31d0d87 — chain=subagent-c437e3c1 triplet=11 (prompts 804→805→806)
2026-03-15 15:38:45,130 [ERROR] src.sweep: Triplet experiment 3122d716c31d0d87 failed.
Traceback (most recent call last):
  File "/root/context/ActivationPerturbationAnalysis/src/sweep.py", line 283, in run_sweep
    records = run_triplet_experiment(
  File "/root/context/ActivationPerturbationAnalysis/src/experiment.py", line 299, in run_triplet_experiment
    full_hidden = extract_hidden_states(model, triplet.seq_full_ids)
  File "/usr/local/lib/python3.10/dist-packages/torch/utils/_contextlib.py", line 116, in decorate_context
    return func(*args, **kwargs)
  File "/root/context/ActivationPerturbationAnalysis/src/model.py", line 100, in extract_hidden_states
    hidden_states = torch.stack(
torch.OutOfMemoryError: CUDA out of memory. Tried to allocate 28.70 GiB. GPU 0 has a total capacity of 79.32 GiB of which 15.75 GiB is free. Process 3497353 has 63.56 GiB memory in use. Of the allocated memory 55.21 GiB is allocated by PyTorch, and 7.85 GiB is reserved by PyTorch but unallocated. If reserved but unallocated memory is large try setting PYTORCH_CUDA_ALLOC_CONF=expandable_segments:True to avoid fragmentation.  See documentation for Memory Management  (https://pytorch.org/docs/stable/notes/cuda.html#environment-variables)
2026-03-15 15:38:45,132 [INFO] src.sweep: [682/915] Running triplet 0b130faa0d8b5bfa — chain=subagent-c437e3c1 triplet=12 (prompts 805→806→807)
2026-03-15 15:39:06,821 [ERROR] src.sweep: Triplet experiment 0b130faa0d8b5bfa failed.
Traceback (most recent call last):
  File "/root/context/ActivationPerturbationAnalysis/src/sweep.py", line 283, in run_sweep
    records = run_triplet_experiment(
  File "/root/context/ActivationPerturbationAnalysis/src/experiment.py", line 299, in run_triplet_experiment
    full_hidden = extract_hidden_states(model, triplet.seq_full_ids)
  File "/usr/local/lib/python3.10/dist-packages/torch/utils/_contextlib.py", line 116, in decorate_context
    return func(*args, **kwargs)
  File "/root/context/ActivationPerturbationAnalysis/src/model.py", line 100, in extract_hidden_states
    hidden_states = torch.stack(
torch.OutOfMemoryError: CUDA out of memory. Tried to allocate 29.41 GiB. GPU 0 has a total capacity of 79.32 GiB of which 15.75 GiB is free. Process 3497353 has 63.56 GiB memory in use. Of the allocated memory 56.29 GiB is allocated by PyTorch, and 6.78 GiB is reserved by PyTorch but unallocated. If reserved but unallocated memory is large try setting PYTORCH_CUDA_ALLOC_CONF=expandable_segments:True to avoid fragmentation.  See documentation for Memory Management  (https://pytorch.org/docs/stable/notes/cuda.html#environment-variables)
2026-03-15 15:39:06,824 [INFO] src.sweep: [683/915] Running triplet f250299703d2d8a8 — chain=subagent-c44cb45e triplet=0 (prompts 808→809→810)
2026-03-15 15:39:11,223 [INFO] src.sweep: [684/915] Running triplet 6f1ce6f68cabf481 — chain=subagent-c44cb45e triplet=1 (prompts 809→810→811)
2026-03-15 15:39:20,551 [INFO] src.sweep: [685/915] Running triplet c8c0d090ec81260c — chain=subagent-c44cb45e triplet=2 (prompts 810→811→812)
2026-03-15 15:39:31,745 [INFO] src.sweep: [686/915] Running triplet eefda7cf7fe8cacd — chain=subagent-c44cb45e triplet=3 (prompts 811→812→813)
2026-03-15 15:39:48,100 [INFO] src.sweep: [687/915] Running triplet 329e8130a686fae0 — chain=subagent-c44cb45e triplet=4 (prompts 812→813→814)
2026-03-15 15:40:05,596 [INFO] src.sweep: [688/915] Running triplet 44670750f2e9d336 — chain=subagent-c44cb45e triplet=5 (prompts 813→814→815)
2026-03-15 15:40:27,811 [INFO] src.sweep: [689/915] Running triplet 5412f2b94bd489d1 — chain=subagent-cbff6c00 triplet=0 (prompts 816→817→818)
2026-03-15 15:40:30,253 [INFO] src.sweep: [690/915] Running triplet 2ea4efac9569f821 — chain=subagent-cbff6c00 triplet=1 (prompts 817→818→819)
2026-03-15 15:40:35,869 [INFO] src.storage: Flushed 30810 records to Qwen2.5-32B-prompt-diff-results/results_part_000060.parquet.
2026-03-15 15:40:35,876 [INFO] src.sweep: [691/915] Running triplet d79c895a2ab8e33d — chain=subagent-cbff6c00 triplet=2 (prompts 818→819→820)
2026-03-15 15:40:43,176 [INFO] src.sweep: [692/915] Running triplet 6fc7497bee48a18d — chain=subagent-cbff6c00 triplet=3 (prompts 819→820→821)
2026-03-15 15:40:55,588 [INFO] src.sweep: [693/915] Running triplet 38b6574db5f0e848 — chain=subagent-cbff6c00 triplet=4 (prompts 820→821→822)
2026-03-15 15:41:10,409 [INFO] src.sweep: [694/915] Running triplet ee25a7f855d2ae4e — chain=subagent-cbff6c00 triplet=5 (prompts 821→822→823)
2026-03-15 15:41:30,865 [INFO] src.sweep: [695/915] Running triplet f9141afbc282dbf8 — chain=subagent-cbff6c00 triplet=6 (prompts 822→823→824)
2026-03-15 15:41:52,110 [INFO] src.sweep: [696/915] Running triplet 92586ef6a205e275 — chain=subagent-cbff6c00 triplet=7 (prompts 823→824→825)
2026-03-15 15:42:19,069 [ERROR] src.sweep: Triplet experiment 92586ef6a205e275 failed.
Traceback (most recent call last):
  File "/root/context/ActivationPerturbationAnalysis/src/sweep.py", line 283, in run_sweep
    records = run_triplet_experiment(
  File "/root/context/ActivationPerturbationAnalysis/src/experiment.py", line 305, in run_triplet_experiment
    skip_hidden = extract_hidden_states(model, triplet.seq_skip_ids)
  File "/usr/local/lib/python3.10/dist-packages/torch/utils/_contextlib.py", line 116, in decorate_context
    return func(*args, **kwargs)
  File "/root/context/ActivationPerturbationAnalysis/src/model.py", line 100, in extract_hidden_states
    hidden_states = torch.stack(
torch.OutOfMemoryError: CUDA out of memory. Tried to allocate 20.41 GiB. GPU 0 has a total capacity of 79.32 GiB of which 12.75 GiB is free. Process 3497353 has 66.56 GiB memory in use. Of the allocated memory 63.97 GiB is allocated by PyTorch, and 2.09 GiB is reserved by PyTorch but unallocated. If reserved but unallocated memory is large try setting PYTORCH_CUDA_ALLOC_CONF=expandable_segments:True to avoid fragmentation.  See documentation for Memory Management  (https://pytorch.org/docs/stable/notes/cuda.html#environment-variables)
2026-03-15 15:42:19,071 [INFO] src.sweep: [697/915] Running triplet 905ad89ec1cabe56 — chain=subagent-cbff6c00 triplet=8 (prompts 824→825→826)
2026-03-15 15:42:48,064 [ERROR] src.sweep: Triplet experiment 905ad89ec1cabe56 failed.
Traceback (most recent call last):
  File "/root/context/ActivationPerturbationAnalysis/src/sweep.py", line 283, in run_sweep
    records = run_triplet_experiment(
  File "/root/context/ActivationPerturbationAnalysis/src/experiment.py", line 305, in run_triplet_experiment
    skip_hidden = extract_hidden_states(model, triplet.seq_skip_ids)
  File "/usr/local/lib/python3.10/dist-packages/torch/utils/_contextlib.py", line 116, in decorate_context
    return func(*args, **kwargs)
  File "/root/context/ActivationPerturbationAnalysis/src/model.py", line 100, in extract_hidden_states
    hidden_states = torch.stack(
torch.OutOfMemoryError: CUDA out of memory. Tried to allocate 20.68 GiB. GPU 0 has a total capacity of 79.32 GiB of which 1.40 GiB is free. Process 3497353 has 77.91 GiB memory in use. Of the allocated memory 66.53 GiB is allocated by PyTorch, and 10.88 GiB is reserved by PyTorch but unallocated. If reserved but unallocated memory is large try setting PYTORCH_CUDA_ALLOC_CONF=expandable_segments:True to avoid fragmentation.  See documentation for Memory Management  (https://pytorch.org/docs/stable/notes/cuda.html#environment-variables)
2026-03-15 15:42:48,066 [INFO] src.sweep: [698/915] Running triplet 39e0786e8dfba3e0 — chain=subagent-cbff6c00 triplet=9 (prompts 825→826→827)
2026-03-15 15:43:06,568 [ERROR] src.sweep: Triplet experiment 39e0786e8dfba3e0 failed.
Traceback (most recent call last):
  File "/root/context/ActivationPerturbationAnalysis/src/sweep.py", line 283, in run_sweep
    records = run_triplet_experiment(
  File "/root/context/ActivationPerturbationAnalysis/src/experiment.py", line 299, in run_triplet_experiment
    full_hidden = extract_hidden_states(model, triplet.seq_full_ids)
  File "/usr/local/lib/python3.10/dist-packages/torch/utils/_contextlib.py", line 116, in decorate_context
    return func(*args, **kwargs)
  File "/root/context/ActivationPerturbationAnalysis/src/model.py", line 100, in extract_hidden_states
    hidden_states = torch.stack(
torch.OutOfMemoryError: CUDA out of memory. Tried to allocate 25.55 GiB. GPU 0 has a total capacity of 79.32 GiB of which 24.96 GiB is free. Process 3497353 has 54.35 GiB memory in use. Of the allocated memory 50.40 GiB is allocated by PyTorch, and 3.46 GiB is reserved by PyTorch but unallocated. If reserved but unallocated memory is large try setting PYTORCH_CUDA_ALLOC_CONF=expandable_segments:True to avoid fragmentation.  See documentation for Memory Management  (https://pytorch.org/docs/stable/notes/cuda.html#environment-variables)
2026-03-15 15:43:06,569 [INFO] src.sweep: [699/915] Running triplet 4863d5322d760009 — chain=subagent-cbff6c00 triplet=10 (prompts 826→827→828)
2026-03-15 15:43:26,731 [ERROR] src.sweep: Triplet experiment 4863d5322d760009 failed.
Traceback (most recent call last):
  File "/root/context/ActivationPerturbationAnalysis/src/sweep.py", line 283, in run_sweep
    records = run_triplet_experiment(
  File "/root/context/ActivationPerturbationAnalysis/src/experiment.py", line 299, in run_triplet_experiment
    full_hidden = extract_hidden_states(model, triplet.seq_full_ids)
  File "/usr/local/lib/python3.10/dist-packages/torch/utils/_contextlib.py", line 116, in decorate_context
    return func(*args, **kwargs)
  File "/root/context/ActivationPerturbationAnalysis/src/model.py", line 100, in extract_hidden_states
    hidden_states = torch.stack(
torch.OutOfMemoryError: CUDA out of memory. Tried to allocate 28.44 GiB. GPU 0 has a total capacity of 79.32 GiB of which 23.21 GiB is free. Process 3497353 has 56.10 GiB memory in use. Of the allocated memory 54.81 GiB is allocated by PyTorch, and 814.55 MiB is reserved by PyTorch but unallocated. If reserved but unallocated memory is large try setting PYTORCH_CUDA_ALLOC_CONF=expandable_segments:True to avoid fragmentation.  See documentation for Memory Management  (https://pytorch.org/docs/stable/notes/cuda.html#environment-variables)
2026-03-15 15:43:26,732 [INFO] src.sweep: [700/915] Running triplet ccd6a4e7b9897508 — chain=subagent-cda35369 triplet=0 (prompts 829→830→831)
2026-03-15 15:43:27,675 [INFO] src.sweep: [701/915] Running triplet 64a95d519b029418 — chain=subagent-cda35369 triplet=1 (prompts 830→831→832)
2026-03-15 15:43:35,779 [INFO] src.sweep: [702/915] Running triplet 8e65d398165e12ca — chain=subagent-cda35369 triplet=2 (prompts 831→832→833)
2026-03-15 15:43:40,599 [INFO] src.sweep: [703/915] Running triplet 830e8458667c786f — chain=subagent-cda35369 triplet=3 (prompts 832→833→834)
2026-03-15 15:43:48,902 [INFO] src.sweep: [704/915] Running triplet a6b048b8ceaa1e1d — chain=subagent-cda35369 triplet=4 (prompts 833→834→835)
2026-03-15 15:43:59,807 [INFO] src.storage: Flushed 31720 records to Qwen2.5-32B-prompt-diff-results/results_part_000061.parquet.
2026-03-15 15:43:59,814 [INFO] src.sweep: [705/915] Running triplet 22d69a4974ca1465 — chain=subagent-cda35369 triplet=5 (prompts 834→835→836)
2026-03-15 15:44:09,845 [INFO] src.sweep: [706/915] Running triplet 375665353e8da218 — chain=subagent-cda35369 triplet=6 (prompts 835→836→837)
2026-03-15 15:44:30,588 [INFO] src.sweep: [707/915] Running triplet 4a781c206adf04a4 — chain=subagent-cda35369 triplet=7 (prompts 836→837→838)
2026-03-15 15:44:47,713 [INFO] src.sweep: [708/915] Running triplet be72e853a0018a5b — chain=subagent-cda35369 triplet=8 (prompts 837→838→839)
2026-03-15 15:45:10,376 [INFO] src.sweep: [709/915] Running triplet 8d1c95a369b29283 — chain=subagent-cda35369 triplet=9 (prompts 838→839→840)
2026-03-15 15:45:33,593 [INFO] src.sweep: [710/915] Running triplet 93a1dd67dcddd7f6 — chain=subagent-cda35369 triplet=10 (prompts 839→840→841)
2026-03-15 15:46:07,785 [ERROR] src.sweep: Triplet experiment 93a1dd67dcddd7f6 failed.
Traceback (most recent call last):
  File "/root/context/ActivationPerturbationAnalysis/src/sweep.py", line 283, in run_sweep
    records = run_triplet_experiment(
  File "/root/context/ActivationPerturbationAnalysis/src/experiment.py", line 305, in run_triplet_experiment
    skip_hidden = extract_hidden_states(model, triplet.seq_skip_ids)
  File "/usr/local/lib/python3.10/dist-packages/torch/utils/_contextlib.py", line 116, in decorate_context
    return func(*args, **kwargs)
  File "/root/context/ActivationPerturbationAnalysis/src/model.py", line 100, in extract_hidden_states
    hidden_states = torch.stack(
torch.OutOfMemoryError: CUDA out of memory. Tried to allocate 25.06 GiB. GPU 0 has a total capacity of 79.32 GiB of which 2.08 GiB is free. Process 3497353 has 77.23 GiB memory in use. Of the allocated memory 75.09 GiB is allocated by PyTorch, and 1.65 GiB is reserved by PyTorch but unallocated. If reserved but unallocated memory is large try setting PYTORCH_CUDA_ALLOC_CONF=expandable_segments:True to avoid fragmentation.  See documentation for Memory Management  (https://pytorch.org/docs/stable/notes/cuda.html#environment-variables)
2026-03-15 15:46:07,787 [INFO] src.sweep: [711/915] Running triplet 661a1196c04c2b84 — chain=subagent-cda35369 triplet=11 (prompts 840→841→842)
2026-03-15 15:46:24,501 [ERROR] src.sweep: Triplet experiment 661a1196c04c2b84 failed.
Traceback (most recent call last):
  File "/root/context/ActivationPerturbationAnalysis/src/sweep.py", line 283, in run_sweep
    records = run_triplet_experiment(
  File "/root/context/ActivationPerturbationAnalysis/src/experiment.py", line 299, in run_triplet_experiment
    full_hidden = extract_hidden_states(model, triplet.seq_full_ids)
  File "/usr/local/lib/python3.10/dist-packages/torch/utils/_contextlib.py", line 116, in decorate_context
    return func(*args, **kwargs)
  File "/root/context/ActivationPerturbationAnalysis/src/model.py", line 100, in extract_hidden_states
    hidden_states = torch.stack(
torch.OutOfMemoryError: CUDA out of memory. Tried to allocate 25.48 GiB. GPU 0 has a total capacity of 79.32 GiB of which 2.08 GiB is free. Process 3497353 has 77.23 GiB memory in use. Of the allocated memory 50.32 GiB is allocated by PyTorch, and 26.42 GiB is reserved by PyTorch but unallocated. If reserved but unallocated memory is large try setting PYTORCH_CUDA_ALLOC_CONF=expandable_segments:True to avoid fragmentation.  See documentation for Memory Management  (https://pytorch.org/docs/stable/notes/cuda.html#environment-variables)
2026-03-15 15:46:24,503 [INFO] src.sweep: [712/915] Running triplet a808dfbdf54d967e — chain=subagent-cda35369 triplet=12 (prompts 841→842→843)
2026-03-15 15:46:43,280 [ERROR] src.sweep: Triplet experiment a808dfbdf54d967e failed.
Traceback (most recent call last):
  File "/root/context/ActivationPerturbationAnalysis/src/sweep.py", line 283, in run_sweep
    records = run_triplet_experiment(
  File "/root/context/ActivationPerturbationAnalysis/src/experiment.py", line 299, in run_triplet_experiment
    full_hidden = extract_hidden_states(model, triplet.seq_full_ids)
  File "/usr/local/lib/python3.10/dist-packages/torch/utils/_contextlib.py", line 116, in decorate_context
    return func(*args, **kwargs)
  File "/root/context/ActivationPerturbationAnalysis/src/model.py", line 100, in extract_hidden_states
    hidden_states = torch.stack(
torch.OutOfMemoryError: CUDA out of memory. Tried to allocate 25.99 GiB. GPU 0 has a total capacity of 79.32 GiB of which 16.21 GiB is free. Process 3497353 has 63.10 GiB memory in use. Of the allocated memory 51.07 GiB is allocated by PyTorch, and 11.53 GiB is reserved by PyTorch but unallocated. If reserved but unallocated memory is large try setting PYTORCH_CUDA_ALLOC_CONF=expandable_segments:True to avoid fragmentation.  See documentation for Memory Management  (https://pytorch.org/docs/stable/notes/cuda.html#environment-variables)
2026-03-15 15:46:43,281 [INFO] src.sweep: [713/915] Running triplet b514ad2f305a8eed — chain=subagent-cff99348 triplet=0 (prompts 844→845→846)
2026-03-15 15:46:44,799 [INFO] src.sweep: [714/915] Running triplet 9c506b351fbf36c9 — chain=subagent-cff99348 triplet=1 (prompts 845→846→847)
2026-03-15 15:46:46,307 [INFO] src.sweep: [715/915] Running triplet 6a352483af339bba — chain=subagent-cff99348 triplet=2 (prompts 846→847→848)
2026-03-15 15:46:47,924 [INFO] src.sweep: [716/915] Running triplet 8ae35097adcaffb4 — chain=subagent-cff99348 triplet=3 (prompts 847→848→849)
2026-03-15 15:46:50,253 [INFO] src.sweep: [717/915] Running triplet 8d648f250c00a1f6 — chain=subagent-cff99348 triplet=4 (prompts 848→849→850)
2026-03-15 15:46:52,624 [INFO] src.storage: Flushed 20670 records to Qwen2.5-32B-prompt-diff-results/results_part_000062.parquet.
2026-03-15 15:46:52,630 [INFO] src.sweep: [718/915] Running triplet 2c3bac04f2329ca6 — chain=subagent-cff99348 triplet=5 (prompts 849→850→851)
2026-03-15 15:46:55,210 [INFO] src.sweep: [719/915] Running triplet 2e1023701ed674de — chain=subagent-cff99348 triplet=6 (prompts 850→851→852)
2026-03-15 15:46:57,929 [INFO] src.sweep: [720/915] Running triplet 53dab6c5f314a088 — chain=subagent-cff99348 triplet=7 (prompts 851→852→853)
2026-03-15 15:47:00,694 [INFO] src.sweep: [721/915] Running triplet e740a15007e750c4 — chain=subagent-d075be80 triplet=0 (prompts 854→855→856)
2026-03-15 15:47:01,864 [INFO] src.sweep: [722/915] Running triplet d92f96e72a0f021c — chain=subagent-d075be80 triplet=1 (prompts 855→856→857)
2026-03-15 15:47:03,816 [INFO] src.sweep: [723/915] Running triplet d24f72485106b168 — chain=subagent-d075be80 triplet=2 (prompts 856→857→858)
2026-03-15 15:47:07,022 [INFO] src.sweep: [724/915] Running triplet bf3e79ffe6b1039d — chain=subagent-d075be80 triplet=3 (prompts 857→858→859)
2026-03-15 15:47:10,290 [INFO] src.sweep: [725/915] Running triplet 5bbebc6385a80b7a — chain=subagent-d075be80 triplet=4 (prompts 858→859→860)
2026-03-15 15:47:14,093 [INFO] src.sweep: [726/915] Running triplet 5001bca182e98915 — chain=subagent-d075be80 triplet=5 (prompts 859→860→861)
2026-03-15 15:47:19,039 [INFO] src.sweep: [727/915] Running triplet cb32efd03ec84de8 — chain=subagent-d075be80 triplet=6 (prompts 860→861→862)
2026-03-15 15:47:24,660 [INFO] src.storage: Flushed 13260 records to Qwen2.5-32B-prompt-diff-results/results_part_000063.parquet.
2026-03-15 15:47:24,664 [INFO] src.sweep: [728/915] Running triplet 535830bf5bea3af8 — chain=subagent-d075be80 triplet=7 (prompts 861→862→863)
2026-03-15 15:47:30,507 [INFO] src.sweep: [729/915] Running triplet 3b8454b064e71160 — chain=subagent-d075be80 triplet=8 (prompts 862→863→864)
2026-03-15 15:47:37,486 [INFO] src.sweep: [730/915] Running triplet 8b8b3178ff0d6fc4 — chain=subagent-d075be80 triplet=9 (prompts 863→864→865)
2026-03-15 15:47:44,937 [INFO] src.sweep: [731/915] Running triplet 3862e94f7f6f9d2f — chain=subagent-d075be80 triplet=10 (prompts 864→865→866)
2026-03-15 15:47:53,919 [INFO] src.sweep: [732/915] Running triplet a7ee8edfaa4177cd — chain=subagent-d075be80 triplet=11 (prompts 865→866→867)
2026-03-15 15:48:03,634 [INFO] src.sweep: [733/915] Running triplet 164c01cd0309950d — chain=subagent-d075be80 triplet=12 (prompts 866→867→868)
2026-03-15 15:48:14,591 [INFO] src.sweep: [734/915] Running triplet a5feecdf47145fa5 — chain=subagent-d409f554 triplet=0 (prompts 869→870→871)
2026-03-15 15:48:17,110 [INFO] src.sweep: [735/915] Running triplet 7fb07e0e43b3f5f8 — chain=subagent-d409f554 triplet=1 (prompts 870→871→872)
2026-03-15 15:48:19,886 [INFO] src.sweep: [736/915] Running triplet b7f15db3199aa6c9 — chain=subagent-d409f554 triplet=2 (prompts 871→872→873)
2026-03-15 15:48:24,515 [INFO] src.sweep: [737/915] Running triplet 1bce1316a64bf4d2 — chain=subagent-d409f554 triplet=3 (prompts 872→873→874)
2026-03-15 15:48:30,769 [INFO] src.storage: Flushed 18785 records to Qwen2.5-32B-prompt-diff-results/results_part_000064.parquet.
2026-03-15 15:48:30,774 [INFO] src.sweep: [738/915] Running triplet 561d1e88191e0c81 — chain=subagent-d409f554 triplet=4 (prompts 873→874→875)
2026-03-15 15:48:37,551 [INFO] src.sweep: [739/915] Running triplet 30e6f6ff4e821cb8 — chain=subagent-d409f554 triplet=5 (prompts 874→875→876)
2026-03-15 15:48:45,465 [INFO] src.sweep: [740/915] Running triplet 9d8a3bb07a061e54 — chain=subagent-d409f554 triplet=6 (prompts 875→876→877)
2026-03-15 15:48:54,037 [INFO] src.sweep: [741/915] Running triplet 6e92c6d737bdd811 — chain=subagent-d409f554 triplet=7 (prompts 876→877→878)
2026-03-15 15:49:03,343 [INFO] src.sweep: [742/915] Running triplet f1dfc309c00cb517 — chain=subagent-d409f554 triplet=8 (prompts 877→878→879)
2026-03-15 15:49:13,051 [INFO] src.sweep: [743/915] Running triplet 59bcf9003e83f6ec — chain=subagent-d409f554 triplet=9 (prompts 878→879→880)
2026-03-15 15:49:23,600 [INFO] src.sweep: [744/915] Running triplet 29fd2e7507cc056f — chain=subagent-d409f554 triplet=10 (prompts 879→880→881)
2026-03-15 15:49:34,456 [INFO] src.sweep: [745/915] Running triplet 1cf78d09acd22e84 — chain=subagent-d409f554 triplet=11 (prompts 880→881→882)
2026-03-15 15:49:46,429 [INFO] src.sweep: [746/915] Running triplet 12d33eb295781ebc — chain=subagent-d409f554 triplet=12 (prompts 881→882→883)
2026-03-15 15:49:58,897 [INFO] src.sweep: [747/915] Running triplet 7186f4b40994863b — chain=subagent-d686e69a triplet=0 (prompts 884→885→886)
2026-03-15 15:49:59,542 [INFO] src.storage: Flushed 14040 records to Qwen2.5-32B-prompt-diff-results/results_part_000065.parquet.
2026-03-15 15:49:59,546 [INFO] src.sweep: [748/915] Running triplet 2427cfce33615ef4 — chain=subagent-d686e69a triplet=1 (prompts 885→886→887)
2026-03-15 15:50:00,199 [INFO] src.sweep: [749/915] Running triplet 14e6b13e9f159aa7 — chain=subagent-d686e69a triplet=2 (prompts 886→887→888)
2026-03-15 15:50:00,827 [INFO] src.sweep: [750/915] Running triplet deb11332fe7faf60 — chain=subagent-d686e69a triplet=3 (prompts 887→888→889)
2026-03-15 15:50:01,744 [INFO] src.sweep: [751/915] Running triplet d8f979e201ae2adc — chain=subagent-d686e69a triplet=4 (prompts 888→889→890)
2026-03-15 15:50:02,740 [INFO] src.sweep: [752/915] Running triplet 741ca3168d5f3170 — chain=subagent-d686e69a triplet=5 (prompts 889→890→891)
2026-03-15 15:50:03,699 [INFO] src.sweep: [753/915] Running triplet 700e915132670b15 — chain=subagent-d686e69a triplet=6 (prompts 890→891→892)
2026-03-15 15:50:06,838 [INFO] src.sweep: [754/915] Running triplet 95983e1326faeae0 — chain=subagent-db630191 triplet=0 (prompts 893→894→895)
2026-03-15 15:50:07,596 [INFO] src.sweep: [755/915] Running triplet 7a0c67ff9f593175 — chain=subagent-db630191 triplet=1 (prompts 894→895→896)
2026-03-15 15:50:08,416 [INFO] src.sweep: [756/915] Running triplet d6f05b2bc7b6d513 — chain=subagent-db630191 triplet=2 (prompts 895→896→897)
2026-03-15 15:50:09,277 [INFO] src.sweep: [757/915] Running triplet a6db0272e532caad — chain=subagent-db630191 triplet=3 (prompts 896→897→898)
2026-03-15 15:50:10,221 [INFO] src.storage: Flushed 11310 records to Qwen2.5-32B-prompt-diff-results/results_part_000066.parquet.
2026-03-15 15:50:10,225 [INFO] src.sweep: [758/915] Running triplet 915c307dab0d8cde — chain=subagent-db630191 triplet=4 (prompts 897→898→899)
2026-03-15 15:50:11,228 [INFO] src.sweep: [759/915] Running triplet b318a91545adfe31 — chain=subagent-db630191 triplet=5 (prompts 898→899→900)
2026-03-15 15:50:12,435 [INFO] src.sweep: [760/915] Running triplet cc0e595b02ac574d — chain=subagent-db630191 triplet=6 (prompts 899→900→901)
2026-03-15 15:50:13,547 [INFO] src.sweep: [761/915] Running triplet 58681bff24aad63e — chain=subagent-db630191 triplet=7 (prompts 900→901→902)
2026-03-15 15:50:14,794 [INFO] src.sweep: [762/915] Running triplet ba1caf3afcb63884 — chain=subagent-db630191 triplet=8 (prompts 901→902→903)
2026-03-15 15:50:17,124 [INFO] src.sweep: [763/915] Running triplet 646c41329f139c82 — chain=subagent-db630191 triplet=9 (prompts 902→903→904)
2026-03-15 15:50:19,595 [INFO] src.sweep: [764/915] Running triplet 36a703ebf6ccc4a6 — chain=subagent-db630191 triplet=10 (prompts 903→904→905)
2026-03-15 15:50:24,302 [INFO] src.sweep: [765/915] Running triplet c8d3a506a1cf109b — chain=subagent-db630191 triplet=11 (prompts 904→905→906)
2026-03-15 15:50:33,199 [INFO] src.sweep: [766/915] Running triplet 4a57255d9c1abe93 — chain=subagent-db630191 triplet=12 (prompts 905→906→907)
2026-03-15 15:50:39,197 [INFO] src.sweep: [767/915] Running triplet 9892cfda607459f2 — chain=subagent-dc9b25d8 triplet=0 (prompts 908→909→910)
2026-03-15 15:50:40,017 [INFO] src.storage: Flushed 14105 records to Qwen2.5-32B-prompt-diff-results/results_part_000067.parquet.
2026-03-15 15:50:40,021 [INFO] src.sweep: [768/915] Running triplet 5c6333ce1b45ac23 — chain=subagent-dc9b25d8 triplet=1 (prompts 909→910→911)
2026-03-15 15:50:40,811 [INFO] src.sweep: [769/915] Running triplet 9145bd03e4e751dd — chain=subagent-dc9b25d8 triplet=2 (prompts 910→911→912)
2026-03-15 15:50:41,978 [INFO] src.sweep: [770/915] Running triplet bd6396b354ea43df — chain=subagent-dc9b25d8 triplet=3 (prompts 911→912→913)
2026-03-15 15:50:43,002 [INFO] src.sweep: [771/915] Running triplet daf4f8f5c760e693 — chain=subagent-dc9b25d8 triplet=4 (prompts 912→913→914)
2026-03-15 15:50:53,386 [INFO] src.sweep: [772/915] Running triplet 55915276a11ed9fe — chain=subagent-dc9b25d8 triplet=5 (prompts 913→914→915)
2026-03-15 15:50:59,947 [INFO] src.sweep: [773/915] Running triplet 573fe1e72ae908e4 — chain=subagent-dc9b25d8 triplet=6 (prompts 914→915→916)
2026-03-15 15:51:22,315 [INFO] src.sweep: [774/915] Running triplet fceca191d6c8eb26 — chain=subagent-dc9b25d8 triplet=7 (prompts 915→916→917)
2026-03-15 15:51:38,638 [INFO] src.sweep: [775/915] Running triplet f2e2b7e9d2ef2875 — chain=subagent-dc9b25d8 triplet=8 (prompts 916→917→918)
2026-03-15 15:52:00,750 [INFO] src.sweep: [776/915] Running triplet d3b71c37d97c5036 — chain=subagent-dc9b25d8 triplet=9 (prompts 917→918→919)
2026-03-15 15:52:23,402 [INFO] src.sweep: [777/915] Running triplet a7c543b3a8a72396 — chain=subagent-dc9b25d8 triplet=10 (prompts 918→919→920)
2026-03-15 15:52:46,134 [INFO] src.storage: Flushed 27105 records to Qwen2.5-32B-prompt-diff-results/results_part_000068.parquet.
2026-03-15 15:52:46,141 [INFO] src.sweep: [778/915] Running triplet bc50656e8bf28d32 — chain=subagent-dc9b25d8 triplet=11 (prompts 919→920→921)
2026-03-15 15:53:09,101 [INFO] src.sweep: [779/915] Running triplet a041739dc33ffdc6 — chain=subagent-dc9b25d8 triplet=12 (prompts 920→921→922)
2026-03-15 15:53:32,850 [INFO] src.sweep: [780/915] Running triplet 07e3eb32dd47ab80 — chain=subagent-dee26038 triplet=0 (prompts 923→924→925)
2026-03-15 15:53:34,347 [INFO] src.sweep: [781/915] Running triplet 0a1de10cb884657f — chain=subagent-dee26038 triplet=1 (prompts 924→925→926)
2026-03-15 15:53:36,202 [INFO] src.sweep: [782/915] Running triplet d4f1521f366c67d0 — chain=subagent-dee26038 triplet=2 (prompts 925→926→927)
2026-03-15 15:53:39,147 [INFO] src.sweep: [783/915] Running triplet a90ac376d18699a8 — chain=subagent-dee26038 triplet=3 (prompts 926→927→928)
2026-03-15 15:53:42,698 [INFO] src.sweep: [784/915] Running triplet e39ece371435a2dd — chain=subagent-dee26038 triplet=4 (prompts 927→928→929)
2026-03-15 15:53:47,344 [INFO] src.sweep: [785/915] Running triplet dadba235f442669e — chain=subagent-dee26038 triplet=5 (prompts 928→929→930)
2026-03-15 15:53:53,123 [INFO] src.sweep: [786/915] Running triplet 19b2d4e526205b3e — chain=subagent-dee26038 triplet=6 (prompts 929→930→931)
2026-03-15 15:54:00,546 [INFO] src.sweep: [787/915] Running triplet 355b48fee52fe9ad — chain=subagent-dee26038 triplet=7 (prompts 930→931→932)
2026-03-15 15:54:10,000 [INFO] src.storage: Flushed 17940 records to Qwen2.5-32B-prompt-diff-results/results_part_000069.parquet.
2026-03-15 15:54:10,005 [INFO] src.sweep: [788/915] Running triplet c659b21d1744ec3d — chain=subagent-dee26038 triplet=8 (prompts 931→932→933)
2026-03-15 15:54:20,777 [INFO] src.sweep: [789/915] Running triplet f7c2df42af40bf17 — chain=subagent-dee26038 triplet=9 (prompts 932→933→934)
2026-03-15 15:54:34,422 [INFO] src.sweep: [790/915] Running triplet 0f6bb8f9a20bc30b — chain=subagent-dee26038 triplet=10 (prompts 933→934→935)
2026-03-15 15:54:49,958 [INFO] src.sweep: [791/915] Running triplet 5d9e5690a1cb5479 — chain=subagent-dee26038 triplet=11 (prompts 934→935→936)
2026-03-15 15:55:07,947 [INFO] src.sweep: [792/915] Running triplet 6bb404613b118285 — chain=subagent-dee26038 triplet=12 (prompts 935→936→937)
2026-03-15 15:55:28,402 [INFO] src.sweep: [793/915] Running triplet d50bfd3f8ccb162a — chain=subagent-dfb81a24 triplet=0 (prompts 938→939→940)
2026-03-15 15:55:29,174 [INFO] src.sweep: [794/915] Running triplet 38ba25e7d8c196af — chain=subagent-dfb81a24 triplet=1 (prompts 939→940→941)
2026-03-15 15:55:29,832 [INFO] src.sweep: [795/915] Running triplet 83896dd99f4ba8df — chain=subagent-dfb81a24 triplet=2 (prompts 940→941→942)
2026-03-15 15:55:30,535 [INFO] src.sweep: [796/915] Running triplet 3938f3d913855432 — chain=subagent-dfb81a24 triplet=3 (prompts 941→942→943)
2026-03-15 15:55:31,737 [INFO] src.sweep: [797/915] Running triplet 160b2e78b51cf568 — chain=subagent-dfb81a24 triplet=4 (prompts 942→943→944)
2026-03-15 15:55:32,909 [INFO] src.storage: Flushed 18200 records to Qwen2.5-32B-prompt-diff-results/results_part_000070.parquet.
2026-03-15 15:55:32,914 [INFO] src.sweep: [798/915] Running triplet 917994596c234ec7 — chain=subagent-dfb81a24 triplet=5 (prompts 943→944→945)
2026-03-15 15:55:34,769 [INFO] src.sweep: [799/915] Running triplet c90ca06ca364ed03 — chain=subagent-dfb81a24 triplet=6 (prompts 944→945→946)
2026-03-15 15:55:36,491 [INFO] src.sweep: [800/915] Running triplet 34024e40b5446d54 — chain=subagent-dfb81a24 triplet=7 (prompts 945→946→947)
2026-03-15 15:55:38,731 [INFO] src.sweep: [801/915] Running triplet ad5ab7238b7b7912 — chain=subagent-dfb81a24 triplet=8 (prompts 946→947→948)
2026-03-15 15:55:41,252 [INFO] src.sweep: [802/915] Running triplet 311385a82c0b1d24 — chain=subagent-dfb81a24 triplet=9 (prompts 947→948→949)
2026-03-15 15:55:44,372 [INFO] src.sweep: [803/915] Running triplet 4503f05ac8383bd3 — chain=subagent-dfb81a24 triplet=10 (prompts 948→949→950)
2026-03-15 15:55:47,330 [INFO] src.sweep: [804/915] Running triplet 18269df54cb70314 — chain=subagent-dfb81a24 triplet=11 (prompts 949→950→951)
2026-03-15 15:55:51,572 [INFO] src.sweep: [805/915] Running triplet d95815afa76d58c6 — chain=subagent-dfb81a24 triplet=12 (prompts 950→951→952)
2026-03-15 15:55:55,536 [INFO] src.sweep: [806/915] Running triplet b552915b77467271 — chain=subagent-e1442a18 triplet=0 (prompts 953→954→955)
2026-03-15 15:55:56,649 [INFO] src.sweep: [807/915] Running triplet d581007188c1121f — chain=subagent-e1442a18 triplet=1 (prompts 954→955→956)
2026-03-15 15:55:58,504 [INFO] src.storage: Flushed 12870 records to Qwen2.5-32B-prompt-diff-results/results_part_000071.parquet.
2026-03-15 15:55:58,508 [INFO] src.sweep: [808/915] Running triplet 3f1e82e9e4f50da8 — chain=subagent-e1442a18 triplet=2 (prompts 955→956→957)
2026-03-15 15:56:00,730 [INFO] src.sweep: [809/915] Running triplet 0c645500851aa3ab — chain=subagent-e1442a18 triplet=3 (prompts 956→957→958)
2026-03-15 15:56:03,213 [INFO] src.sweep: [810/915] Running triplet 185085770e694038 — chain=subagent-e1442a18 triplet=4 (prompts 957→958→959)
2026-03-15 15:56:06,789 [INFO] src.sweep: [811/915] Running triplet 149dd8854fef5f3c — chain=subagent-e1442a18 triplet=5 (prompts 958→959→960)
2026-03-15 15:56:10,340 [INFO] src.sweep: [812/915] Running triplet 30535306167eb77c — chain=subagent-e1442a18 triplet=6 (prompts 959→960→961)
2026-03-15 15:56:16,366 [INFO] src.sweep: [813/915] Running triplet ae4cd7cfd89bd67f — chain=subagent-e1442a18 triplet=7 (prompts 960→961→962)
2026-03-15 15:56:21,928 [INFO] src.sweep: [814/915] Running triplet 44ca6dc2e45bb833 — chain=subagent-e1442a18 triplet=8 (prompts 961→962→963)
2026-03-15 15:56:28,812 [INFO] src.sweep: [815/915] Running triplet 7b0e7bb8cd5345e6 — chain=subagent-e1442a18 triplet=9 (prompts 962→963→964)
2026-03-15 15:56:36,388 [INFO] src.sweep: [816/915] Running triplet 94505733021ed106 — chain=subagent-e1442a18 triplet=10 (prompts 963→964→965)
2026-03-15 15:56:46,986 [INFO] src.sweep: [817/915] Running triplet a401f3b58bbb1d78 — chain=subagent-e1442a18 triplet=11 (prompts 964→965→966)
2026-03-15 15:56:56,854 [INFO] src.storage: Flushed 17225 records to Qwen2.5-32B-prompt-diff-results/results_part_000072.parquet.
2026-03-15 15:56:56,859 [INFO] src.sweep: [818/915] Running triplet 4b888860b235bbac — chain=subagent-e1442a18 triplet=12 (prompts 965→966→967)
2026-03-15 15:57:08,446 [INFO] src.sweep: [819/915] Running triplet 67f005001d97cfba — chain=subagent-e3c2fc7a triplet=0 (prompts 968→969→970)
2026-03-15 15:57:09,723 [INFO] src.sweep: [820/915] Running triplet ce149231d304594b — chain=subagent-e3c2fc7a triplet=1 (prompts 969→970→971)
2026-03-15 15:57:11,257 [INFO] src.sweep: [821/915] Running triplet 1cd84da518680135 — chain=subagent-e3c2fc7a triplet=2 (prompts 970→971→972)
2026-03-15 15:57:15,178 [INFO] src.sweep: [822/915] Running triplet ba0c95cb75a8ac2b — chain=subagent-e3c2fc7a triplet=3 (prompts 971→972→973)
2026-03-15 15:57:20,893 [INFO] src.sweep: [823/915] Running triplet 3f5d35deaa9b980c — chain=subagent-e3c2fc7a triplet=4 (prompts 972→973→974)
2026-03-15 15:57:28,727 [INFO] src.sweep: [824/915] Running triplet c68a22883006c397 — chain=subagent-e3c2fc7a triplet=5 (prompts 973→974→975)
2026-03-15 15:57:39,339 [INFO] src.sweep: [825/915] Running triplet 16a300f487e19109 — chain=subagent-e3c2fc7a triplet=6 (prompts 974→975→976)
2026-03-15 15:57:51,842 [INFO] src.sweep: [826/915] Running triplet 60c57cb950db00b4 — chain=subagent-e3c2fc7a triplet=7 (prompts 975→976→977)
2026-03-15 15:58:06,648 [INFO] src.sweep: [827/915] Running triplet 37a66797282471da — chain=subagent-e3c2fc7a triplet=8 (prompts 976→977→978)
2026-03-15 15:58:24,267 [INFO] src.storage: Flushed 24375 records to Qwen2.5-32B-prompt-diff-results/results_part_000073.parquet.
2026-03-15 15:58:24,273 [INFO] src.sweep: [828/915] Running triplet 0c71ea73a313bb3a — chain=subagent-e3c2fc7a triplet=9 (prompts 977→978→979)
2026-03-15 15:58:44,171 [INFO] src.sweep: [829/915] Running triplet 0c3fdfd24fb0afe7 — chain=subagent-e3c2fc7a triplet=10 (prompts 978→979→980)
2026-03-15 15:59:07,060 [INFO] src.sweep: [830/915] Running triplet 9d6925cb74dd5391 — chain=subagent-e3c2fc7a triplet=11 (prompts 979→980→981)
2026-03-15 15:59:32,425 [ERROR] src.sweep: Triplet experiment 9d6925cb74dd5391 failed.
Traceback (most recent call last):
  File "/root/context/ActivationPerturbationAnalysis/src/sweep.py", line 283, in run_sweep
    records = run_triplet_experiment(
  File "/root/context/ActivationPerturbationAnalysis/src/experiment.py", line 305, in run_triplet_experiment
    skip_hidden = extract_hidden_states(model, triplet.seq_skip_ids)
  File "/usr/local/lib/python3.10/dist-packages/torch/utils/_contextlib.py", line 116, in decorate_context
    return func(*args, **kwargs)
  File "/root/context/ActivationPerturbationAnalysis/src/model.py", line 100, in extract_hidden_states
    hidden_states = torch.stack(
torch.OutOfMemoryError: CUDA out of memory. Tried to allocate 18.88 GiB. GPU 0 has a total capacity of 79.32 GiB of which 14.30 GiB is free. Process 3497353 has 65.01 GiB memory in use. Of the allocated memory 61.04 GiB is allocated by PyTorch, and 3.47 GiB is reserved by PyTorch but unallocated. If reserved but unallocated memory is large try setting PYTORCH_CUDA_ALLOC_CONF=expandable_segments:True to avoid fragmentation.  See documentation for Memory Management  (https://pytorch.org/docs/stable/notes/cuda.html#environment-variables)
2026-03-15 15:59:32,427 [INFO] src.sweep: [831/915] Running triplet 8536a2614fa9753f — chain=subagent-e3c2fc7a triplet=12 (prompts 980→981→982)
2026-03-15 16:00:00,775 [ERROR] src.sweep: Triplet experiment 8536a2614fa9753f failed.
Traceback (most recent call last):
  File "/root/context/ActivationPerturbationAnalysis/src/sweep.py", line 283, in run_sweep
    records = run_triplet_experiment(
  File "/root/context/ActivationPerturbationAnalysis/src/experiment.py", line 305, in run_triplet_experiment
    skip_hidden = extract_hidden_states(model, triplet.seq_skip_ids)
  File "/usr/local/lib/python3.10/dist-packages/torch/utils/_contextlib.py", line 116, in decorate_context
    return func(*args, **kwargs)
  File "/root/context/ActivationPerturbationAnalysis/src/model.py", line 100, in extract_hidden_states
    hidden_states = torch.stack(
torch.OutOfMemoryError: CUDA out of memory. Tried to allocate 20.81 GiB. GPU 0 has a total capacity of 79.32 GiB of which 2.47 GiB is free. Process 3497353 has 76.84 GiB memory in use. Of the allocated memory 65.90 GiB is allocated by PyTorch, and 10.45 GiB is reserved by PyTorch but unallocated. If reserved but unallocated memory is large try setting PYTORCH_CUDA_ALLOC_CONF=expandable_segments:True to avoid fragmentation.  See documentation for Memory Management  (https://pytorch.org/docs/stable/notes/cuda.html#environment-variables)
2026-03-15 16:00:00,777 [INFO] src.sweep: [832/915] Running triplet f322006aba887af4 — chain=subagent-e5262fcd triplet=0 (prompts 983→984→985)
2026-03-15 16:00:02,822 [INFO] src.sweep: [833/915] Running triplet d237fa15a4f1107a — chain=subagent-e5262fcd triplet=1 (prompts 984→985→986)
2026-03-15 16:00:05,312 [INFO] src.sweep: [834/915] Running triplet 257f9c27ab55c7bd — chain=subagent-e5262fcd triplet=2 (prompts 985→986→987)
2026-03-15 16:00:09,920 [INFO] src.sweep: [835/915] Running triplet f064575dbdb77831 — chain=subagent-e5262fcd triplet=3 (prompts 986→987→988)
2026-03-15 16:00:15,139 [INFO] src.sweep: [836/915] Running triplet 57b11d35ca4d82eb — chain=subagent-e5262fcd triplet=4 (prompts 987→988→989)
2026-03-15 16:00:21,057 [INFO] src.sweep: [837/915] Running triplet 2e1577916ed2a958 — chain=subagent-e5262fcd triplet=5 (prompts 988→989→990)
2026-03-15 16:00:28,300 [INFO] src.sweep: [838/915] Running triplet 45ddaa206b97838f — chain=subagent-e5262fcd triplet=6 (prompts 989→990→991)
2026-03-15 16:00:36,157 [INFO] src.sweep: [839/915] Running triplet 8620d9e4b0fefac4 — chain=subagent-e5262fcd triplet=7 (prompts 990→991→992)
2026-03-15 16:00:44,319 [INFO] src.storage: Flushed 19435 records to Qwen2.5-32B-prompt-diff-results/results_part_000074.parquet.
2026-03-15 16:00:44,324 [INFO] src.sweep: [840/915] Running triplet 704bacc7b6facf94 — chain=subagent-e5262fcd triplet=8 (prompts 991→992→993)
2026-03-15 16:00:52,942 [INFO] src.sweep: [841/915] Running triplet 5ee38463e3dff831 — chain=subagent-e5262fcd triplet=9 (prompts 992→993→994)
2026-03-15 16:01:02,459 [INFO] src.sweep: [842/915] Running triplet 55a4f976ec47bc8b — chain=subagent-e5262fcd triplet=10 (prompts 993→994→995)
2026-03-15 16:01:11,788 [INFO] src.sweep: [843/915] Running triplet 37b36f2e5bf53e83 — chain=subagent-e5262fcd triplet=11 (prompts 994→995→996)
2026-03-15 16:01:22,103 [INFO] src.sweep: [844/915] Running triplet 36fa5f467c3a7789 — chain=subagent-e5262fcd triplet=12 (prompts 995→996→997)
2026-03-15 16:01:32,562 [INFO] src.sweep: [845/915] Running triplet 3288e505ee962c73 — chain=subagent-e73d0d11 triplet=0 (prompts 998→999→1000)
2026-03-15 16:01:33,163 [INFO] src.sweep: [846/915] Running triplet 8f9b20118859e640 — chain=subagent-e73d0d11 triplet=1 (prompts 999→1000→1001)
2026-03-15 16:01:33,885 [INFO] src.sweep: [847/915] Running triplet 176a8295786dc26a — chain=subagent-e73d0d11 triplet=2 (prompts 1000→1001→1002)
2026-03-15 16:01:34,710 [INFO] src.sweep: [848/915] Running triplet 9c85cde87d30e50b — chain=subagent-e73d0d11 triplet=3 (prompts 1001→1002→1003)
2026-03-15 16:01:35,685 [INFO] src.sweep: [849/915] Running triplet 9a66804de72c1d0f — chain=subagent-e73d0d11 triplet=4 (prompts 1002→1003→1004)
2026-03-15 16:01:36,737 [INFO] src.storage: Flushed 11180 records to Qwen2.5-32B-prompt-diff-results/results_part_000075.parquet.
2026-03-15 16:01:36,740 [INFO] src.sweep: [850/915] Running triplet 6400c7935b803795 — chain=subagent-e73d0d11 triplet=5 (prompts 1003→1004→1005)
2026-03-15 16:01:37,750 [INFO] src.sweep: [851/915] Running triplet 0177f1c80a33f47b — chain=subagent-e73d0d11 triplet=6 (prompts 1004→1005→1006)
2026-03-15 16:01:51,159 [ERROR] src.sweep: Triplet experiment 0177f1c80a33f47b failed.
Traceback (most recent call last):
  File "/root/context/ActivationPerturbationAnalysis/src/sweep.py", line 283, in run_sweep
    records = run_triplet_experiment(
  File "/root/context/ActivationPerturbationAnalysis/src/experiment.py", line 311, in run_triplet_experiment
    records = compute_distance_buckets(
  File "/usr/local/lib/python3.10/dist-packages/torch/utils/_contextlib.py", line 116, in decorate_context
    return func(*args, **kwargs)
  File "/root/context/ActivationPerturbationAnalysis/src/metrics.py", line 116, in compute_distance_buckets
    all_sim = F.cosine_similarity(orig_post, pert_post, dim=-1)
RuntimeError: CUDA error: unspecified launch failure
CUDA kernel errors might be asynchronously reported at some other API call, so the stacktrace below might be incorrect.
For debugging consider passing CUDA_LAUNCH_BLOCKING=1
Compile with `TORCH_USE_CUDA_DSA` to enable device-side assertions.

2026-03-15 16:01:51,160 [INFO] src.sweep: [852/915] Running triplet 54415cb46e6f4bb2 — chain=subagent-e73d7c4e triplet=0 (prompts 1007→1008→1009)
2026-03-15 16:01:51,171 [ERROR] src.sweep: Triplet experiment 54415cb46e6f4bb2 failed.
Traceback (most recent call last):
  File "/root/context/ActivationPerturbationAnalysis/src/sweep.py", line 283, in run_sweep
    records = run_triplet_experiment(
  File "/root/context/ActivationPerturbationAnalysis/src/experiment.py", line 299, in run_triplet_experiment
    full_hidden = extract_hidden_states(model, triplet.seq_full_ids)
  File "/usr/local/lib/python3.10/dist-packages/torch/utils/_contextlib.py", line 116, in decorate_context
    return func(*args, **kwargs)
  File "/root/context/ActivationPerturbationAnalysis/src/model.py", line 94, in extract_hidden_states
    input_ids = torch.tensor([token_ids], dtype=torch.long, device=device)
RuntimeError: CUDA error: unspecified launch failure
CUDA kernel errors might be asynchronously reported at some other API call, so the stacktrace below might be incorrect.
For debugging consider passing CUDA_LAUNCH_BLOCKING=1
Compile with `TORCH_USE_CUDA_DSA` to enable device-side assertions.

2026-03-15 16:01:51,172 [INFO] src.sweep: [853/915] Running triplet a98b24426261bc4f — chain=subagent-e73d7c4e triplet=1 (prompts 1008→1009→1010)
2026-03-15 16:01:51,182 [ERROR] src.sweep: Triplet experiment a98b24426261bc4f failed.
Traceback (most recent call last):
  File "/root/context/ActivationPerturbationAnalysis/src/sweep.py", line 283, in run_sweep
    records = run_triplet_experiment(
  File "/root/context/ActivationPerturbationAnalysis/src/experiment.py", line 299, in run_triplet_experiment
    full_hidden = extract_hidden_states(model, triplet.seq_full_ids)
  File "/usr/local/lib/python3.10/dist-packages/torch/utils/_contextlib.py", line 116, in decorate_context
    return func(*args, **kwargs)
  File "/root/context/ActivationPerturbationAnalysis/src/model.py", line 94, in extract_hidden_states
    input_ids = torch.tensor([token_ids], dtype=torch.long, device=device)
RuntimeError: CUDA error: unspecified launch failure
CUDA kernel errors might be asynchronously reported at some other API call, so the stacktrace below might be incorrect.
For debugging consider passing CUDA_LAUNCH_BLOCKING=1
Compile with `TORCH_USE_CUDA_DSA` to enable device-side assertions.

2026-03-15 16:01:51,183 [INFO] src.sweep: [854/915] Running triplet bb0f32f65204ecc2 — chain=subagent-e73d7c4e triplet=2 (prompts 1009→1010→1011)
2026-03-15 16:01:51,199 [ERROR] src.sweep: Triplet experiment bb0f32f65204ecc2 failed.
Traceback (most recent call last):
  File "/root/context/ActivationPerturbationAnalysis/src/sweep.py", line 283, in run_sweep
    records = run_triplet_experiment(
  File "/root/context/ActivationPerturbationAnalysis/src/experiment.py", line 299, in run_triplet_experiment
    full_hidden = extract_hidden_states(model, triplet.seq_full_ids)
  File "/usr/local/lib/python3.10/dist-packages/torch/utils/_contextlib.py", line 116, in decorate_context
    return func(*args, **kwargs)
  File "/root/context/ActivationPerturbationAnalysis/src/model.py", line 94, in extract_hidden_states
    input_ids = torch.tensor([token_ids], dtype=torch.long, device=device)
RuntimeError: CUDA error: unspecified launch failure
CUDA kernel errors might be asynchronously reported at some other API call, so the stacktrace below might be incorrect.
For debugging consider passing CUDA_LAUNCH_BLOCKING=1
Compile with `TORCH_USE_CUDA_DSA` to enable device-side assertions.

2026-03-15 16:01:51,199 [INFO] src.sweep: [855/915] Running triplet 0012db27e48954eb — chain=subagent-e73d7c4e triplet=3 (prompts 1010→1011→1012)
2026-03-15 16:01:51,218 [ERROR] src.sweep: Triplet experiment 0012db27e48954eb failed.
Traceback (most recent call last):
  File "/root/context/ActivationPerturbationAnalysis/src/sweep.py", line 283, in run_sweep
    records = run_triplet_experiment(
  File "/root/context/ActivationPerturbationAnalysis/src/experiment.py", line 299, in run_triplet_experiment
    full_hidden = extract_hidden_states(model, triplet.seq_full_ids)
  File "/usr/local/lib/python3.10/dist-packages/torch/utils/_contextlib.py", line 116, in decorate_context
    return func(*args, **kwargs)
  File "/root/context/ActivationPerturbationAnalysis/src/model.py", line 94, in extract_hidden_states
    input_ids = torch.tensor([token_ids], dtype=torch.long, device=device)
RuntimeError: CUDA error: unspecified launch failure
CUDA kernel errors might be asynchronously reported at some other API call, so the stacktrace below might be incorrect.
For debugging consider passing CUDA_LAUNCH_BLOCKING=1
Compile with `TORCH_USE_CUDA_DSA` to enable device-side assertions.

2026-03-15 16:01:51,218 [INFO] src.sweep: [856/915] Running triplet afe59ca2f01c9060 — chain=subagent-e73d7c4e triplet=4 (prompts 1011→1012→1013)
2026-03-15 16:01:51,240 [ERROR] src.sweep: Triplet experiment afe59ca2f01c9060 failed.
Traceback (most recent call last):
  File "/root/context/ActivationPerturbationAnalysis/src/sweep.py", line 283, in run_sweep
    records = run_triplet_experiment(
  File "/root/context/ActivationPerturbationAnalysis/src/experiment.py", line 299, in run_triplet_experiment
    full_hidden = extract_hidden_states(model, triplet.seq_full_ids)
  File "/usr/local/lib/python3.10/dist-packages/torch/utils/_contextlib.py", line 116, in decorate_context
    return func(*args, **kwargs)
  File "/root/context/ActivationPerturbationAnalysis/src/model.py", line 94, in extract_hidden_states
    input_ids = torch.tensor([token_ids], dtype=torch.long, device=device)
RuntimeError: CUDA error: unspecified launch failure
CUDA kernel errors might be asynchronously reported at some other API call, so the stacktrace below might be incorrect.
For debugging consider passing CUDA_LAUNCH_BLOCKING=1
Compile with `TORCH_USE_CUDA_DSA` to enable device-side assertions.

2026-03-15 16:01:51,240 [INFO] src.sweep: [857/915] Running triplet c86bd0370754e183 — chain=subagent-e73d7c4e triplet=5 (prompts 1012→1013→1014)
2026-03-15 16:01:51,263 [ERROR] src.sweep: Triplet experiment c86bd0370754e183 failed.
Traceback (most recent call last):
  File "/root/context/ActivationPerturbationAnalysis/src/sweep.py", line 283, in run_sweep
    records = run_triplet_experiment(
  File "/root/context/ActivationPerturbationAnalysis/src/experiment.py", line 299, in run_triplet_experiment
    full_hidden = extract_hidden_states(model, triplet.seq_full_ids)
  File "/usr/local/lib/python3.10/dist-packages/torch/utils/_contextlib.py", line 116, in decorate_context
    return func(*args, **kwargs)
  File "/root/context/ActivationPerturbationAnalysis/src/model.py", line 94, in extract_hidden_states
    input_ids = torch.tensor([token_ids], dtype=torch.long, device=device)
RuntimeError: CUDA error: unspecified launch failure
CUDA kernel errors might be asynchronously reported at some other API call, so the stacktrace below might be incorrect.
For debugging consider passing CUDA_LAUNCH_BLOCKING=1
Compile with `TORCH_USE_CUDA_DSA` to enable device-side assertions.

2026-03-15 16:01:51,263 [INFO] src.sweep: [858/915] Running triplet 829c30622c6b2a87 — chain=subagent-e73d7c4e triplet=6 (prompts 1013→1014→1015)
2026-03-15 16:01:51,288 [ERROR] src.sweep: Triplet experiment 829c30622c6b2a87 failed.
Traceback (most recent call last):
  File "/root/context/ActivationPerturbationAnalysis/src/sweep.py", line 283, in run_sweep
    records = run_triplet_experiment(
  File "/root/context/ActivationPerturbationAnalysis/src/experiment.py", line 299, in run_triplet_experiment
    full_hidden = extract_hidden_states(model, triplet.seq_full_ids)
  File "/usr/local/lib/python3.10/dist-packages/torch/utils/_contextlib.py", line 116, in decorate_context
    return func(*args, **kwargs)
  File "/root/context/ActivationPerturbationAnalysis/src/model.py", line 94, in extract_hidden_states
    input_ids = torch.tensor([token_ids], dtype=torch.long, device=device)
RuntimeError: CUDA error: unspecified launch failure
CUDA kernel errors might be asynchronously reported at some other API call, so the stacktrace below might be incorrect.
For debugging consider passing CUDA_LAUNCH_BLOCKING=1
Compile with `TORCH_USE_CUDA_DSA` to enable device-side assertions.

2026-03-15 16:01:51,288 [INFO] src.sweep: [859/915] Running triplet a373a88525285f5d — chain=subagent-e73d7c4e triplet=7 (prompts 1014→1015→1016)
2026-03-15 16:01:51,315 [ERROR] src.sweep: Triplet experiment a373a88525285f5d failed.
Traceback (most recent call last):
  File "/root/context/ActivationPerturbationAnalysis/src/sweep.py", line 283, in run_sweep
    records = run_triplet_experiment(
  File "/root/context/ActivationPerturbationAnalysis/src/experiment.py", line 299, in run_triplet_experiment
    full_hidden = extract_hidden_states(model, triplet.seq_full_ids)
  File "/usr/local/lib/python3.10/dist-packages/torch/utils/_contextlib.py", line 116, in decorate_context
    return func(*args, **kwargs)
  File "/root/context/ActivationPerturbationAnalysis/src/model.py", line 94, in extract_hidden_states
    input_ids = torch.tensor([token_ids], dtype=torch.long, device=device)
RuntimeError: CUDA error: unspecified launch failure
CUDA kernel errors might be asynchronously reported at some other API call, so the stacktrace below might be incorrect.
For debugging consider passing CUDA_LAUNCH_BLOCKING=1
Compile with `TORCH_USE_CUDA_DSA` to enable device-side assertions.

2026-03-15 16:01:51,316 [INFO] src.sweep: [860/915] Running triplet 880cbc332bbd4b16 — chain=subagent-e73d7c4e triplet=8 (prompts 1015→1016→1017)
2026-03-15 16:01:51,347 [ERROR] src.sweep: Triplet experiment 880cbc332bbd4b16 failed.
Traceback (most recent call last):
  File "/root/context/ActivationPerturbationAnalysis/src/sweep.py", line 283, in run_sweep
    records = run_triplet_experiment(
  File "/root/context/ActivationPerturbationAnalysis/src/experiment.py", line 299, in run_triplet_experiment
    full_hidden = extract_hidden_states(model, triplet.seq_full_ids)
  File "/usr/local/lib/python3.10/dist-packages/torch/utils/_contextlib.py", line 116, in decorate_context
    return func(*args, **kwargs)
  File "/root/context/ActivationPerturbationAnalysis/src/model.py", line 94, in extract_hidden_states
    input_ids = torch.tensor([token_ids], dtype=torch.long, device=device)
RuntimeError: CUDA error: unspecified launch failure
CUDA kernel errors might be asynchronously reported at some other API call, so the stacktrace below might be incorrect.
For debugging consider passing CUDA_LAUNCH_BLOCKING=1
Compile with `TORCH_USE_CUDA_DSA` to enable device-side assertions.

2026-03-15 16:01:51,348 [INFO] src.sweep: [861/915] Running triplet 9d6645f09128d06a — chain=subagent-e73d7c4e triplet=9 (prompts 1016→1017→1018)
2026-03-15 16:01:51,383 [ERROR] src.sweep: Triplet experiment 9d6645f09128d06a failed.
Traceback (most recent call last):
  File "/root/context/ActivationPerturbationAnalysis/src/sweep.py", line 283, in run_sweep
    records = run_triplet_experiment(
  File "/root/context/ActivationPerturbationAnalysis/src/experiment.py", line 299, in run_triplet_experiment
    full_hidden = extract_hidden_states(model, triplet.seq_full_ids)
  File "/usr/local/lib/python3.10/dist-packages/torch/utils/_contextlib.py", line 116, in decorate_context
    return func(*args, **kwargs)
  File "/root/context/ActivationPerturbationAnalysis/src/model.py", line 94, in extract_hidden_states
    input_ids = torch.tensor([token_ids], dtype=torch.long, device=device)
RuntimeError: CUDA error: unspecified launch failure
CUDA kernel errors might be asynchronously reported at some other API call, so the stacktrace below might be incorrect.
For debugging consider passing CUDA_LAUNCH_BLOCKING=1
Compile with `TORCH_USE_CUDA_DSA` to enable device-side assertions.

2026-03-15 16:01:51,383 [INFO] src.sweep: [862/915] Running triplet 80dad75383a7b806 — chain=subagent-e73d7c4e triplet=10 (prompts 1017→1018→1019)
2026-03-15 16:01:51,422 [ERROR] src.sweep: Triplet experiment 80dad75383a7b806 failed.
Traceback (most recent call last):
  File "/root/context/ActivationPerturbationAnalysis/src/sweep.py", line 283, in run_sweep
    records = run_triplet_experiment(
  File "/root/context/ActivationPerturbationAnalysis/src/experiment.py", line 299, in run_triplet_experiment
    full_hidden = extract_hidden_states(model, triplet.seq_full_ids)
  File "/usr/local/lib/python3.10/dist-packages/torch/utils/_contextlib.py", line 116, in decorate_context
    return func(*args, **kwargs)
  File "/root/context/ActivationPerturbationAnalysis/src/model.py", line 94, in extract_hidden_states
    input_ids = torch.tensor([token_ids], dtype=torch.long, device=device)
RuntimeError: CUDA error: unspecified launch failure
CUDA kernel errors might be asynchronously reported at some other API call, so the stacktrace below might be incorrect.
For debugging consider passing CUDA_LAUNCH_BLOCKING=1
Compile with `TORCH_USE_CUDA_DSA` to enable device-side assertions.

2026-03-15 16:01:51,422 [INFO] src.sweep: [863/915] Running triplet 475d1589fe874321 — chain=subagent-e73d7c4e triplet=11 (prompts 1018→1019→1020)
2026-03-15 16:01:51,461 [ERROR] src.sweep: Triplet experiment 475d1589fe874321 failed.
Traceback (most recent call last):
  File "/root/context/ActivationPerturbationAnalysis/src/sweep.py", line 283, in run_sweep
    records = run_triplet_experiment(
  File "/root/context/ActivationPerturbationAnalysis/src/experiment.py", line 299, in run_triplet_experiment
    full_hidden = extract_hidden_states(model, triplet.seq_full_ids)
  File "/usr/local/lib/python3.10/dist-packages/torch/utils/_contextlib.py", line 116, in decorate_context
    return func(*args, **kwargs)
  File "/root/context/ActivationPerturbationAnalysis/src/model.py", line 94, in extract_hidden_states
    input_ids = torch.tensor([token_ids], dtype=torch.long, device=device)
RuntimeError: CUDA error: unspecified launch failure
CUDA kernel errors might be asynchronously reported at some other API call, so the stacktrace below might be incorrect.
For debugging consider passing CUDA_LAUNCH_BLOCKING=1
Compile with `TORCH_USE_CUDA_DSA` to enable device-side assertions.

2026-03-15 16:01:51,462 [INFO] src.sweep: [864/915] Running triplet ec3120a0c13fe2d1 — chain=subagent-e73d7c4e triplet=12 (prompts 1019→1020→1021)
2026-03-15 16:01:51,505 [ERROR] src.sweep: Triplet experiment ec3120a0c13fe2d1 failed.
Traceback (most recent call last):
  File "/root/context/ActivationPerturbationAnalysis/src/sweep.py", line 283, in run_sweep
    records = run_triplet_experiment(
  File "/root/context/ActivationPerturbationAnalysis/src/experiment.py", line 299, in run_triplet_experiment
    full_hidden = extract_hidden_states(model, triplet.seq_full_ids)
  File "/usr/local/lib/python3.10/dist-packages/torch/utils/_contextlib.py", line 116, in decorate_context
    return func(*args, **kwargs)
  File "/root/context/ActivationPerturbationAnalysis/src/model.py", line 94, in extract_hidden_states
    input_ids = torch.tensor([token_ids], dtype=torch.long, device=device)
RuntimeError: CUDA error: unspecified launch failure
CUDA kernel errors might be asynchronously reported at some other API call, so the stacktrace below might be incorrect.
For debugging consider passing CUDA_LAUNCH_BLOCKING=1
Compile with `TORCH_USE_CUDA_DSA` to enable device-side assertions.

2026-03-15 16:01:51,505 [INFO] src.sweep: [865/915] Running triplet 446e1f1c31d96612 — chain=subagent-e74acabf triplet=0 (prompts 1022→1023→1024)
2026-03-15 16:01:51,511 [ERROR] src.sweep: Triplet experiment 446e1f1c31d96612 failed.
Traceback (most recent call last):
  File "/root/context/ActivationPerturbationAnalysis/src/sweep.py", line 283, in run_sweep
    records = run_triplet_experiment(
  File "/root/context/ActivationPerturbationAnalysis/src/experiment.py", line 299, in run_triplet_experiment
    full_hidden = extract_hidden_states(model, triplet.seq_full_ids)
  File "/usr/local/lib/python3.10/dist-packages/torch/utils/_contextlib.py", line 116, in decorate_context
    return func(*args, **kwargs)
  File "/root/context/ActivationPerturbationAnalysis/src/model.py", line 94, in extract_hidden_states
    input_ids = torch.tensor([token_ids], dtype=torch.long, device=device)
RuntimeError: CUDA error: unspecified launch failure
CUDA kernel errors might be asynchronously reported at some other API call, so the stacktrace below might be incorrect.
For debugging consider passing CUDA_LAUNCH_BLOCKING=1
Compile with `TORCH_USE_CUDA_DSA` to enable device-side assertions.

2026-03-15 16:01:51,511 [INFO] src.sweep: [866/915] Running triplet 730c7cdc77dec266 — chain=subagent-e74acabf triplet=1 (prompts 1023→1024→1025)
2026-03-15 16:01:51,519 [ERROR] src.sweep: Triplet experiment 730c7cdc77dec266 failed.
Traceback (most recent call last):
  File "/root/context/ActivationPerturbationAnalysis/src/sweep.py", line 283, in run_sweep
    records = run_triplet_experiment(
  File "/root/context/ActivationPerturbationAnalysis/src/experiment.py", line 299, in run_triplet_experiment
    full_hidden = extract_hidden_states(model, triplet.seq_full_ids)
  File "/usr/local/lib/python3.10/dist-packages/torch/utils/_contextlib.py", line 116, in decorate_context
    return func(*args, **kwargs)
  File "/root/context/ActivationPerturbationAnalysis/src/model.py", line 94, in extract_hidden_states
    input_ids = torch.tensor([token_ids], dtype=torch.long, device=device)
RuntimeError: CUDA error: unspecified launch failure
CUDA kernel errors might be asynchronously reported at some other API call, so the stacktrace below might be incorrect.
For debugging consider passing CUDA_LAUNCH_BLOCKING=1
Compile with `TORCH_USE_CUDA_DSA` to enable device-side assertions.

2026-03-15 16:01:51,519 [INFO] src.sweep: [867/915] Running triplet c71706886903f792 — chain=subagent-ef97be20 triplet=0 (prompts 1026→1027→1028)
2026-03-15 16:01:51,543 [ERROR] src.sweep: Triplet experiment c71706886903f792 failed.
Traceback (most recent call last):
  File "/root/context/ActivationPerturbationAnalysis/src/sweep.py", line 283, in run_sweep
    records = run_triplet_experiment(
  File "/root/context/ActivationPerturbationAnalysis/src/experiment.py", line 299, in run_triplet_experiment
    full_hidden = extract_hidden_states(model, triplet.seq_full_ids)
  File "/usr/local/lib/python3.10/dist-packages/torch/utils/_contextlib.py", line 116, in decorate_context
    return func(*args, **kwargs)
  File "/root/context/ActivationPerturbationAnalysis/src/model.py", line 94, in extract_hidden_states
    input_ids = torch.tensor([token_ids], dtype=torch.long, device=device)
RuntimeError: CUDA error: unspecified launch failure
CUDA kernel errors might be asynchronously reported at some other API call, so the stacktrace below might be incorrect.
For debugging consider passing CUDA_LAUNCH_BLOCKING=1
Compile with `TORCH_USE_CUDA_DSA` to enable device-side assertions.

2026-03-15 16:01:51,543 [INFO] src.sweep: [868/915] Running triplet f49c8bfa502a9f59 — chain=subagent-ef97be20 triplet=1 (prompts 1027→1028→1029)
2026-03-15 16:01:51,585 [ERROR] src.sweep: Triplet experiment f49c8bfa502a9f59 failed.
Traceback (most recent call last):
  File "/root/context/ActivationPerturbationAnalysis/src/sweep.py", line 283, in run_sweep
    records = run_triplet_experiment(
  File "/root/context/ActivationPerturbationAnalysis/src/experiment.py", line 299, in run_triplet_experiment
    full_hidden = extract_hidden_states(model, triplet.seq_full_ids)
  File "/usr/local/lib/python3.10/dist-packages/torch/utils/_contextlib.py", line 116, in decorate_context
    return func(*args, **kwargs)
  File "/root/context/ActivationPerturbationAnalysis/src/model.py", line 94, in extract_hidden_states
    input_ids = torch.tensor([token_ids], dtype=torch.long, device=device)
RuntimeError: CUDA error: unspecified launch failure
CUDA kernel errors might be asynchronously reported at some other API call, so the stacktrace below might be incorrect.
For debugging consider passing CUDA_LAUNCH_BLOCKING=1
Compile with `TORCH_USE_CUDA_DSA` to enable device-side assertions.

2026-03-15 16:01:51,586 [INFO] src.sweep: [869/915] Running triplet 1774e89349c3c007 — chain=subagent-ef97be20 triplet=2 (prompts 1028→1029→1030)
2026-03-15 16:01:51,643 [ERROR] src.sweep: Triplet experiment 1774e89349c3c007 failed.
Traceback (most recent call last):
  File "/root/context/ActivationPerturbationAnalysis/src/sweep.py", line 283, in run_sweep
    records = run_triplet_experiment(
  File "/root/context/ActivationPerturbationAnalysis/src/experiment.py", line 299, in run_triplet_experiment
    full_hidden = extract_hidden_states(model, triplet.seq_full_ids)
  File "/usr/local/lib/python3.10/dist-packages/torch/utils/_contextlib.py", line 116, in decorate_context
    return func(*args, **kwargs)
  File "/root/context/ActivationPerturbationAnalysis/src/model.py", line 94, in extract_hidden_states
    input_ids = torch.tensor([token_ids], dtype=torch.long, device=device)
RuntimeError: CUDA error: unspecified launch failure
CUDA kernel errors might be asynchronously reported at some other API call, so the stacktrace below might be incorrect.
For debugging consider passing CUDA_LAUNCH_BLOCKING=1
Compile with `TORCH_USE_CUDA_DSA` to enable device-side assertions.

2026-03-15 16:01:51,644 [INFO] src.sweep: [870/915] Running triplet 22e177577b9f2c36 — chain=subagent-ef97be20 triplet=3 (prompts 1029→1030→1031)
2026-03-15 16:01:51,720 [ERROR] src.sweep: Triplet experiment 22e177577b9f2c36 failed.
Traceback (most recent call last):
  File "/root/context/ActivationPerturbationAnalysis/src/sweep.py", line 283, in run_sweep
    records = run_triplet_experiment(
  File "/root/context/ActivationPerturbationAnalysis/src/experiment.py", line 299, in run_triplet_experiment
    full_hidden = extract_hidden_states(model, triplet.seq_full_ids)
  File "/usr/local/lib/python3.10/dist-packages/torch/utils/_contextlib.py", line 116, in decorate_context
    return func(*args, **kwargs)
  File "/root/context/ActivationPerturbationAnalysis/src/model.py", line 94, in extract_hidden_states
    input_ids = torch.tensor([token_ids], dtype=torch.long, device=device)
RuntimeError: CUDA error: unspecified launch failure
CUDA kernel errors might be asynchronously reported at some other API call, so the stacktrace below might be incorrect.
For debugging consider passing CUDA_LAUNCH_BLOCKING=1
Compile with `TORCH_USE_CUDA_DSA` to enable device-side assertions.

2026-03-15 16:01:51,721 [INFO] src.sweep: [871/915] Running triplet 00fd0f2fb8c05120 — chain=subagent-ef97be20 triplet=4 (prompts 1030→1031→1032)
2026-03-15 16:01:51,814 [ERROR] src.sweep: Triplet experiment 00fd0f2fb8c05120 failed.
Traceback (most recent call last):
  File "/root/context/ActivationPerturbationAnalysis/src/sweep.py", line 283, in run_sweep
    records = run_triplet_experiment(
  File "/root/context/ActivationPerturbationAnalysis/src/experiment.py", line 299, in run_triplet_experiment
    full_hidden = extract_hidden_states(model, triplet.seq_full_ids)
  File "/usr/local/lib/python3.10/dist-packages/torch/utils/_contextlib.py", line 116, in decorate_context
    return func(*args, **kwargs)
  File "/root/context/ActivationPerturbationAnalysis/src/model.py", line 94, in extract_hidden_states
    input_ids = torch.tensor([token_ids], dtype=torch.long, device=device)
RuntimeError: CUDA error: unspecified launch failure
CUDA kernel errors might be asynchronously reported at some other API call, so the stacktrace below might be incorrect.
For debugging consider passing CUDA_LAUNCH_BLOCKING=1
Compile with `TORCH_USE_CUDA_DSA` to enable device-side assertions.

2026-03-15 16:01:51,815 [INFO] src.sweep: [872/915] Running triplet 3bc91d87a4114496 — chain=subagent-ef97be20 triplet=5 (prompts 1031→1032→1033)
2026-03-15 16:01:51,923 [ERROR] src.sweep: Triplet experiment 3bc91d87a4114496 failed.
Traceback (most recent call last):
  File "/root/context/ActivationPerturbationAnalysis/src/sweep.py", line 283, in run_sweep
    records = run_triplet_experiment(
  File "/root/context/ActivationPerturbationAnalysis/src/experiment.py", line 299, in run_triplet_experiment
    full_hidden = extract_hidden_states(model, triplet.seq_full_ids)
  File "/usr/local/lib/python3.10/dist-packages/torch/utils/_contextlib.py", line 116, in decorate_context
    return func(*args, **kwargs)
  File "/root/context/ActivationPerturbationAnalysis/src/model.py", line 94, in extract_hidden_states
    input_ids = torch.tensor([token_ids], dtype=torch.long, device=device)
RuntimeError: CUDA error: unspecified launch failure
CUDA kernel errors might be asynchronously reported at some other API call, so the stacktrace below might be incorrect.
For debugging consider passing CUDA_LAUNCH_BLOCKING=1
Compile with `TORCH_USE_CUDA_DSA` to enable device-side assertions.

2026-03-15 16:01:51,923 [INFO] src.sweep: [873/915] Running triplet 22e082599ae079dd — chain=subagent-f0c9bc56 triplet=0 (prompts 1034→1035→1036)
2026-03-15 16:01:51,935 [ERROR] src.sweep: Triplet experiment 22e082599ae079dd failed.
Traceback (most recent call last):
  File "/root/context/ActivationPerturbationAnalysis/src/sweep.py", line 283, in run_sweep
    records = run_triplet_experiment(
  File "/root/context/ActivationPerturbationAnalysis/src/experiment.py", line 299, in run_triplet_experiment
    full_hidden = extract_hidden_states(model, triplet.seq_full_ids)
  File "/usr/local/lib/python3.10/dist-packages/torch/utils/_contextlib.py", line 116, in decorate_context
    return func(*args, **kwargs)
  File "/root/context/ActivationPerturbationAnalysis/src/model.py", line 94, in extract_hidden_states
    input_ids = torch.tensor([token_ids], dtype=torch.long, device=device)
RuntimeError: CUDA error: unspecified launch failure
CUDA kernel errors might be asynchronously reported at some other API call, so the stacktrace below might be incorrect.
For debugging consider passing CUDA_LAUNCH_BLOCKING=1
Compile with `TORCH_USE_CUDA_DSA` to enable device-side assertions.

2026-03-15 16:01:51,936 [INFO] src.sweep: [874/915] Running triplet 86a2b839bd8ddf2f — chain=subagent-f0c9bc56 triplet=1 (prompts 1035→1036→1037)
2026-03-15 16:01:51,955 [ERROR] src.sweep: Triplet experiment 86a2b839bd8ddf2f failed.
Traceback (most recent call last):
  File "/root/context/ActivationPerturbationAnalysis/src/sweep.py", line 283, in run_sweep
    records = run_triplet_experiment(
  File "/root/context/ActivationPerturbationAnalysis/src/experiment.py", line 299, in run_triplet_experiment
    full_hidden = extract_hidden_states(model, triplet.seq_full_ids)
  File "/usr/local/lib/python3.10/dist-packages/torch/utils/_contextlib.py", line 116, in decorate_context
    return func(*args, **kwargs)
  File "/root/context/ActivationPerturbationAnalysis/src/model.py", line 94, in extract_hidden_states
    input_ids = torch.tensor([token_ids], dtype=torch.long, device=device)
RuntimeError: CUDA error: unspecified launch failure
CUDA kernel errors might be asynchronously reported at some other API call, so the stacktrace below might be incorrect.
For debugging consider passing CUDA_LAUNCH_BLOCKING=1
Compile with `TORCH_USE_CUDA_DSA` to enable device-side assertions.

2026-03-15 16:01:51,955 [INFO] src.sweep: [875/915] Running triplet 2c6a46f8c35ee221 — chain=subagent-f0c9bc56 triplet=2 (prompts 1036→1037→1038)
2026-03-15 16:01:51,986 [ERROR] src.sweep: Triplet experiment 2c6a46f8c35ee221 failed.
Traceback (most recent call last):
  File "/root/context/ActivationPerturbationAnalysis/src/sweep.py", line 283, in run_sweep
    records = run_triplet_experiment(
  File "/root/context/ActivationPerturbationAnalysis/src/experiment.py", line 299, in run_triplet_experiment
    full_hidden = extract_hidden_states(model, triplet.seq_full_ids)
  File "/usr/local/lib/python3.10/dist-packages/torch/utils/_contextlib.py", line 116, in decorate_context
    return func(*args, **kwargs)
  File "/root/context/ActivationPerturbationAnalysis/src/model.py", line 94, in extract_hidden_states
    input_ids = torch.tensor([token_ids], dtype=torch.long, device=device)
RuntimeError: CUDA error: unspecified launch failure
CUDA kernel errors might be asynchronously reported at some other API call, so the stacktrace below might be incorrect.
For debugging consider passing CUDA_LAUNCH_BLOCKING=1
Compile with `TORCH_USE_CUDA_DSA` to enable device-side assertions.

2026-03-15 16:01:51,986 [INFO] src.sweep: [876/915] Running triplet fee524cce0a508db — chain=subagent-f0c9bc56 triplet=3 (prompts 1037→1038→1039)
2026-03-15 16:01:52,026 [ERROR] src.sweep: Triplet experiment fee524cce0a508db failed.
Traceback (most recent call last):
  File "/root/context/ActivationPerturbationAnalysis/src/sweep.py", line 283, in run_sweep
    records = run_triplet_experiment(
  File "/root/context/ActivationPerturbationAnalysis/src/experiment.py", line 299, in run_triplet_experiment
    full_hidden = extract_hidden_states(model, triplet.seq_full_ids)
  File "/usr/local/lib/python3.10/dist-packages/torch/utils/_contextlib.py", line 116, in decorate_context
    return func(*args, **kwargs)
  File "/root/context/ActivationPerturbationAnalysis/src/model.py", line 94, in extract_hidden_states
    input_ids = torch.tensor([token_ids], dtype=torch.long, device=device)
RuntimeError: CUDA error: unspecified launch failure
CUDA kernel errors might be asynchronously reported at some other API call, so the stacktrace below might be incorrect.
For debugging consider passing CUDA_LAUNCH_BLOCKING=1
Compile with `TORCH_USE_CUDA_DSA` to enable device-side assertions.

2026-03-15 16:01:52,026 [INFO] src.sweep: [877/915] Running triplet 616395c72ace27fb — chain=subagent-f0c9bc56 triplet=4 (prompts 1038→1039→1040)
2026-03-15 16:01:52,075 [ERROR] src.sweep: Triplet experiment 616395c72ace27fb failed.
Traceback (most recent call last):
  File "/root/context/ActivationPerturbationAnalysis/src/sweep.py", line 283, in run_sweep
    records = run_triplet_experiment(
  File "/root/context/ActivationPerturbationAnalysis/src/experiment.py", line 299, in run_triplet_experiment
    full_hidden = extract_hidden_states(model, triplet.seq_full_ids)
  File "/usr/local/lib/python3.10/dist-packages/torch/utils/_contextlib.py", line 116, in decorate_context
    return func(*args, **kwargs)
  File "/root/context/ActivationPerturbationAnalysis/src/model.py", line 94, in extract_hidden_states
    input_ids = torch.tensor([token_ids], dtype=torch.long, device=device)
RuntimeError: CUDA error: unspecified launch failure
CUDA kernel errors might be asynchronously reported at some other API call, so the stacktrace below might be incorrect.
For debugging consider passing CUDA_LAUNCH_BLOCKING=1
Compile with `TORCH_USE_CUDA_DSA` to enable device-side assertions.

2026-03-15 16:01:52,075 [INFO] src.sweep: [878/915] Running triplet 3535ae70edcd27fc — chain=subagent-f0c9bc56 triplet=5 (prompts 1039→1040→1041)
2026-03-15 16:01:52,135 [ERROR] src.sweep: Triplet experiment 3535ae70edcd27fc failed.
Traceback (most recent call last):
  File "/root/context/ActivationPerturbationAnalysis/src/sweep.py", line 283, in run_sweep
    records = run_triplet_experiment(
  File "/root/context/ActivationPerturbationAnalysis/src/experiment.py", line 299, in run_triplet_experiment
    full_hidden = extract_hidden_states(model, triplet.seq_full_ids)
  File "/usr/local/lib/python3.10/dist-packages/torch/utils/_contextlib.py", line 116, in decorate_context
    return func(*args, **kwargs)
  File "/root/context/ActivationPerturbationAnalysis/src/model.py", line 94, in extract_hidden_states
    input_ids = torch.tensor([token_ids], dtype=torch.long, device=device)
RuntimeError: CUDA error: unspecified launch failure
CUDA kernel errors might be asynchronously reported at some other API call, so the stacktrace below might be incorrect.
For debugging consider passing CUDA_LAUNCH_BLOCKING=1
Compile with `TORCH_USE_CUDA_DSA` to enable device-side assertions.

2026-03-15 16:01:52,136 [INFO] src.sweep: [879/915] Running triplet 5b155fe54c559e16 — chain=subagent-f0c9bc56 triplet=6 (prompts 1040→1041→1042)
2026-03-15 16:01:52,208 [ERROR] src.sweep: Triplet experiment 5b155fe54c559e16 failed.
Traceback (most recent call last):
  File "/root/context/ActivationPerturbationAnalysis/src/sweep.py", line 283, in run_sweep
    records = run_triplet_experiment(
  File "/root/context/ActivationPerturbationAnalysis/src/experiment.py", line 299, in run_triplet_experiment
    full_hidden = extract_hidden_states(model, triplet.seq_full_ids)
  File "/usr/local/lib/python3.10/dist-packages/torch/utils/_contextlib.py", line 116, in decorate_context
    return func(*args, **kwargs)
  File "/root/context/ActivationPerturbationAnalysis/src/model.py", line 94, in extract_hidden_states
    input_ids = torch.tensor([token_ids], dtype=torch.long, device=device)
RuntimeError: CUDA error: unspecified launch failure
CUDA kernel errors might be asynchronously reported at some other API call, so the stacktrace below might be incorrect.
For debugging consider passing CUDA_LAUNCH_BLOCKING=1
Compile with `TORCH_USE_CUDA_DSA` to enable device-side assertions.

2026-03-15 16:01:52,208 [INFO] src.sweep: [880/915] Running triplet a8dd402c0f1c6b20 — chain=subagent-f0c9bc56 triplet=7 (prompts 1041→1042→1043)
2026-03-15 16:01:52,291 [ERROR] src.sweep: Triplet experiment a8dd402c0f1c6b20 failed.
Traceback (most recent call last):
  File "/root/context/ActivationPerturbationAnalysis/src/sweep.py", line 283, in run_sweep
    records = run_triplet_experiment(
  File "/root/context/ActivationPerturbationAnalysis/src/experiment.py", line 299, in run_triplet_experiment
    full_hidden = extract_hidden_states(model, triplet.seq_full_ids)
  File "/usr/local/lib/python3.10/dist-packages/torch/utils/_contextlib.py", line 116, in decorate_context
    return func(*args, **kwargs)
  File "/root/context/ActivationPerturbationAnalysis/src/model.py", line 94, in extract_hidden_states
    input_ids = torch.tensor([token_ids], dtype=torch.long, device=device)
RuntimeError: CUDA error: unspecified launch failure
CUDA kernel errors might be asynchronously reported at some other API call, so the stacktrace below might be incorrect.
For debugging consider passing CUDA_LAUNCH_BLOCKING=1
Compile with `TORCH_USE_CUDA_DSA` to enable device-side assertions.

2026-03-15 16:01:52,291 [INFO] src.sweep: [881/915] Running triplet ecbb4ac1057c5772 — chain=subagent-f0c9bc56 triplet=8 (prompts 1042→1043→1044)
2026-03-15 16:01:52,376 [ERROR] src.sweep: Triplet experiment ecbb4ac1057c5772 failed.
Traceback (most recent call last):
  File "/root/context/ActivationPerturbationAnalysis/src/sweep.py", line 283, in run_sweep
    records = run_triplet_experiment(
  File "/root/context/ActivationPerturbationAnalysis/src/experiment.py", line 299, in run_triplet_experiment
    full_hidden = extract_hidden_states(model, triplet.seq_full_ids)
  File "/usr/local/lib/python3.10/dist-packages/torch/utils/_contextlib.py", line 116, in decorate_context
    return func(*args, **kwargs)
  File "/root/context/ActivationPerturbationAnalysis/src/model.py", line 94, in extract_hidden_states
    input_ids = torch.tensor([token_ids], dtype=torch.long, device=device)
RuntimeError: CUDA error: unspecified launch failure
CUDA kernel errors might be asynchronously reported at some other API call, so the stacktrace below might be incorrect.
For debugging consider passing CUDA_LAUNCH_BLOCKING=1
Compile with `TORCH_USE_CUDA_DSA` to enable device-side assertions.

2026-03-15 16:01:52,376 [INFO] src.sweep: [882/915] Running triplet 68bd52a3119d1651 — chain=subagent-f0c9bc56 triplet=9 (prompts 1043→1044→1045)
2026-03-15 16:01:52,468 [ERROR] src.sweep: Triplet experiment 68bd52a3119d1651 failed.
Traceback (most recent call last):
  File "/root/context/ActivationPerturbationAnalysis/src/sweep.py", line 283, in run_sweep
    records = run_triplet_experiment(
  File "/root/context/ActivationPerturbationAnalysis/src/experiment.py", line 299, in run_triplet_experiment
    full_hidden = extract_hidden_states(model, triplet.seq_full_ids)
  File "/usr/local/lib/python3.10/dist-packages/torch/utils/_contextlib.py", line 116, in decorate_context
    return func(*args, **kwargs)
  File "/root/context/ActivationPerturbationAnalysis/src/model.py", line 94, in extract_hidden_states
    input_ids = torch.tensor([token_ids], dtype=torch.long, device=device)
RuntimeError: CUDA error: unspecified launch failure
CUDA kernel errors might be asynchronously reported at some other API call, so the stacktrace below might be incorrect.
For debugging consider passing CUDA_LAUNCH_BLOCKING=1
Compile with `TORCH_USE_CUDA_DSA` to enable device-side assertions.

2026-03-15 16:01:52,468 [INFO] src.sweep: [883/915] Running triplet 2d7a0f118fc1d433 — chain=subagent-f0c9bc56 triplet=10 (prompts 1044→1045→1046)
2026-03-15 16:01:52,567 [ERROR] src.sweep: Triplet experiment 2d7a0f118fc1d433 failed.
Traceback (most recent call last):
  File "/root/context/ActivationPerturbationAnalysis/src/sweep.py", line 283, in run_sweep
    records = run_triplet_experiment(
  File "/root/context/ActivationPerturbationAnalysis/src/experiment.py", line 299, in run_triplet_experiment
    full_hidden = extract_hidden_states(model, triplet.seq_full_ids)
  File "/usr/local/lib/python3.10/dist-packages/torch/utils/_contextlib.py", line 116, in decorate_context
    return func(*args, **kwargs)
  File "/root/context/ActivationPerturbationAnalysis/src/model.py", line 94, in extract_hidden_states
    input_ids = torch.tensor([token_ids], dtype=torch.long, device=device)
RuntimeError: CUDA error: unspecified launch failure
CUDA kernel errors might be asynchronously reported at some other API call, so the stacktrace below might be incorrect.
For debugging consider passing CUDA_LAUNCH_BLOCKING=1
Compile with `TORCH_USE_CUDA_DSA` to enable device-side assertions.

2026-03-15 16:01:52,567 [INFO] src.sweep: [884/915] Running triplet fb7847bcef0f61f9 — chain=subagent-f0c9bc56 triplet=11 (prompts 1045→1046→1047)
2026-03-15 16:01:52,679 [ERROR] src.sweep: Triplet experiment fb7847bcef0f61f9 failed.
Traceback (most recent call last):
  File "/root/context/ActivationPerturbationAnalysis/src/sweep.py", line 283, in run_sweep
    records = run_triplet_experiment(
  File "/root/context/ActivationPerturbationAnalysis/src/experiment.py", line 299, in run_triplet_experiment
    full_hidden = extract_hidden_states(model, triplet.seq_full_ids)
  File "/usr/local/lib/python3.10/dist-packages/torch/utils/_contextlib.py", line 116, in decorate_context
    return func(*args, **kwargs)
  File "/root/context/ActivationPerturbationAnalysis/src/model.py", line 94, in extract_hidden_states
    input_ids = torch.tensor([token_ids], dtype=torch.long, device=device)
RuntimeError: CUDA error: unspecified launch failure
CUDA kernel errors might be asynchronously reported at some other API call, so the stacktrace below might be incorrect.
For debugging consider passing CUDA_LAUNCH_BLOCKING=1
Compile with `TORCH_USE_CUDA_DSA` to enable device-side assertions.

2026-03-15 16:01:52,679 [INFO] src.sweep: [885/915] Running triplet 621a608fa0f28f65 — chain=subagent-f0c9bc56 triplet=12 (prompts 1046→1047→1048)
2026-03-15 16:01:52,793 [ERROR] src.sweep: Triplet experiment 621a608fa0f28f65 failed.
Traceback (most recent call last):
  File "/root/context/ActivationPerturbationAnalysis/src/sweep.py", line 283, in run_sweep
    records = run_triplet_experiment(
  File "/root/context/ActivationPerturbationAnalysis/src/experiment.py", line 299, in run_triplet_experiment
    full_hidden = extract_hidden_states(model, triplet.seq_full_ids)
  File "/usr/local/lib/python3.10/dist-packages/torch/utils/_contextlib.py", line 116, in decorate_context
    return func(*args, **kwargs)
  File "/root/context/ActivationPerturbationAnalysis/src/model.py", line 94, in extract_hidden_states
    input_ids = torch.tensor([token_ids], dtype=torch.long, device=device)
RuntimeError: CUDA error: unspecified launch failure
CUDA kernel errors might be asynchronously reported at some other API call, so the stacktrace below might be incorrect.
For debugging consider passing CUDA_LAUNCH_BLOCKING=1
Compile with `TORCH_USE_CUDA_DSA` to enable device-side assertions.

2026-03-15 16:01:52,793 [INFO] src.sweep: [886/915] Running triplet 8ff7d3c647094b33 — chain=subagent-f5b25a71 triplet=0 (prompts 1049→1050→1051)
2026-03-15 16:01:52,816 [ERROR] src.sweep: Triplet experiment 8ff7d3c647094b33 failed.
Traceback (most recent call last):
  File "/root/context/ActivationPerturbationAnalysis/src/sweep.py", line 283, in run_sweep
    records = run_triplet_experiment(
  File "/root/context/ActivationPerturbationAnalysis/src/experiment.py", line 299, in run_triplet_experiment
    full_hidden = extract_hidden_states(model, triplet.seq_full_ids)
  File "/usr/local/lib/python3.10/dist-packages/torch/utils/_contextlib.py", line 116, in decorate_context
    return func(*args, **kwargs)
  File "/root/context/ActivationPerturbationAnalysis/src/model.py", line 94, in extract_hidden_states
    input_ids = torch.tensor([token_ids], dtype=torch.long, device=device)
RuntimeError: CUDA error: unspecified launch failure
CUDA kernel errors might be asynchronously reported at some other API call, so the stacktrace below might be incorrect.
For debugging consider passing CUDA_LAUNCH_BLOCKING=1
Compile with `TORCH_USE_CUDA_DSA` to enable device-side assertions.

2026-03-15 16:01:52,817 [INFO] src.sweep: [887/915] Running triplet d28fb8b4709281a5 — chain=subagent-f5b25a71 triplet=1 (prompts 1050→1051→1052)
2026-03-15 16:01:52,864 [ERROR] src.sweep: Triplet experiment d28fb8b4709281a5 failed.
Traceback (most recent call last):
  File "/root/context/ActivationPerturbationAnalysis/src/sweep.py", line 283, in run_sweep
    records = run_triplet_experiment(
  File "/root/context/ActivationPerturbationAnalysis/src/experiment.py", line 299, in run_triplet_experiment
    full_hidden = extract_hidden_states(model, triplet.seq_full_ids)
  File "/usr/local/lib/python3.10/dist-packages/torch/utils/_contextlib.py", line 116, in decorate_context
    return func(*args, **kwargs)
  File "/root/context/ActivationPerturbationAnalysis/src/model.py", line 94, in extract_hidden_states
    input_ids = torch.tensor([token_ids], dtype=torch.long, device=device)
RuntimeError: CUDA error: unspecified launch failure
CUDA kernel errors might be asynchronously reported at some other API call, so the stacktrace below might be incorrect.
For debugging consider passing CUDA_LAUNCH_BLOCKING=1
Compile with `TORCH_USE_CUDA_DSA` to enable device-side assertions.

2026-03-15 16:01:52,865 [INFO] src.sweep: [888/915] Running triplet c1e362d7e4b91b67 — chain=subagent-f5b25a71 triplet=2 (prompts 1051→1052→1053)
2026-03-15 16:01:52,936 [ERROR] src.sweep: Triplet experiment c1e362d7e4b91b67 failed.
Traceback (most recent call last):
  File "/root/context/ActivationPerturbationAnalysis/src/sweep.py", line 283, in run_sweep
    records = run_triplet_experiment(
  File "/root/context/ActivationPerturbationAnalysis/src/experiment.py", line 299, in run_triplet_experiment
    full_hidden = extract_hidden_states(model, triplet.seq_full_ids)
  File "/usr/local/lib/python3.10/dist-packages/torch/utils/_contextlib.py", line 116, in decorate_context
    return func(*args, **kwargs)
  File "/root/context/ActivationPerturbationAnalysis/src/model.py", line 94, in extract_hidden_states
    input_ids = torch.tensor([token_ids], dtype=torch.long, device=device)
RuntimeError: CUDA error: unspecified launch failure
CUDA kernel errors might be asynchronously reported at some other API call, so the stacktrace below might be incorrect.
For debugging consider passing CUDA_LAUNCH_BLOCKING=1
Compile with `TORCH_USE_CUDA_DSA` to enable device-side assertions.

2026-03-15 16:01:52,936 [INFO] src.sweep: [889/915] Running triplet f3baaa625086335f — chain=subagent-f5b25a71 triplet=3 (prompts 1052→1053→1054)
2026-03-15 16:01:53,035 [ERROR] src.sweep: Triplet experiment f3baaa625086335f failed.
Traceback (most recent call last):
  File "/root/context/ActivationPerturbationAnalysis/src/sweep.py", line 283, in run_sweep
    records = run_triplet_experiment(
  File "/root/context/ActivationPerturbationAnalysis/src/experiment.py", line 299, in run_triplet_experiment
    full_hidden = extract_hidden_states(model, triplet.seq_full_ids)
  File "/usr/local/lib/python3.10/dist-packages/torch/utils/_contextlib.py", line 116, in decorate_context
    return func(*args, **kwargs)
  File "/root/context/ActivationPerturbationAnalysis/src/model.py", line 94, in extract_hidden_states
    input_ids = torch.tensor([token_ids], dtype=torch.long, device=device)
RuntimeError: CUDA error: unspecified launch failure
CUDA kernel errors might be asynchronously reported at some other API call, so the stacktrace below might be incorrect.
For debugging consider passing CUDA_LAUNCH_BLOCKING=1
Compile with `TORCH_USE_CUDA_DSA` to enable device-side assertions.

2026-03-15 16:01:53,035 [INFO] src.sweep: [890/915] Running triplet 8f575a0c3d01d217 — chain=subagent-fc04bcb8 triplet=0 (prompts 1055→1056→1057)
2026-03-15 16:01:53,046 [ERROR] src.sweep: Triplet experiment 8f575a0c3d01d217 failed.
Traceback (most recent call last):
  File "/root/context/ActivationPerturbationAnalysis/src/sweep.py", line 283, in run_sweep
    records = run_triplet_experiment(
  File "/root/context/ActivationPerturbationAnalysis/src/experiment.py", line 299, in run_triplet_experiment
    full_hidden = extract_hidden_states(model, triplet.seq_full_ids)
  File "/usr/local/lib/python3.10/dist-packages/torch/utils/_contextlib.py", line 116, in decorate_context
    return func(*args, **kwargs)
  File "/root/context/ActivationPerturbationAnalysis/src/model.py", line 94, in extract_hidden_states
    input_ids = torch.tensor([token_ids], dtype=torch.long, device=device)
RuntimeError: CUDA error: unspecified launch failure
CUDA kernel errors might be asynchronously reported at some other API call, so the stacktrace below might be incorrect.
For debugging consider passing CUDA_LAUNCH_BLOCKING=1
Compile with `TORCH_USE_CUDA_DSA` to enable device-side assertions.

2026-03-15 16:01:53,047 [INFO] src.sweep: [891/915] Running triplet 1bc22317db0d5953 — chain=subagent-fc04bcb8 triplet=1 (prompts 1056→1057→1058)
2026-03-15 16:01:53,066 [ERROR] src.sweep: Triplet experiment 1bc22317db0d5953 failed.
Traceback (most recent call last):
  File "/root/context/ActivationPerturbationAnalysis/src/sweep.py", line 283, in run_sweep
    records = run_triplet_experiment(
  File "/root/context/ActivationPerturbationAnalysis/src/experiment.py", line 299, in run_triplet_experiment
    full_hidden = extract_hidden_states(model, triplet.seq_full_ids)
  File "/usr/local/lib/python3.10/dist-packages/torch/utils/_contextlib.py", line 116, in decorate_context
    return func(*args, **kwargs)
  File "/root/context/ActivationPerturbationAnalysis/src/model.py", line 94, in extract_hidden_states
    input_ids = torch.tensor([token_ids], dtype=torch.long, device=device)
RuntimeError: CUDA error: unspecified launch failure
CUDA kernel errors might be asynchronously reported at some other API call, so the stacktrace below might be incorrect.
For debugging consider passing CUDA_LAUNCH_BLOCKING=1
Compile with `TORCH_USE_CUDA_DSA` to enable device-side assertions.

2026-03-15 16:01:53,066 [INFO] src.sweep: [892/915] Running triplet 5ab7c5f485774bcd — chain=subagent-fc04bcb8 triplet=2 (prompts 1057→1058→1059)
2026-03-15 16:01:53,099 [ERROR] src.sweep: Triplet experiment 5ab7c5f485774bcd failed.
Traceback (most recent call last):
  File "/root/context/ActivationPerturbationAnalysis/src/sweep.py", line 283, in run_sweep
    records = run_triplet_experiment(
  File "/root/context/ActivationPerturbationAnalysis/src/experiment.py", line 299, in run_triplet_experiment
    full_hidden = extract_hidden_states(model, triplet.seq_full_ids)
  File "/usr/local/lib/python3.10/dist-packages/torch/utils/_contextlib.py", line 116, in decorate_context
    return func(*args, **kwargs)
  File "/root/context/ActivationPerturbationAnalysis/src/model.py", line 94, in extract_hidden_states
    input_ids = torch.tensor([token_ids], dtype=torch.long, device=device)
RuntimeError: CUDA error: unspecified launch failure
CUDA kernel errors might be asynchronously reported at some other API call, so the stacktrace below might be incorrect.
For debugging consider passing CUDA_LAUNCH_BLOCKING=1
Compile with `TORCH_USE_CUDA_DSA` to enable device-side assertions.

2026-03-15 16:01:53,099 [INFO] src.sweep: [893/915] Running triplet daf05a1fbd584f62 — chain=subagent-fc04bcb8 triplet=3 (prompts 1058→1059→1060)
2026-03-15 16:01:53,147 [ERROR] src.sweep: Triplet experiment daf05a1fbd584f62 failed.
Traceback (most recent call last):
  File "/root/context/ActivationPerturbationAnalysis/src/sweep.py", line 283, in run_sweep
    records = run_triplet_experiment(
  File "/root/context/ActivationPerturbationAnalysis/src/experiment.py", line 299, in run_triplet_experiment
    full_hidden = extract_hidden_states(model, triplet.seq_full_ids)
  File "/usr/local/lib/python3.10/dist-packages/torch/utils/_contextlib.py", line 116, in decorate_context
    return func(*args, **kwargs)
  File "/root/context/ActivationPerturbationAnalysis/src/model.py", line 94, in extract_hidden_states
    input_ids = torch.tensor([token_ids], dtype=torch.long, device=device)
RuntimeError: CUDA error: unspecified launch failure
CUDA kernel errors might be asynchronously reported at some other API call, so the stacktrace below might be incorrect.
For debugging consider passing CUDA_LAUNCH_BLOCKING=1
Compile with `TORCH_USE_CUDA_DSA` to enable device-side assertions.

2026-03-15 16:01:53,147 [INFO] src.sweep: [894/915] Running triplet f9fd26d9f0908b6d — chain=subagent-fc04bcb8 triplet=4 (prompts 1059→1060→1061)
2026-03-15 16:01:53,206 [ERROR] src.sweep: Triplet experiment f9fd26d9f0908b6d failed.
Traceback (most recent call last):
  File "/root/context/ActivationPerturbationAnalysis/src/sweep.py", line 283, in run_sweep
    records = run_triplet_experiment(
  File "/root/context/ActivationPerturbationAnalysis/src/experiment.py", line 299, in run_triplet_experiment
    full_hidden = extract_hidden_states(model, triplet.seq_full_ids)
  File "/usr/local/lib/python3.10/dist-packages/torch/utils/_contextlib.py", line 116, in decorate_context
    return func(*args, **kwargs)
  File "/root/context/ActivationPerturbationAnalysis/src/model.py", line 94, in extract_hidden_states
    input_ids = torch.tensor([token_ids], dtype=torch.long, device=device)
RuntimeError: CUDA error: unspecified launch failure
CUDA kernel errors might be asynchronously reported at some other API call, so the stacktrace below might be incorrect.
For debugging consider passing CUDA_LAUNCH_BLOCKING=1
Compile with `TORCH_USE_CUDA_DSA` to enable device-side assertions.

2026-03-15 16:01:53,207 [INFO] src.sweep: [895/915] Running triplet 9876268d7a882eb7 — chain=subagent-fc04bcb8 triplet=5 (prompts 1060→1061→1062)
2026-03-15 16:01:53,274 [ERROR] src.sweep: Triplet experiment 9876268d7a882eb7 failed.
Traceback (most recent call last):
  File "/root/context/ActivationPerturbationAnalysis/src/sweep.py", line 283, in run_sweep
    records = run_triplet_experiment(
  File "/root/context/ActivationPerturbationAnalysis/src/experiment.py", line 299, in run_triplet_experiment
    full_hidden = extract_hidden_states(model, triplet.seq_full_ids)
  File "/usr/local/lib/python3.10/dist-packages/torch/utils/_contextlib.py", line 116, in decorate_context
    return func(*args, **kwargs)
  File "/root/context/ActivationPerturbationAnalysis/src/model.py", line 94, in extract_hidden_states
    input_ids = torch.tensor([token_ids], dtype=torch.long, device=device)
RuntimeError: CUDA error: unspecified launch failure
CUDA kernel errors might be asynchronously reported at some other API call, so the stacktrace below might be incorrect.
For debugging consider passing CUDA_LAUNCH_BLOCKING=1
Compile with `TORCH_USE_CUDA_DSA` to enable device-side assertions.

2026-03-15 16:01:53,274 [INFO] src.sweep: [896/915] Running triplet 7abfab2b29b0a3fc — chain=subagent-fc04bcb8 triplet=6 (prompts 1061→1062→1063)
2026-03-15 16:01:53,349 [ERROR] src.sweep: Triplet experiment 7abfab2b29b0a3fc failed.
Traceback (most recent call last):
  File "/root/context/ActivationPerturbationAnalysis/src/sweep.py", line 283, in run_sweep
    records = run_triplet_experiment(
  File "/root/context/ActivationPerturbationAnalysis/src/experiment.py", line 299, in run_triplet_experiment
    full_hidden = extract_hidden_states(model, triplet.seq_full_ids)
  File "/usr/local/lib/python3.10/dist-packages/torch/utils/_contextlib.py", line 116, in decorate_context
    return func(*args, **kwargs)
  File "/root/context/ActivationPerturbationAnalysis/src/model.py", line 94, in extract_hidden_states
    input_ids = torch.tensor([token_ids], dtype=torch.long, device=device)
RuntimeError: CUDA error: unspecified launch failure
CUDA kernel errors might be asynchronously reported at some other API call, so the stacktrace below might be incorrect.
For debugging consider passing CUDA_LAUNCH_BLOCKING=1
Compile with `TORCH_USE_CUDA_DSA` to enable device-side assertions.

2026-03-15 16:01:53,349 [INFO] src.sweep: [897/915] Running triplet b558cc94d8aa19fc — chain=subagent-fc04bcb8 triplet=7 (prompts 1062→1063→1064)
2026-03-15 16:01:53,436 [ERROR] src.sweep: Triplet experiment b558cc94d8aa19fc failed.
Traceback (most recent call last):
  File "/root/context/ActivationPerturbationAnalysis/src/sweep.py", line 283, in run_sweep
    records = run_triplet_experiment(
  File "/root/context/ActivationPerturbationAnalysis/src/experiment.py", line 299, in run_triplet_experiment
    full_hidden = extract_hidden_states(model, triplet.seq_full_ids)
  File "/usr/local/lib/python3.10/dist-packages/torch/utils/_contextlib.py", line 116, in decorate_context
    return func(*args, **kwargs)
  File "/root/context/ActivationPerturbationAnalysis/src/model.py", line 94, in extract_hidden_states
    input_ids = torch.tensor([token_ids], dtype=torch.long, device=device)
RuntimeError: CUDA error: unspecified launch failure
CUDA kernel errors might be asynchronously reported at some other API call, so the stacktrace below might be incorrect.
For debugging consider passing CUDA_LAUNCH_BLOCKING=1
Compile with `TORCH_USE_CUDA_DSA` to enable device-side assertions.

2026-03-15 16:01:53,436 [INFO] src.sweep: [898/915] Running triplet d68d57d443f307c9 — chain=subagent-fc04bcb8 triplet=8 (prompts 1063→1064→1065)
2026-03-15 16:01:53,534 [ERROR] src.sweep: Triplet experiment d68d57d443f307c9 failed.
Traceback (most recent call last):
  File "/root/context/ActivationPerturbationAnalysis/src/sweep.py", line 283, in run_sweep
    records = run_triplet_experiment(
  File "/root/context/ActivationPerturbationAnalysis/src/experiment.py", line 299, in run_triplet_experiment
    full_hidden = extract_hidden_states(model, triplet.seq_full_ids)
  File "/usr/local/lib/python3.10/dist-packages/torch/utils/_contextlib.py", line 116, in decorate_context
    return func(*args, **kwargs)
  File "/root/context/ActivationPerturbationAnalysis/src/model.py", line 94, in extract_hidden_states
    input_ids = torch.tensor([token_ids], dtype=torch.long, device=device)
RuntimeError: CUDA error: unspecified launch failure
CUDA kernel errors might be asynchronously reported at some other API call, so the stacktrace below might be incorrect.
For debugging consider passing CUDA_LAUNCH_BLOCKING=1
Compile with `TORCH_USE_CUDA_DSA` to enable device-side assertions.

2026-03-15 16:01:53,534 [INFO] src.sweep: [899/915] Running triplet 9b374310273c7fc7 — chain=subagent-fc04bcb8 triplet=9 (prompts 1064→1065→1066)
2026-03-15 16:01:53,648 [ERROR] src.sweep: Triplet experiment 9b374310273c7fc7 failed.
Traceback (most recent call last):
  File "/root/context/ActivationPerturbationAnalysis/src/sweep.py", line 283, in run_sweep
    records = run_triplet_experiment(
  File "/root/context/ActivationPerturbationAnalysis/src/experiment.py", line 299, in run_triplet_experiment
    full_hidden = extract_hidden_states(model, triplet.seq_full_ids)
  File "/usr/local/lib/python3.10/dist-packages/torch/utils/_contextlib.py", line 116, in decorate_context
    return func(*args, **kwargs)
  File "/root/context/ActivationPerturbationAnalysis/src/model.py", line 94, in extract_hidden_states
    input_ids = torch.tensor([token_ids], dtype=torch.long, device=device)
RuntimeError: CUDA error: unspecified launch failure
CUDA kernel errors might be asynchronously reported at some other API call, so the stacktrace below might be incorrect.
For debugging consider passing CUDA_LAUNCH_BLOCKING=1
Compile with `TORCH_USE_CUDA_DSA` to enable device-side assertions.

2026-03-15 16:01:53,648 [INFO] src.sweep: [900/915] Running triplet 093224208bef50df — chain=subagent-fc04bcb8 triplet=10 (prompts 1065→1066→1067)
2026-03-15 16:01:53,775 [ERROR] src.sweep: Triplet experiment 093224208bef50df failed.
Traceback (most recent call last):
  File "/root/context/ActivationPerturbationAnalysis/src/sweep.py", line 283, in run_sweep
    records = run_triplet_experiment(
  File "/root/context/ActivationPerturbationAnalysis/src/experiment.py", line 299, in run_triplet_experiment
    full_hidden = extract_hidden_states(model, triplet.seq_full_ids)
  File "/usr/local/lib/python3.10/dist-packages/torch/utils/_contextlib.py", line 116, in decorate_context
    return func(*args, **kwargs)
  File "/root/context/ActivationPerturbationAnalysis/src/model.py", line 94, in extract_hidden_states
    input_ids = torch.tensor([token_ids], dtype=torch.long, device=device)
RuntimeError: CUDA error: unspecified launch failure
CUDA kernel errors might be asynchronously reported at some other API call, so the stacktrace below might be incorrect.
For debugging consider passing CUDA_LAUNCH_BLOCKING=1
Compile with `TORCH_USE_CUDA_DSA` to enable device-side assertions.

2026-03-15 16:01:53,775 [INFO] src.sweep: [901/915] Running triplet 0e4e3bdcc0c03a74 — chain=subagent-fc04bcb8 triplet=11 (prompts 1066→1067→1068)
2026-03-15 16:01:53,910 [ERROR] src.sweep: Triplet experiment 0e4e3bdcc0c03a74 failed.
Traceback (most recent call last):
  File "/root/context/ActivationPerturbationAnalysis/src/sweep.py", line 283, in run_sweep
    records = run_triplet_experiment(
  File "/root/context/ActivationPerturbationAnalysis/src/experiment.py", line 299, in run_triplet_experiment
    full_hidden = extract_hidden_states(model, triplet.seq_full_ids)
  File "/usr/local/lib/python3.10/dist-packages/torch/utils/_contextlib.py", line 116, in decorate_context
    return func(*args, **kwargs)
  File "/root/context/ActivationPerturbationAnalysis/src/model.py", line 94, in extract_hidden_states
    input_ids = torch.tensor([token_ids], dtype=torch.long, device=device)
RuntimeError: CUDA error: unspecified launch failure
CUDA kernel errors might be asynchronously reported at some other API call, so the stacktrace below might be incorrect.
For debugging consider passing CUDA_LAUNCH_BLOCKING=1
Compile with `TORCH_USE_CUDA_DSA` to enable device-side assertions.

2026-03-15 16:01:53,911 [INFO] src.sweep: [902/915] Running triplet 8e5e46e9cc7a91ea — chain=subagent-fc04bcb8 triplet=12 (prompts 1067→1068→1069)
2026-03-15 16:01:54,060 [ERROR] src.sweep: Triplet experiment 8e5e46e9cc7a91ea failed.
Traceback (most recent call last):
  File "/root/context/ActivationPerturbationAnalysis/src/sweep.py", line 283, in run_sweep
    records = run_triplet_experiment(
  File "/root/context/ActivationPerturbationAnalysis/src/experiment.py", line 299, in run_triplet_experiment
    full_hidden = extract_hidden_states(model, triplet.seq_full_ids)
  File "/usr/local/lib/python3.10/dist-packages/torch/utils/_contextlib.py", line 116, in decorate_context
    return func(*args, **kwargs)
  File "/root/context/ActivationPerturbationAnalysis/src/model.py", line 94, in extract_hidden_states
    input_ids = torch.tensor([token_ids], dtype=torch.long, device=device)
RuntimeError: CUDA error: unspecified launch failure
CUDA kernel errors might be asynchronously reported at some other API call, so the stacktrace below might be incorrect.
For debugging consider passing CUDA_LAUNCH_BLOCKING=1
Compile with `TORCH_USE_CUDA_DSA` to enable device-side assertions.

2026-03-15 16:01:54,061 [INFO] src.sweep: [903/915] Running triplet 5185fd9882984d7d — chain=subagent-fea410e2 triplet=0 (prompts 1070→1071→1072)
2026-03-15 16:01:54,070 [ERROR] src.sweep: Triplet experiment 5185fd9882984d7d failed.
Traceback (most recent call last):
  File "/root/context/ActivationPerturbationAnalysis/src/sweep.py", line 283, in run_sweep
    records = run_triplet_experiment(
  File "/root/context/ActivationPerturbationAnalysis/src/experiment.py", line 299, in run_triplet_experiment
    full_hidden = extract_hidden_states(model, triplet.seq_full_ids)
  File "/usr/local/lib/python3.10/dist-packages/torch/utils/_contextlib.py", line 116, in decorate_context
    return func(*args, **kwargs)
  File "/root/context/ActivationPerturbationAnalysis/src/model.py", line 94, in extract_hidden_states
    input_ids = torch.tensor([token_ids], dtype=torch.long, device=device)
RuntimeError: CUDA error: unspecified launch failure
CUDA kernel errors might be asynchronously reported at some other API call, so the stacktrace below might be incorrect.
For debugging consider passing CUDA_LAUNCH_BLOCKING=1
Compile with `TORCH_USE_CUDA_DSA` to enable device-side assertions.

2026-03-15 16:01:54,071 [INFO] src.sweep: [904/915] Running triplet d8bad30baeea76e6 — chain=subagent-fea410e2 triplet=1 (prompts 1071→1072→1073)
2026-03-15 16:01:54,086 [ERROR] src.sweep: Triplet experiment d8bad30baeea76e6 failed.
Traceback (most recent call last):
  File "/root/context/ActivationPerturbationAnalysis/src/sweep.py", line 283, in run_sweep
    records = run_triplet_experiment(
  File "/root/context/ActivationPerturbationAnalysis/src/experiment.py", line 299, in run_triplet_experiment
    full_hidden = extract_hidden_states(model, triplet.seq_full_ids)
  File "/usr/local/lib/python3.10/dist-packages/torch/utils/_contextlib.py", line 116, in decorate_context
    return func(*args, **kwargs)
  File "/root/context/ActivationPerturbationAnalysis/src/model.py", line 94, in extract_hidden_states
    input_ids = torch.tensor([token_ids], dtype=torch.long, device=device)
RuntimeError: CUDA error: unspecified launch failure
CUDA kernel errors might be asynchronously reported at some other API call, so the stacktrace below might be incorrect.
For debugging consider passing CUDA_LAUNCH_BLOCKING=1
Compile with `TORCH_USE_CUDA_DSA` to enable device-side assertions.

2026-03-15 16:01:54,086 [INFO] src.sweep: [905/915] Running triplet 26f05e2bcb67e863 — chain=subagent-fea410e2 triplet=2 (prompts 1072→1073→1074)
2026-03-15 16:01:54,110 [ERROR] src.sweep: Triplet experiment 26f05e2bcb67e863 failed.
Traceback (most recent call last):
  File "/root/context/ActivationPerturbationAnalysis/src/sweep.py", line 283, in run_sweep
    records = run_triplet_experiment(
  File "/root/context/ActivationPerturbationAnalysis/src/experiment.py", line 299, in run_triplet_experiment
    full_hidden = extract_hidden_states(model, triplet.seq_full_ids)
  File "/usr/local/lib/python3.10/dist-packages/torch/utils/_contextlib.py", line 116, in decorate_context
    return func(*args, **kwargs)
  File "/root/context/ActivationPerturbationAnalysis/src/model.py", line 94, in extract_hidden_states
    input_ids = torch.tensor([token_ids], dtype=torch.long, device=device)
RuntimeError: CUDA error: unspecified launch failure
CUDA kernel errors might be asynchronously reported at some other API call, so the stacktrace below might be incorrect.
For debugging consider passing CUDA_LAUNCH_BLOCKING=1
Compile with `TORCH_USE_CUDA_DSA` to enable device-side assertions.

2026-03-15 16:01:54,110 [INFO] src.sweep: [906/915] Running triplet cce13915efe58497 — chain=subagent-fea410e2 triplet=3 (prompts 1073→1074→1075)
2026-03-15 16:01:54,141 [ERROR] src.sweep: Triplet experiment cce13915efe58497 failed.
Traceback (most recent call last):
  File "/root/context/ActivationPerturbationAnalysis/src/sweep.py", line 283, in run_sweep
    records = run_triplet_experiment(
  File "/root/context/ActivationPerturbationAnalysis/src/experiment.py", line 299, in run_triplet_experiment
    full_hidden = extract_hidden_states(model, triplet.seq_full_ids)
  File "/usr/local/lib/python3.10/dist-packages/torch/utils/_contextlib.py", line 116, in decorate_context
    return func(*args, **kwargs)
  File "/root/context/ActivationPerturbationAnalysis/src/model.py", line 94, in extract_hidden_states
    input_ids = torch.tensor([token_ids], dtype=torch.long, device=device)
RuntimeError: CUDA error: unspecified launch failure
CUDA kernel errors might be asynchronously reported at some other API call, so the stacktrace below might be incorrect.
For debugging consider passing CUDA_LAUNCH_BLOCKING=1
Compile with `TORCH_USE_CUDA_DSA` to enable device-side assertions.

2026-03-15 16:01:54,141 [INFO] src.sweep: [907/915] Running triplet 4b0c915060ae4060 — chain=subagent-fea410e2 triplet=4 (prompts 1074→1075→1076)
2026-03-15 16:01:54,179 [ERROR] src.sweep: Triplet experiment 4b0c915060ae4060 failed.
Traceback (most recent call last):
  File "/root/context/ActivationPerturbationAnalysis/src/sweep.py", line 283, in run_sweep
    records = run_triplet_experiment(
  File "/root/context/ActivationPerturbationAnalysis/src/experiment.py", line 299, in run_triplet_experiment
    full_hidden = extract_hidden_states(model, triplet.seq_full_ids)
  File "/usr/local/lib/python3.10/dist-packages/torch/utils/_contextlib.py", line 116, in decorate_context
    return func(*args, **kwargs)
  File "/root/context/ActivationPerturbationAnalysis/src/model.py", line 94, in extract_hidden_states
    input_ids = torch.tensor([token_ids], dtype=torch.long, device=device)
RuntimeError: CUDA error: unspecified launch failure
CUDA kernel errors might be asynchronously reported at some other API call, so the stacktrace below might be incorrect.
For debugging consider passing CUDA_LAUNCH_BLOCKING=1
Compile with `TORCH_USE_CUDA_DSA` to enable device-side assertions.

2026-03-15 16:01:54,180 [INFO] src.sweep: [908/915] Running triplet d724029d83beafe1 — chain=subagent-fea410e2 triplet=5 (prompts 1075→1076→1077)
2026-03-15 16:01:54,224 [ERROR] src.sweep: Triplet experiment d724029d83beafe1 failed.
Traceback (most recent call last):
  File "/root/context/ActivationPerturbationAnalysis/src/sweep.py", line 283, in run_sweep
    records = run_triplet_experiment(
  File "/root/context/ActivationPerturbationAnalysis/src/experiment.py", line 299, in run_triplet_experiment
    full_hidden = extract_hidden_states(model, triplet.seq_full_ids)
  File "/usr/local/lib/python3.10/dist-packages/torch/utils/_contextlib.py", line 116, in decorate_context
    return func(*args, **kwargs)
  File "/root/context/ActivationPerturbationAnalysis/src/model.py", line 94, in extract_hidden_states
    input_ids = torch.tensor([token_ids], dtype=torch.long, device=device)
RuntimeError: CUDA error: unspecified launch failure
CUDA kernel errors might be asynchronously reported at some other API call, so the stacktrace below might be incorrect.
For debugging consider passing CUDA_LAUNCH_BLOCKING=1
Compile with `TORCH_USE_CUDA_DSA` to enable device-side assertions.

2026-03-15 16:01:54,224 [INFO] src.sweep: [909/915] Running triplet df8caef02ea4359c — chain=subagent-fea410e2 triplet=6 (prompts 1076→1077→1078)
2026-03-15 16:01:54,275 [ERROR] src.sweep: Triplet experiment df8caef02ea4359c failed.
Traceback (most recent call last):
  File "/root/context/ActivationPerturbationAnalysis/src/sweep.py", line 283, in run_sweep
    records = run_triplet_experiment(
  File "/root/context/ActivationPerturbationAnalysis/src/experiment.py", line 299, in run_triplet_experiment
    full_hidden = extract_hidden_states(model, triplet.seq_full_ids)
  File "/usr/local/lib/python3.10/dist-packages/torch/utils/_contextlib.py", line 116, in decorate_context
    return func(*args, **kwargs)
  File "/root/context/ActivationPerturbationAnalysis/src/model.py", line 94, in extract_hidden_states
    input_ids = torch.tensor([token_ids], dtype=torch.long, device=device)
RuntimeError: CUDA error: unspecified launch failure
CUDA kernel errors might be asynchronously reported at some other API call, so the stacktrace below might be incorrect.
For debugging consider passing CUDA_LAUNCH_BLOCKING=1
Compile with `TORCH_USE_CUDA_DSA` to enable device-side assertions.

2026-03-15 16:01:54,275 [INFO] src.sweep: [910/915] Running triplet 8315a2198e56aa6e — chain=subagent-fea410e2 triplet=7 (prompts 1077→1078→1079)
2026-03-15 16:01:54,333 [ERROR] src.sweep: Triplet experiment 8315a2198e56aa6e failed.
Traceback (most recent call last):
  File "/root/context/ActivationPerturbationAnalysis/src/sweep.py", line 283, in run_sweep
    records = run_triplet_experiment(
  File "/root/context/ActivationPerturbationAnalysis/src/experiment.py", line 299, in run_triplet_experiment
    full_hidden = extract_hidden_states(model, triplet.seq_full_ids)
  File "/usr/local/lib/python3.10/dist-packages/torch/utils/_contextlib.py", line 116, in decorate_context
    return func(*args, **kwargs)
  File "/root/context/ActivationPerturbationAnalysis/src/model.py", line 94, in extract_hidden_states
    input_ids = torch.tensor([token_ids], dtype=torch.long, device=device)
RuntimeError: CUDA error: unspecified launch failure
CUDA kernel errors might be asynchronously reported at some other API call, so the stacktrace below might be incorrect.
For debugging consider passing CUDA_LAUNCH_BLOCKING=1
Compile with `TORCH_USE_CUDA_DSA` to enable device-side assertions.

2026-03-15 16:01:54,333 [INFO] src.sweep: [911/915] Running triplet 0542112ddce10dc6 — chain=subagent-fea410e2 triplet=8 (prompts 1078→1079→1080)
2026-03-15 16:01:54,397 [ERROR] src.sweep: Triplet experiment 0542112ddce10dc6 failed.
Traceback (most recent call last):
  File "/root/context/ActivationPerturbationAnalysis/src/sweep.py", line 283, in run_sweep
    records = run_triplet_experiment(
  File "/root/context/ActivationPerturbationAnalysis/src/experiment.py", line 299, in run_triplet_experiment
    full_hidden = extract_hidden_states(model, triplet.seq_full_ids)
  File "/usr/local/lib/python3.10/dist-packages/torch/utils/_contextlib.py", line 116, in decorate_context
    return func(*args, **kwargs)
  File "/root/context/ActivationPerturbationAnalysis/src/model.py", line 94, in extract_hidden_states
    input_ids = torch.tensor([token_ids], dtype=torch.long, device=device)
RuntimeError: CUDA error: unspecified launch failure
CUDA kernel errors might be asynchronously reported at some other API call, so the stacktrace below might be incorrect.
For debugging consider passing CUDA_LAUNCH_BLOCKING=1
Compile with `TORCH_USE_CUDA_DSA` to enable device-side assertions.

2026-03-15 16:01:54,397 [INFO] src.sweep: [912/915] Running triplet de20822c74162b78 — chain=subagent-fea410e2 triplet=9 (prompts 1079→1080→1081)
2026-03-15 16:01:54,468 [ERROR] src.sweep: Triplet experiment de20822c74162b78 failed.
Traceback (most recent call last):
  File "/root/context/ActivationPerturbationAnalysis/src/sweep.py", line 283, in run_sweep
    records = run_triplet_experiment(
  File "/root/context/ActivationPerturbationAnalysis/src/experiment.py", line 299, in run_triplet_experiment
    full_hidden = extract_hidden_states(model, triplet.seq_full_ids)
  File "/usr/local/lib/python3.10/dist-packages/torch/utils/_contextlib.py", line 116, in decorate_context
    return func(*args, **kwargs)
  File "/root/context/ActivationPerturbationAnalysis/src/model.py", line 94, in extract_hidden_states
    input_ids = torch.tensor([token_ids], dtype=torch.long, device=device)
RuntimeError: CUDA error: unspecified launch failure
CUDA kernel errors might be asynchronously reported at some other API call, so the stacktrace below might be incorrect.
For debugging consider passing CUDA_LAUNCH_BLOCKING=1
Compile with `TORCH_USE_CUDA_DSA` to enable device-side assertions.

2026-03-15 16:01:54,469 [INFO] src.sweep: [913/915] Running triplet 24e62ec2c56cf7a7 — chain=subagent-fea410e2 triplet=10 (prompts 1080→1081→1082)
2026-03-15 16:01:54,546 [ERROR] src.sweep: Triplet experiment 24e62ec2c56cf7a7 failed.
Traceback (most recent call last):
  File "/root/context/ActivationPerturbationAnalysis/src/sweep.py", line 283, in run_sweep
    records = run_triplet_experiment(
  File "/root/context/ActivationPerturbationAnalysis/src/experiment.py", line 299, in run_triplet_experiment
    full_hidden = extract_hidden_states(model, triplet.seq_full_ids)
  File "/usr/local/lib/python3.10/dist-packages/torch/utils/_contextlib.py", line 116, in decorate_context
    return func(*args, **kwargs)
  File "/root/context/ActivationPerturbationAnalysis/src/model.py", line 94, in extract_hidden_states
    input_ids = torch.tensor([token_ids], dtype=torch.long, device=device)
RuntimeError: CUDA error: unspecified launch failure
CUDA kernel errors might be asynchronously reported at some other API call, so the stacktrace below might be incorrect.
For debugging consider passing CUDA_LAUNCH_BLOCKING=1
Compile with `TORCH_USE_CUDA_DSA` to enable device-side assertions.

2026-03-15 16:01:54,547 [INFO] src.sweep: [914/915] Running triplet 617e5762c42fe280 — chain=subagent-fea410e2 triplet=11 (prompts 1081→1082→1083)
2026-03-15 16:01:54,634 [ERROR] src.sweep: Triplet experiment 617e5762c42fe280 failed.
Traceback (most recent call last):
  File "/root/context/ActivationPerturbationAnalysis/src/sweep.py", line 283, in run_sweep
    records = run_triplet_experiment(
  File "/root/context/ActivationPerturbationAnalysis/src/experiment.py", line 299, in run_triplet_experiment
    full_hidden = extract_hidden_states(model, triplet.seq_full_ids)
  File "/usr/local/lib/python3.10/dist-packages/torch/utils/_contextlib.py", line 116, in decorate_context
    return func(*args, **kwargs)
  File "/root/context/ActivationPerturbationAnalysis/src/model.py", line 94, in extract_hidden_states
    input_ids = torch.tensor([token_ids], dtype=torch.long, device=device)
RuntimeError: CUDA error: unspecified launch failure
CUDA kernel errors might be asynchronously reported at some other API call, so the stacktrace below might be incorrect.
For debugging consider passing CUDA_LAUNCH_BLOCKING=1
Compile with `TORCH_USE_CUDA_DSA` to enable device-side assertions.

2026-03-15 16:01:54,635 [INFO] src.sweep: [915/915] Running triplet 738a1134c89752cf — chain=subagent-fea410e2 triplet=12 (prompts 1082→1083→1084)
2026-03-15 16:01:54,737 [ERROR] src.sweep: Triplet experiment 738a1134c89752cf failed.
Traceback (most recent call last):
  File "/root/context/ActivationPerturbationAnalysis/src/sweep.py", line 283, in run_sweep
    records = run_triplet_experiment(
  File "/root/context/ActivationPerturbationAnalysis/src/experiment.py", line 299, in run_triplet_experiment
    full_hidden = extract_hidden_states(model, triplet.seq_full_ids)
  File "/usr/local/lib/python3.10/dist-packages/torch/utils/_contextlib.py", line 116, in decorate_context
    return func(*args, **kwargs)
  File "/root/context/ActivationPerturbationAnalysis/src/model.py", line 94, in extract_hidden_states
    input_ids = torch.tensor([token_ids], dtype=torch.long, device=device)
RuntimeError: CUDA error: unspecified launch failure
CUDA kernel errors might be asynchronously reported at some other API call, so the stacktrace below might be incorrect.
For debugging consider passing CUDA_LAUNCH_BLOCKING=1
Compile with `TORCH_USE_CUDA_DSA` to enable device-side assertions.

2026-03-15 16:01:54,744 [INFO] src.storage: Flushed 910 records to Qwen2.5-32B-prompt-diff-results/results_part_000076.parquet.
2026-03-15 16:01:54,745 [INFO] src.sweep: Sweep complete. 915 experiments in 7611.5 s.
